# Frame list with one line of data per frame:
#   FRAME_ID, RIG_ID, RIG_FROM_WORLD[QW, QX, QY, QZ, TX, TY, TZ], NUM_DATA_IDS, DATA_IDS[] as (SENSOR_TYPE, SENSOR_ID, DATA_ID)
# Number of frames: 1487
1 1 0.98947494231854249 -0.069492983013892645 0.12210230153837988 -0.03465677126592373 -5.2225182037824966 -1.5164506079183664 2.9051276369480443 1 CAMERA 1 1
2 1 0.9867126201334131 -0.095003795294681281 0.12337904830234445 -0.046369112446423506 -5.2357110423412596 -1.266698414167891 2.9996083705645895 1 CAMERA 1 2
3 1 0.98858012886371549 -0.092811370873537691 0.11373550323678193 -0.034053099063821611 -5.2520082254593783 -1.4219772895521234 2.9001118113598294 1 CAMERA 1 3
4 1 0.99332232221790162 -0.029055311665814969 0.11053967815087705 -0.015733168846039331 -5.2377271045062432 -1.9064114026388235 2.6367110861183982 1 CAMERA 1 4
5 1 0.99423071625570725 0.01668370636550958 0.10594293697648642 -0.0017409481236034655 -5.2255850482933504 -2.2376536862225609 2.3877711245295177 1 CAMERA 1 5
6 1 0.99477801208696448 0.019581669382016709 0.10015706929029183 0.0013514302425092415 -5.2407800252656838 -2.2812673754792399 2.3096510030405839 1 CAMERA 1 6
7 1 0.99577387776745252 -0.0044218468952329391 0.091610523663555904 -0.0047268996281748434 -5.29733277961786 -2.1267472660670275 2.3275679860520651 1 CAMERA 1 7
8 1 0.99685170866152217 -0.011629160806493092 0.07739387267894314 -0.012713065298980567 -5.3927525112355985 -2.0130748878144571 2.2096297966857423 1 CAMERA 1 8
9 1 0.99716267529918767 0.00030939716777385193 0.071198022695342505 -0.024440638858940801 -5.4714825301823273 -1.9245449795730822 2.0962257843586785 1 CAMERA 1 9
10 1 0.99717794237584634 -0.019926785138923511 0.068656244526087651 0.022921486877483441 -5.2698380733927452 -2.3771604346728377 2.1476618222255568 1 CAMERA 1 10
11 1 0.99710334691846902 -0.026543126107632924 0.069527247794278685 0.01569521693302019 -5.2974686528888846 -2.27447162988565 2.1884842225631531 1 CAMERA 1 11
12 1 0.9955853859768129 -0.026583202848571231 0.086480575130797238 -0.024983648267591817 -5.3952485951413758 -1.8202330517259278 2.3719466047175946 1 CAMERA 1 12
13 1 0.9950815080669716 0.01465976690999975 0.097292665173398463 -0.011490032235081609 -5.3100709579028411 -2.1228896912504536 2.3101526001883994 1 CAMERA 1 13
14 1 0.99410900428214244 -0.010375424832427838 0.10350898669261971 -0.030422489026722802 -5.3415494728405557 -1.8184136525546091 2.4893058171345714 1 CAMERA 1 14
15 1 0.991298165542146 0.015124001635464658 0.12383900311370168 -0.041989437661287446 -5.2932756781074186 -1.7920784477692953 2.6082569823856696 1 CAMERA 1 15
16 1 0.99274838309521296 0.011352849204904328 0.11709724769349236 -0.02469808209922085 -5.2625091962419877 -1.9708811123668657 2.5438407854737015 1 CAMERA 1 16
17 1 0.99236810189242364 0.01329145029840539 0.12091706671719264 -0.020197788787471284 -5.2260834732927615 -2.0298163349910276 2.5748460947717349 1 CAMERA 1 17
18 1 0.9920475891747309 0.00049826090516221573 0.1214890404426351 -0.032889901200863755 -5.2640918949954596 -1.8412849632555508 2.6397043381045839 1 CAMERA 1 18
19 1 0.99455300129810387 -0.0266561162920925 0.097746666469525151 -0.024481998841023363 -5.3382530832229191 -1.8300969908704479 2.491451030358752 1 CAMERA 1 19
20 1 0.99704681406711981 -0.033948210991716923 0.05784147897734495 -0.037410330642504333 -5.5581174722993261 -1.6690944613348218 2.0856813689917351 1 CAMERA 1 20
21 1 0.9977322976239279 -0.039740703049723561 0.040230784398129757 -0.036502366853435123 -5.6163982187551067 -1.6648781248196156 1.9138349210795926 1 CAMERA 1 21
22 1 0.99705486924432818 -0.067285119856177314 -0.012772128240917011 -0.034513375701503271 -5.7683681502151023 -1.6256077508782023 1.4220026197925768 1 CAMERA 1 22
23 1 0.99566629071208279 -0.076189009356115972 -0.028310667086889382 -0.045192682173902925 -5.8379327359069606 -1.4875648603200418 1.2663339653979677 1 CAMERA 1 23
24 1 0.99520036673434964 -0.072788287598629903 -0.036591434774583265 -0.054214040076466179 -5.8806310727226938 -1.4004210481175299 1.149580134540358 1 CAMERA 1 24
25 1 0.99404753195978957 -0.080222718143311861 -0.051914939339526685 -0.052332196320461322 -5.9019496775052982 -1.4156328570043057 0.99975154939475386 1 CAMERA 1 25
26 1 0.99288101004287876 -0.085991618184974916 -0.062550674409190848 -0.053667072112402812 -5.9235795965074018 -1.3961542220538874 0.89389605924320581 1 CAMERA 1 26
27 1 0.99346444611307505 -0.079498802217102468 -0.060798736645877885 -0.054880309561374845 -5.9229407388321071 -1.3994596329104689 0.89042878060885722 1 CAMERA 1 27
28 1 0.99326380748347642 -0.08341268679938052 -0.061012045922742418 -0.05241052066767684 -5.9163798601779076 -1.4192994455363688 0.90202048045226524 1 CAMERA 1 28
29 1 0.99066543598198176 -0.10772127459300425 -0.068379649824699074 -0.047982751489885511 -5.9163900965176275 -1.4147637927796326 0.8998104688065538 1 CAMERA 1 29
30 1 0.99157782304901454 -0.098091047149181015 -0.064150810019821772 -0.055102095063210579 -5.9284258382635446 -1.3530364358844786 0.90325976115951812 1 CAMERA 1 30
31 1 0.994954933635532 -0.064561926530347091 -0.054073751531331059 -0.054520336318958015 -5.907363581861004 -1.4376386676797321 0.90573694395193194 1 CAMERA 1 31
32 1 0.99464789206604276 -0.072799328488786355 -0.049020181695056335 -0.054523851356477304 -5.8993806430261424 -1.4127536303904134 0.99257935814539044 1 CAMERA 1 32
33 1 0.99568700932801457 -0.072773189996421767 -0.021180928765311611 -0.053505238339978008 -5.8399454785170821 -1.4039413272178327 1.3169272860676102 1 CAMERA 1 33
34 1 0.99627615817600057 -0.059608762413268054 0.027453221545087593 -0.055918983542476104 -5.711092418194629 -1.3901665113446688 1.826896604749555 1 CAMERA 1 34
35 1 0.99604687271271508 -0.041115531895946786 0.065194387840969564 -0.044156904218650678 -5.5414902342123833 -1.574639039254687 2.1894371882644306 1 CAMERA 1 35
36 1 0.99238889898866844 -0.04383802213988805 0.10726529625878047 -0.041673219187355566 -5.3381675120511654 -1.5776445236051349 2.6550076451765205 1 CAMERA 1 36
37 1 0.98542286243463162 -0.047692803513829686 0.15808120462628103 -0.040957434343865631 -5.0452806137035804 -1.5494560093201648 3.1942377265174589 1 CAMERA 1 37
38 1 0.97802512366447836 -0.051150994362095116 0.19562841606778644 -0.050793268093911846 -4.8264847879027393 -1.4110163873922204 3.5773517913785935 1 CAMERA 1 38
39 1 0.97083412435155092 -0.048695655651931923 0.22927348805889677 -0.050433161595252379 -4.580938174996156 -1.4163613165390236 3.8876309710961601 1 CAMERA 1 39
40 1 0.96730202082295114 -0.060384617798073595 0.24415099218859482 -0.032722950028081156 -4.3953735398422031 -1.5313388010174649 4.0577982929169565 1 CAMERA 1 40
41 1 0.96211780598686936 -0.064979555167727035 0.26330061790076204 -0.027924351850924137 -4.2166389434891709 -1.5432086451711269 4.2417969182815582 1 CAMERA 1 41
42 1 0.95036480976026483 -0.058700195153971832 0.30430738467381896 -0.027532364431735203 -3.8575662353080196 -1.565065183354837 4.5647471322636584 1 CAMERA 1 42
43 1 0.94709379961635309 -0.050826892319093882 0.31390911382285958 -0.043485974800958178 -3.8289235308436154 -1.4509320168950861 4.6278588335318522 1 CAMERA 1 43
44 1 0.9623861411986353 -0.052230390896442436 0.26434249800937382 -0.034755506639517209 -4.2448961937289518 -1.548129270302967 4.2160989392442136 1 CAMERA 1 44
45 1 0.98215121134315264 -0.052500163782013914 0.1768184251542709 -0.036850717577855914 -4.9179875295830291 -1.5581686619506969 3.4024181516415863 1 CAMERA 1 45
46 1 0.99411399873468587 -0.0455710069703038 0.084185320383186393 -0.05072940641704856 -5.4933883480785006 -1.4679161200323465 2.4139730772276389 1 CAMERA 1 46
47 1 0.99756995003862048 -0.048036925666974269 0.016630367872970363 -0.047645350421836929 -5.7468610991749145 -1.5188754569791216 1.6730121043206583 1 CAMERA 1 47
48 1 0.99735392696136038 -0.043893582070704824 -0.030287295856751727 -0.049408273977556587 -5.8761109270123635 -1.5294781855621487 1.1179062706006282 1 CAMERA 1 48
49 1 0.99798757251644832 -0.043346414877166714 0.01243653923711624 -0.044578312124028546 -5.7493983185755928 -1.5727243755191365 1.6078117219016981 1 CAMERA 1 49
50 1 0.9935768643011742 -0.07897909027926156 0.057370923062909591 -0.057235436671840438 -5.6137180200149892 -1.2829543972333874 2.2310526266467199 1 CAMERA 1 50
51 1 0.98217348835502249 -0.15049535143590334 0.084824213496274767 -0.074102906646426894 -5.4918594743228839 -0.76126017941433721 2.7204705435080072 1 CAMERA 1 51
52 1 0.96780764108800055 -0.22299923653843431 0.091182230548115806 -0.072838940047378384 -5.4101127202410568 -0.40900565117486326 2.9484358070004819 1 CAMERA 1 52
53 1 0.96371527414857727 -0.24650147242945147 0.085414111396180409 -0.056518351331633632 -5.391399833532569 -0.48279051029258974 2.9695117702383809 1 CAMERA 1 53
54 1 0.97006950752593601 -0.22176964799932522 0.087437735624450591 -0.046238687086811246 -5.3674649212429246 -0.7245786352657535 2.9632724818585081 1 CAMERA 1 54
55 1 0.96987118535967731 -0.21553039791535644 0.097929543223829699 -0.057500747364142138 -5.3417898245890463 -0.61371814551746307 3.0336291114334335 1 CAMERA 1 55
56 1 0.94157392033030207 -0.31670918720974367 0.092793801500911363 -0.067254395349145193 -5.3324502526545663 0.035191426100480171 3.1121765197967206 1 CAMERA 1 56
57 1 0.9311333748707552 -0.34507782615267113 0.096063502057389616 -0.068437823402082112 -5.2975752740193256 0.22259486549954258 3.1685772888787973 1 CAMERA 1 57
58 1 0.90559655534973194 -0.40429772622345395 0.11091756673695723 -0.064308015817608033 -5.1573711324803879 0.60230791168033859 3.3501653336503079 1 CAMERA 1 58
59 1 0.88427074638812442 -0.4454866495196691 0.11982523932152517 -0.072448631480988707 -5.0787654522481436 0.99471552388460116 3.3808569803649737 1 CAMERA 1 59
60 1 0.88833880162869616 -0.43662191925442528 0.11797471255314401 -0.079356413385921643 -5.1060855341827587 1.0007552391304717 3.3391771714706771 1 CAMERA 1 60
61 1 0.91767271723652422 -0.37077209944494915 0.12677530686286603 -0.065824432262993046 -5.0764097643815269 0.47561702069183409 3.4974679087461591 1 CAMERA 1 61
62 1 0.93382097423202159 -0.32276438139069213 0.14124533872539158 -0.062058814669564699 -5.0050073270977222 0.18881155237702529 3.625993645822978 1 CAMERA 1 62
63 1 0.9734630340838818 -0.16806658617659789 0.14548523930630039 -0.054381881423282784 -5.0747793844544873 -0.80051543415414961 3.4380669283827348 1 CAMERA 1 63
64 1 0.98447018612257686 -0.068724431055844054 0.15777710003895451 -0.034666870570146099 -5.0095556224573619 -1.517462765600299 3.2836344656207093 1 CAMERA 1 64
65 1 0.98697512980922586 0.01071345059710724 0.16007510875314485 -0.011885902238949655 -4.9686431563628419 -2.1264298234714256 2.9905654414023068 1 CAMERA 1 65
66 1 0.98692853730900132 0.049348863803517266 0.15319194993144727 0.008305321343461701 -4.948252934140319 -2.4926078539820566 2.7265113746908343 1 CAMERA 1 66
67 1 0.98502792192923994 0.067116858698069437 0.15841602827567133 0.01093993983659378 -4.9177239095346259 -2.5893334563648085 2.6894393793190119 1 CAMERA 1 67
68 1 0.98653872329216996 0.049402149340008 0.15572535092714648 0.0070986029794500357 -4.939161723457838 -2.4768653682649169 2.7543342345898325 1 CAMERA 1 68
69 1 0.98596114296002346 0.061836182556829433 0.15493961878723733 0.0071151689950536339 -4.9519151076188725 -2.5225020015551296 2.6865699233231068 1 CAMERA 1 69
70 1 0.98720527821517801 0.03280747499096056 0.15603888748998174 0.0011286450723773417 -4.9527981325935757 -2.346697804710788 2.8401450921294482 1 CAMERA 1 70
71 1 0.98886626731043081 0.020609960664688141 0.14710466325909241 0.0088855469367113468 -4.9617327655903347 -2.3784188771233152 2.7996645092340073 1 CAMERA 1 71
72 1 0.98567937049464105 0.015880780228221727 0.16697216267096948 0.017443517237366486 -4.7960540492487036 -2.4529461209369772 3.0119622790363314 1 CAMERA 1 72
73 1 0.97236275147245899 0.0093430847787309701 0.2292303475537123 0.043322443099745783 -4.2225529929962882 -2.6849764691258269 3.5968259609520299 1 CAMERA 1 73
74 1 0.94992405826268178 -0.012607475588802947 0.29759661299242129 0.094454174224720383 -3.335246928684902 -3.0141006321389985 4.1987315860811716 1 CAMERA 1 74
75 1 0.92329197004240726 -0.019651816932491531 0.35870506008668307 0.13592801041239319 -2.4699454463163946 -3.2572653698475671 4.5835352213201954 1 CAMERA 1 75
76 1 0.89458100671454166 -0.045352790349168032 0.41082739452574246 0.16996705192575326 -1.6448755671536421 -3.2481299344133734 4.9373984933440527 1 CAMERA 1 76
77 1 0.86826861756519158 -0.0882129335760755 0.44883620284300924 0.19202642817800603 -0.99398252566709122 -2.9709525554676559 5.268512332681361 1 CAMERA 1 77
78 1 0.84325871883457215 -0.12426121423748884 0.47606101913224225 0.21642502121629043 -0.43963318699959231 -2.7252036632069374 5.4686452628708979 1 CAMERA 1 78
79 1 0.82630651759060425 -0.14850565341914679 0.4994297697811016 0.21385395705068586 -0.1359397661675007 -2.4074175989136051 5.6285315865772025 1 CAMERA 1 79
80 1 0.7978484498867916 -0.16405841586867123 0.54217471507209225 0.20632320648051594 0.3903379892691255 -2.0615548129164138 5.7489951052622965 1 CAMERA 1 80
81 1 0.76738419313619188 -0.17905577343806367 0.57380837300407916 0.22316917617275028 0.96310088099579549 -1.861239097063645 5.7447943102924901 1 CAMERA 1 81
82 1 0.74238254611042742 -0.19447394207451682 0.59545277313751521 0.23766370368114564 1.391113401813864 -1.6580905176025569 5.7141179131540891 1 CAMERA 1 82
83 1 0.72249638272747341 -0.21517267371229248 0.60593412863746454 0.25405418553052073 1.6841405777668403 -1.4330587028790425 5.6908756992269547 1 CAMERA 1 83
84 1 0.7135377074521958 -0.22872741198508698 0.60890768109472193 0.26034428542665894 1.7890354003360351 -1.2810277943195356 5.690210151930871 1 CAMERA 1 84
85 1 0.71031064043620429 -0.23430795605501736 0.61195198811236606 0.25704734983607991 1.8159114772412455 -1.189756021064748 5.6963132426931802 1 CAMERA 1 85
86 1 0.71092643949245438 -0.25296233430334242 0.61093311378039128 0.23948775655757701 1.6998873444427429 -0.92119798266982444 5.776418470020916 1 CAMERA 1 86
87 1 0.70471699243717767 -0.24971324168581835 0.62498290000436785 0.22452980247439153 1.80098228670557 -0.83582601217967545 5.7562084396245643 1 CAMERA 1 87
88 1 0.69809023837843731 -0.25298860318479011 0.63655483899667009 0.20848194811366477 1.8721234404593128 -0.68572274365763131 5.7513312959209939 1 CAMERA 1 88
89 1 0.71417808092960133 -0.23978608900457329 0.62421212709762719 0.20690945030099131 1.6641443229324671 -0.89659337428553576 5.7818196845639029 1 CAMERA 1 89
90 1 0.72081739284892776 -0.24420578561065337 0.61996745570035539 0.19085642329559147 1.5076913613764453 -0.80311868025409006 5.8304345832698186 1 CAMERA 1 90
91 1 0.71571616129695914 -0.24951949837897136 0.62484148390544592 0.18725254705315014 1.5632703976064599 -0.70289293371730632 5.8147291224851712 1 CAMERA 1 91
92 1 0.72313455861985898 -0.23993599086445405 0.61807813977052883 0.19361441980223734 1.4891985504272198 -0.86423746542498969 5.7942636496993831 1 CAMERA 1 92
93 1 0.729008411453408 -0.23571108793382059 0.61117921515459872 0.19861265321787028 1.4138495261963764 -0.95770841386864236 5.7822664709438429 1 CAMERA 1 93
94 1 0.72740551710247303 -0.23926876869060548 0.61380774283574413 0.19202011575107014 1.4155620725372644 -0.87337452042249086 5.7821188782798751 1 CAMERA 1 94
95 1 0.7241561870751031 -0.2521833547199252 0.61250602415038458 0.191931609440815 1.4129430171307398 -0.72783985548135233 5.7920479767468436 1 CAMERA 1 95
96 1 0.72036877223065476 -0.26546302835296537 0.61295883651869087 0.18676101655919744 1.4048135781365916 -0.54876949058635027 5.8045866016809846 1 CAMERA 1 96
97 1 0.71565448551565036 -0.2657273150938122 0.62012041674971674 0.18077145821318572 1.4736927686551613 -0.48551459448003281 5.785093073569878 1 CAMERA 1 97
98 1 0.71279338096862377 -0.26527176138118785 0.62605027914101352 0.17209746264399023 1.510607790394509 -0.42729871250489732 5.7736177221297762 1 CAMERA 1 98
99 1 0.71346161866276026 -0.26370360481931915 0.62623799472001795 0.17105233546918183 1.5048294708249499 -0.44003280307211978 5.7676225310142293 1 CAMERA 1 99
100 1 0.71652729628424994 -0.27074816852310257 0.62246024444429937 0.16070876456283134 1.4029745702701291 -0.33205126680308589 5.7927632518823486 1 CAMERA 1 100
101 1 0.70723015111925869 -0.2914875796484942 0.62680358092125588 0.14824903103489029 1.4286936615109975 -0.020358268419442382 5.7836019352374182 1 CAMERA 1 101
102 1 0.71118938179745883 -0.29094005740242562 0.62487014919548278 0.13820579894359344 1.3497042696199437 0.012014782317976924 5.7863390970554383 1 CAMERA 1 102
103 1 0.71790732504879062 -0.2861456844426038 0.61872629399716506 0.14109391564733639 1.2659549569911126 -0.080195677734240967 5.7896870469719239 1 CAMERA 1 103
104 1 0.72072490203810913 -0.28325313806650404 0.61646960301913389 0.14243771941121397 1.2344824000793189 -0.12843496912329219 5.7829098814757804 1 CAMERA 1 104
105 1 0.72671236571479214 -0.28003849254305452 0.61195524117555578 0.13776197954875452 1.1408737893556595 -0.16149898182062439 5.7898365007017372 1 CAMERA 1 105
106 1 0.73082768186884661 -0.27828523306772834 0.60853094151352194 0.13467858661017582 1.073016343163278 -0.17953388667682352 5.7920894696684675 1 CAMERA 1 106
107 1 0.73562558638936537 -0.28208505720730892 0.60205309088808701 0.12967302303005313 0.96073677829827142 -0.13814314477032197 5.8038837181436973 1 CAMERA 1 107
108 1 0.73853375440688185 -0.27960057931885923 0.60000574254029837 0.12800202562810839 0.91923254249494302 -0.16541453755533511 5.8015291256515793 1 CAMERA 1 108
109 1 0.74324029342737319 -0.27348034326318288 0.59720488710890596 0.12707749953427142 0.86632409096853225 -0.23922808886174546 5.8003522169324713 1 CAMERA 1 109
110 1 0.74799700369277555 -0.26297046114367228 0.59572834616376857 0.12827609523794892 0.83637794221491224 -0.36676844952490806 5.7929585105677228 1 CAMERA 1 110
111 1 0.74536380768361221 -0.26967535363141792 0.59731544019207317 0.12215671388551214 0.83884794899026716 -0.25943148184505516 5.7920930171181837 1 CAMERA 1 111
112 1 0.74477012281548272 -0.27728248928294646 0.59752966100362737 0.10672483084715455 0.7821107508124292 -0.096811153157962612 5.7935127377448552 1 CAMERA 1 112
113 1 0.73807352744331034 -0.28577955185551535 0.60606113289515662 0.079167032421895281 0.80333336869459215 0.1734870463619248 5.7710732594880412 1 CAMERA 1 113
114 1 0.7407837677945287 -0.29112989318363713 0.59919336275603985 0.086314012165664811 0.73945317547023592 0.17288008759583171 5.7625046980756514 1 CAMERA 1 114
115 1 0.74679350995057958 -0.28445110558041758 0.59416709079815744 0.091391959395922248 0.6785510205115769 0.059462601255307931 5.7569925845710603 1 CAMERA 1 115
116 1 0.74982056821897514 -0.28573982365551664 0.59039939029535426 0.08689320221951724 0.60835459450328688 0.087709842719479389 5.7513674185416717 1 CAMERA 1 116
117 1 0.75468451173036566 -0.28486393940797217 0.58277117931902078 0.098395001572175872 0.54583247321136252 -0.009062812241712917 5.7468357955773834 1 CAMERA 1 117
118 1 0.7565690546070527 -0.28097592332729621 0.58070464415895118 0.1069481761115635 0.54764127895530978 -0.10279260544322262 5.7354370843465423 1 CAMERA 1 118
119 1 0.75637871511053267 -0.2758386666100085 0.58296102332312505 0.10936505208066789 0.58228349010921254 -0.15975914710108308 5.7212682502759948 1 CAMERA 1 119
120 1 0.75489973458269299 -0.27663162872060099 0.58367098339409651 0.11370802901350313 0.61206155112971861 -0.1687682793873265 5.7093442498496572 1 CAMERA 1 120
121 1 0.75364409823911593 -0.28259235852391495 0.58312586264907518 0.11011975482633893 0.59583375986695297 -0.086894930139329793 5.7052215976197465 1 CAMERA 1 121
122 1 0.75681110593750411 -0.28218664179627162 0.57841717152674221 0.11419818214139014 0.54773893518895689 -0.12824952304902371 5.7028088820879841 1 CAMERA 1 122
123 1 0.75902477735173002 -0.27245628967604268 0.58097150702390687 0.11009571112668959 0.55109647257655348 -0.20028446186038415 5.6949302382051599 1 CAMERA 1 123
124 1 0.75612483884686299 -0.27975973835799456 0.58104236160998091 0.11135300124993489 0.56683494445470717 -0.13081157386026304 5.6896780338190567 1 CAMERA 1 124
125 1 0.75084435860130616 -0.29472696616124266 0.5831997409357208 0.096160421933823903 0.55245466589697778 0.11283308969459648 5.6814390934095513 1 CAMERA 1 125
126 1 0.74219493251758684 -0.30525407927909681 0.58984667095349863 0.089708048656521794 0.63209144449578902 0.27983990655816732 5.6490460160805362 1 CAMERA 1 126
127 1 0.75321966527053585 -0.29206640399907557 0.57950295646895922 0.10739494843113578 0.54283395495286724 0.011639570617116174 5.645900162457874 1 CAMERA 1 127
128 1 0.75725187584148101 -0.27830984349555177 0.57993684322592376 0.11307734263410132 0.5549911330872106 -0.15933580428817698 5.6256032632467674 1 CAMERA 1 128
129 1 0.75760035381289847 -0.27165872451563206 0.58317840244104813 0.11020976464641362 0.57722072589015327 -0.20218444180767367 5.6072854732244064 1 CAMERA 1 129
130 1 0.76126359436825697 -0.26515080926635703 0.58179289991900773 0.10811942396604377 0.53988529142096264 -0.26267359978342181 5.5952366163474032 1 CAMERA 1 130
131 1 0.76319895715115582 -0.26392018609017592 0.57956092870254627 0.10946514102195826 0.51270213600357295 -0.28973878089673111 5.5848177243451405 1 CAMERA 1 131
132 1 0.76538688364587093 -0.26157225443391363 0.57728850202458215 0.11180724253569715 0.48871008544699635 -0.33317845690799369 5.5739715326780299 1 CAMERA 1 132
133 1 0.76801906311222523 -0.26644227058002468 0.57123454187513523 0.11334166627099306 0.42114061810238962 -0.31117219495562387 5.5710962146214476 1 CAMERA 1 133
134 1 0.77010444797875777 -0.26964928853031023 0.56632435014701732 0.11621157786119581 0.37254128131267922 -0.30952472999194897 5.5655287527446085 1 CAMERA 1 134
135 1 0.76938762655597304 -0.27365605318090547 0.56568381953991642 0.11470336076483294 0.36220572683167068 -0.26279511376093878 5.5599477531583306 1 CAMERA 1 135
136 1 0.77386589173493725 -0.26920272541229506 0.56134056327747706 0.1164398825970195 0.30720654656809876 -0.3314025886282313 5.5512089373879618 1 CAMERA 1 136
137 1 0.77526947606371455 -0.27052822966079204 0.55950147964892649 0.11282646281415284 0.26857111287202429 -0.30427395022268067 5.5471225849176387 1 CAMERA 1 137
138 1 0.77514601990759802 -0.26973080986431475 0.56002503271328352 0.11298628574228092 0.27491253447973779 -0.31074287298808173 5.5395704846071903 1 CAMERA 1 138
139 1 0.77763132714111671 -0.26033890425418565 0.56117759372308162 0.11221801229592158 0.27464520749703802 -0.39729828255565325 5.5286015801464421 1 CAMERA 1 139
140 1 0.77877237166933655 -0.25777821017852792 0.56047314993853847 0.11372702264477076 0.26873682983000718 -0.4350673628631811 5.5209242305677453 1 CAMERA 1 140
141 1 0.77603384498048966 -0.26620566534328022 0.56196166784572577 0.10538073379887353 0.26247159337712223 -0.30221548232201145 5.5203527881807606 1 CAMERA 1 141
142 1 0.76845690869413963 -0.27081038309507821 0.57006698477224871 0.10563781879999508 0.374730431017885 -0.23032700590818045 5.4989013955720507 1 CAMERA 1 142
143 1 0.76741201713183416 -0.26857274274477932 0.56810098954610311 0.1273135636644202 0.44040328095731723 -0.36725553990557863 5.4659390212576229 1 CAMERA 1 143
144 1 0.76977293226371013 -0.26350591085184499 0.56629073835012189 0.13163991552391305 0.43099722485779818 -0.44170451711029846 5.4431138748262367 1 CAMERA 1 144
145 1 0.76911733028699925 -0.25282930851641999 0.5727320510381938 0.12850630615223413 0.48559715229523059 -0.5069413239300129 5.4169255411826995 1 CAMERA 1 145
146 1 0.76894611701717375 -0.24860514160170541 0.57591111530916572 0.12346554157642388 0.49729292015215787 -0.50945726235860556 5.401152932131299 1 CAMERA 1 146
147 1 0.77285190916067459 -0.24828723965935384 0.57022289162710071 0.12609213692164473 0.43413638106269009 -0.54070860380449703 5.3906490950173902 1 CAMERA 1 147
148 1 0.77640884507298336 -0.24729945470923859 0.56557069345950484 0.1271301525708369 0.37675477556342757 -0.56797562280146385 5.3803975061916853 1 CAMERA 1 148
149 1 0.77571173146906347 -0.24823884545526198 0.56732170344321342 0.12163416489866924 0.37392269621020341 -0.52349413658333244 5.3742642776798117 1 CAMERA 1 149
150 1 0.77527937590904583 -0.2499725329566895 0.56640850586516611 0.12504809691029831 0.37884954062776716 -0.52515186523218127 5.363167070242878 1 CAMERA 1 150
151 1 0.77524061841409908 -0.2540218638696945 0.56496633832795451 0.12364429947795855 0.35837709905317483 -0.47983713293053998 5.3584223641850768 1 CAMERA 1 151
152 1 0.776408892552514 -0.25760363792044189 0.56287970001130583 0.11830486300535217 0.31179323905245215 -0.42185841380759614 5.3569279348642915 1 CAMERA 1 152
153 1 0.77590407208718504 -0.25773783381850573 0.56538956030026355 0.10898956390656687 0.30246520039965147 -0.36303052180931833 5.3531351345861911 1 CAMERA 1 153
154 1 0.77896716818539347 -0.25664307146911058 0.56210099794869661 0.10670966620325151 0.24878266927416751 -0.37124649513667052 5.3470583102513851 1 CAMERA 1 154
155 1 0.7745463922412944 -0.26150843924244582 0.56560409787497612 0.10855057318139656 0.30637308917078804 -0.32365024235521822 5.3393932734030942 1 CAMERA 1 155
156 1 0.77238446464213284 -0.26347705975547386 0.56904476101975754 0.10094621200453069 0.32156313697582323 -0.25524173362940106 5.3355044107426677 1 CAMERA 1 156
157 1 0.76837884944716073 -0.27244653864555901 0.56967361068165367 0.10410957974768326 0.35421120457250777 -0.1853793070106087 5.3312518199485091 1 CAMERA 1 157
158 1 0.76431830215827268 -0.27639712391046323 0.5736539595660145 0.1017020036879947 0.40087018122593715 -0.12461976394326413 5.3230693223605305 1 CAMERA 1 158
159 1 0.75531172166007732 -0.28898007774426127 0.58165764117156993 0.087573433508888479 0.46519169085347734 0.09208095809945796 5.3069032593084717 1 CAMERA 1 159
160 1 0.75160457392893421 -0.28666442356003879 0.58746635267338088 0.08830264543449938 0.5381246391107708 0.082945078521909868 5.2829174221406019 1 CAMERA 1 160
161 1 0.75666914244531991 -0.28499878519635402 0.58218518817064802 0.085369244944382722 0.45652236890732523 0.066013618816313693 5.2752062065141114 1 CAMERA 1 161
162 1 0.75876900754167909 -0.28101315312356662 0.58070863618873747 0.089881482083814593 0.44778419809876296 0.0013215565529178356 5.2629156687615719 1 CAMERA 1 162
163 1 0.76109311334291141 -0.27988865449798395 0.5781506883807237 0.090229681536608555 0.41460586414016448 -0.018707368907003554 5.2534388079010839 1 CAMERA 1 163
164 1 0.76392352833849331 -0.27541018569055953 0.57541253750915899 0.097316412521369786 0.3997684612004308 -0.10621814784387047 5.2422575307175272 1 CAMERA 1 164
165 1 0.76774757429456719 -0.27250879261197275 0.5708053781299901 0.10239062658198674 0.3569913900680865 -0.17301017307127159 5.2333201081483418 1 CAMERA 1 165
166 1 0.76860355787856494 -0.2710231425073007 0.57032242432314972 0.10260292079684713 0.3490590206572533 -0.18826435137683695 5.224168087286845 1 CAMERA 1 166
167 1 0.76815967927649786 -0.27121431891717579 0.57062596024696566 0.10372807643231931 0.35695356889685154 -0.18910322321478609 5.2154262901107957 1 CAMERA 1 167
168 1 0.76967723430538648 -0.2733032898028912 0.5677217927296887 0.1029282897687348 0.31984776362584827 -0.17125200360923998 5.2108104035663523 1 CAMERA 1 168
169 1 0.77146278928965817 -0.27288303377366202 0.56541402942652041 0.10337789873841102 0.29167900032652033 -0.18105714692035083 5.2053812139921378 1 CAMERA 1 169
170 1 0.76676772896266898 -0.28299176956640071 0.56797737629518563 0.096874187459535938 0.30999669593950463 -0.042775973175968589 5.2023082206730713 1 CAMERA 1 170
171 1 0.76310212685176881 -0.2997494468771284 0.5662224163070867 0.084956390945748375 0.26478320270297717 0.17275113607535236 5.1952928293090839 1 CAMERA 1 171
172 1 0.75078501429392563 -0.31653214351936548 0.57566150483028056 0.068870140752306241 0.34896988477672708 0.44655444992893284 5.1605913167803035 1 CAMERA 1 172
173 1 0.74982022827644856 -0.31776647118543144 0.57659068957924919 0.065857966475888027 0.35113814488553396 0.47934194302786998 5.1416806706207634 1 CAMERA 1 173
174 1 0.75338644530863486 -0.32062543074958638 0.56975331620677505 0.070635372535606644 0.28191887355910122 0.46357615455404616 5.1334171370016781 1 CAMERA 1 174
175 1 0.75539552603195292 -0.32185168269043818 0.56673994977248354 0.067785860857006927 0.23538559094238876 0.48172943613448294 5.1217702600610924 1 CAMERA 1 175
176 1 0.75563464662960822 -0.3189762255029307 0.56823254374081278 0.066198373172578914 0.24453771726740567 0.46743761181620347 5.1112460560892883 1 CAMERA 1 176
177 1 0.7596363844391989 -0.31776862760507407 0.56323265791721699 0.068881316782104657 0.18908990966379371 0.42637880952374102 5.1070296772312815 1 CAMERA 1 177
178 1 0.76067275329859485 -0.32267594910719338 0.55872524498450749 0.071297229075954677 0.14619113499150652 0.44446930463074696 5.0967104025186893 1 CAMERA 1 178
179 1 0.76013544693323953 -0.31768867854612942 0.56207896837364268 0.073042721411786915 0.1863320692314506 0.39800799965387734 5.0875102673807362 1 CAMERA 1 179
180 1 0.76600162026358543 -0.30974861353542438 0.55864841423270939 0.072175227340988274 0.13212047776879257 0.31718415905632985 5.0833839020787472 1 CAMERA 1 180
181 1 0.76915143181080436 -0.30639355937464752 0.55656577982582078 0.06901879775829263 0.091324723833872135 0.29557643209937939 5.0754764778338117 1 CAMERA 1 181
182 1 0.77090804622041875 -0.30228569373987013 0.55658852274721216 0.067330230794928517 0.080222894223329733 0.2657875733044871 5.0680494869503976 1 CAMERA 1 182
183 1 0.77538141595452625 -0.29332241562675287 0.55467049535205304 0.071318033267532208 0.058662556596698737 0.15647856371436417 5.0649760314352426 1 CAMERA 1 183
184 1 0.77599016682956845 -0.29091628446223639 0.55481682321337966 0.073384392740686491 0.063983680038443014 0.12270274166198201 5.0598111595613515 1 CAMERA 1 184
185 1 0.77556808340247907 -0.30113719464283467 0.54997589285340165 0.07305515238607431 0.016649131703811441 0.20171842400096851 5.0515633203408132 1 CAMERA 1 185
186 1 0.77033782281509 -0.31796117378463268 0.54891567540796926 0.064590339815010611 -0.0046162748462633711 0.39517450541489063 5.0279239568269656 1 CAMERA 1 186
187 1 0.76592358611592781 -0.32245970677404406 0.55335316142473412 0.056401032612592973 0.027582671259086707 0.49190574372901508 5.0001660165599846 1 CAMERA 1 187
188 1 0.77128960559248672 -0.30825438399797672 0.55402636534701211 0.056092473215159401 0.016229625334077871 0.36813722326405007 4.9921404484992919 1 CAMERA 1 188
189 1 0.77561909610688817 -0.30781803049323203 0.54814148110214911 0.056603838674984724 -0.054835859599564919 0.34683524269718718 4.9774288438169583 1 CAMERA 1 189
190 1 0.77767667681189923 -0.31209058717339416 0.54265005048141224 0.057873780359395131 -0.11207297546949284 0.3639277808835667 4.9612055697380608 1 CAMERA 1 190
191 1 0.78068442096080426 -0.3097797171236446 0.53936319855839154 0.060462399627782097 -0.14710390539702864 0.3210178449037126 4.9510140086761165 1 CAMERA 1 191
192 1 0.78656455884113952 -0.30672012247481001 0.53278366078119521 0.058142342992604762 -0.23521796653141677 0.28873282592843624 4.9386617702651163 1 CAMERA 1 192
193 1 0.7868630175231307 -0.3046346395906509 0.5334255627848502 0.059173448298483845 -0.22812005713318503 0.26777180654455118 4.9301197924259421 1 CAMERA 1 193
194 1 0.7784388380312931 -0.31246359094005555 0.54177317383505263 0.053677815660008094 -0.1384360394497034 0.38997908751519034 4.9158487164161553 1 CAMERA 1 194
195 1 0.77590105075628191 -0.31391032410120417 0.54398586204957133 0.059306405625019681 -0.095514419250245244 0.38061785073559179 4.9058399527388961 1 CAMERA 1 195
196 1 0.77213196203989254 -0.31423408712404977 0.54850480542294844 0.064897227318849351 -0.026365479114065407 0.36914472121054109 4.8945237148593481 1 CAMERA 1 196
197 1 0.77061662324666869 -0.32063297309647426 0.54684944862798346 0.065575887904686492 -0.037412764965038418 0.41912966388864664 4.8790493994650541 1 CAMERA 1 197
198 1 0.76437646622008948 -0.32292831692690133 0.55417007176004474 0.065889692525570365 0.050543698856600941 0.46096878428864513 4.8654736212525753 1 CAMERA 1 198
199 1 0.74685696189324313 -0.33516221152951181 0.5702304023148258 0.068616752401387149 0.26104837257104335 0.60431823256200223 4.8331322567502761 1 CAMERA 1 199
200 1 0.74077130371363498 -0.33985810037397524 0.57609594474419901 0.062191716923424664 0.31832068190785867 0.69537618999262496 4.8076471224108488 1 CAMERA 1 200
201 1 0.74601512123126379 -0.33534382773226462 0.57179883965543621 0.06365566011654443 0.26580260193458005 0.63358411997136166 4.8104394780606636 1 CAMERA 1 201
202 1 0.75146664710687094 -0.32063706075367659 0.57211073948691649 0.071965653758818707 0.27553388561801923 0.45770188843091114 4.8207821546875804 1 CAMERA 1 202
203 1 0.74944119857784441 -0.3163011876912894 0.57684107103978344 0.074470311540634146 0.33287775313383883 0.41566361968498816 4.8105089096415714 1 CAMERA 1 203
204 1 0.73911040435760611 -0.33053134010266788 0.58395842838943757 0.05879963684589163 0.38937404846559759 0.63376397319148803 4.7659361087016023 1 CAMERA 1 204
205 1 0.73475442490130694 -0.32259587390095484 0.59350946861319609 0.061760407191910241 0.50101299405330479 0.57396617368302394 4.7420852745281996 1 CAMERA 1 205
206 1 0.73474774075342264 -0.3219445145311311 0.59203208457952761 0.077430600213833578 0.52542060684688563 0.4917486100388897 4.7285788226951979 1 CAMERA 1 206
207 1 0.73791686523284261 -0.31117136811399065 0.59226301831274697 0.0887445593266252 0.54966406697129477 0.34537396557130884 4.7206656883517972 1 CAMERA 1 207
208 1 0.73706856762153161 -0.30064450213998001 0.5982691090938308 0.091743572316656724 0.61673036015314797 0.25519763930716888 4.7020368530951426 1 CAMERA 1 208
209 1 0.74056929855335574 -0.29637519951908836 0.59509513801200209 0.097880702207777254 0.59315195729141867 0.18150767924741479 4.6938306442902737 1 CAMERA 1 209
210 1 0.73911801355446483 -0.29547810348579273 0.59656658289776754 0.10249665638167045 0.62268063594549872 0.15892791631825379 4.6772101020334436 1 CAMERA 1 210
211 1 0.73364836533644828 -0.29649627891165048 0.60216106937955094 0.10607581795290472 0.6997757903972337 0.17028425657670604 4.6530804866023701 1 CAMERA 1 211
212 1 0.73041321534863735 -0.29256006267396006 0.60744921510862238 0.10913567535958406 0.76673645356691644 0.1393944823282996 4.6316122631532819 1 CAMERA 1 212
213 1 0.73321965171421599 -0.29322100849643556 0.60456863141664829 0.10443731336748426 0.71685631626244106 0.15651841133994854 4.628073069226887 1 CAMERA 1 213
214 1 0.73435632126174 -0.30307502428772143 0.59809659382700997 0.10557834782023182 0.65494666323249306 0.21981132765762115 4.6249372759477545 1 CAMERA 1 214
215 1 0.74128427835798782 -0.29991809030754263 0.5911938666444112 0.10505507987519681 0.57069610992073305 0.17328573144028631 4.6298037240087417 1 CAMERA 1 215
216 1 0.75172608420327591 -0.31395858343401845 0.57343137534806388 0.086685408131598807 0.32734928687300435 0.32306991099147797 4.6391912244143247 1 CAMERA 1 216
217 1 0.76554649278427278 -0.29428630484277551 0.56443567467014621 0.093522763685326527 0.23069311405801673 0.098156867599138733 4.6444316649831556 1 CAMERA 1 217
218 1 0.77087381081063078 -0.32882954333045988 0.53399998476904109 0.11166340271566591 -0.0065762416836220262 0.21733577944468307 4.63152960985588 1 CAMERA 1 218
219 1 0.77197721315719181 -0.34484178259754755 0.51969927318277076 0.12267026043137526 -0.1064479413234484 0.25685658935462025 4.6146341834892608 1 CAMERA 1 219
220 1 0.77903220307725063 -0.33129356434286056 0.51962278419802488 0.11552299743298408 -0.14097543263216325 0.17512599362182704 4.6051730561155004 1 CAMERA 1 220
221 1 0.78068528451041752 -0.33187672023345133 0.51756159804804303 0.11188530440559276 -0.17251557455214517 0.19038496955512357 4.5925616800632127 1 CAMERA 1 221
222 1 0.7867307899788144 -0.34548666545295614 0.49522491965804566 0.1282415963842852 -0.33177558846206462 0.1538592663511868 4.5747722099142099 1 CAMERA 1 222
223 1 0.81413409048350593 -0.32557956350131928 0.46437778056717277 0.12464713176961524 -0.66115352362265456 -0.091698105853952577 4.534635082772561 1 CAMERA 1 223
224 1 0.8113217408905733 -0.31633585381526103 0.4842111048534955 0.085019211274961412 -0.60308065379648035 0.089876176926387941 4.539451298978614 1 CAMERA 1 224
225 1 0.81153920847694827 -0.24860339906132697 0.51844319650377269 0.1040053608171872 -0.24919770622454163 -0.44530731949494501 4.5438461023406713 1 CAMERA 1 225
226 1 0.8042953701200507 -0.21765546439091679 0.54513105983990173 0.09255908395209278 -0.042038357021465016 -0.56808500495194381 4.5306530722630516 1 CAMERA 1 226
227 1 0.80458458259869747 -0.16869966368013667 0.56118472754659965 0.096206935753808953 0.081386918548403811 -0.92397889922410736 4.4622643625308784 1 CAMERA 1 227
228 1 0.80152973049614651 -0.27785125927356996 0.52112604447322941 0.093682520368273764 -0.22432869390954194 -0.14701279427285954 4.5406117366495433 1 CAMERA 1 228
229 1 0.8107247750083223 -0.31940762001743384 0.48010688184207306 0.10100244289315723 -0.57843520803384818 0.031413971139081349 4.5028611008967694 1 CAMERA 1 229
230 1 0.8160535161482243 -0.30222003123640251 0.48717244204532373 0.073367044462642486 -0.60977503723940929 0.055554031371629439 4.4915551918373797 1 CAMERA 1 230
231 1 0.81235978851608093 -0.28796023045981473 0.5008017837396016 0.079674670246396725 -0.46271942705543062 -0.049374763597092947 4.5030311332819357 1 CAMERA 1 231
232 1 0.79503240602957448 -0.30048737170642148 0.51420299704002281 0.11500474182767899 -0.19331310484005448 -0.084010454502016454 4.5150674146598728 1 CAMERA 1 232
233 1 0.77942501458696967 -0.30945739991997967 0.52889144920811371 0.1304093525227743 0.024312188518001432 -0.035566270607810292 4.5133077987113195 1 CAMERA 1 233
234 1 0.76019340816615599 -0.33834704567575496 0.5362765856315862 0.14154392451299672 0.16465054235072071 0.1827675486399741 4.5000397548125379 1 CAMERA 1 234
235 1 0.74778972064446103 -0.32710933472488207 0.5608815926617795 0.13864290767114476 0.40300398731188314 0.18152044838581455 4.4737261035027514 1 CAMERA 1 235
236 1 0.73556303230360653 -0.3027897187893771 0.59890957757014851 0.092589036059998978 0.638663378469009 0.26964301772930066 4.4309748081163978 1 CAMERA 1 236
237 1 0.69712185320292408 -0.29567496156079598 0.65223199909411977 0.034508814100615542 1.0837944085366651 0.57067928333131412 4.3089313926417452 1 CAMERA 1 237
238 1 0.70445280546217692 -0.2718723729479478 0.65550835700815124 0.011851227640828417 1.039015982329917 0.46712497495047267 4.328443665729087 1 CAMERA 1 238
239 1 0.72881826090443647 -0.24605850001020529 0.63895862406020021 0.0033217290763319059 0.78774167028076625 0.26079164560351575 4.3968491221691233 1 CAMERA 1 239
240 1 0.71472520715245158 -0.24754876339652804 0.65400334824624617 -0.012927044690651625 0.93183520983608359 0.36317126035134012 4.3579991403429794 1 CAMERA 1 240
241 1 0.72935206759122051 -0.22796157894932237 0.6450399115054356 -0.0016101516710335273 0.81324575264368115 0.13792740504239343 4.3882496188197786 1 CAMERA 1 241
242 1 0.72541730672167004 -0.20652006580659626 0.65626013233783786 -0.021019805704180987 0.87673500260949366 0.064759089110597065 4.3679469015054622 1 CAMERA 1 242
243 1 0.71377605115899601 -0.17765348331132946 0.67639315480825801 -0.038148247505663854 1.0358186551032018 -0.074556420798274209 4.3224349091596403 1 CAMERA 1 243
244 1 0.68882766136713136 -0.17180017845582743 0.70348318003667432 -0.033355164870266407 1.3494075867431707 -0.12483494545219349 4.224830777815062 1 CAMERA 1 244
245 1 0.67122911358730641 -0.1804392863394835 0.71888392788102906 -0.0099518466849269332 1.5819713310865433 -0.1360866103583932 4.1347922866870226 1 CAMERA 1 245
246 1 0.65528998100862534 -0.19358542882792212 0.73006713278772761 0.011031960765489684 1.7751996190953261 -0.093984859083291739 4.0498735771446661 1 CAMERA 1 246
247 1 0.64560416036430746 -0.19674588256677192 0.73745948233850178 0.025295013784317897 1.8959097301192094 -0.11012100183048314 3.9887976182795155 1 CAMERA 1 247
248 1 0.63964212976480006 -0.18632088486912826 0.74484751697593743 0.036669471584908665 1.9861914732981041 -0.22675077744571689 3.9311245553184482 1 CAMERA 1 248
249 1 0.63717763560650409 -0.17250005058134832 0.75088456732109776 0.020512430166732921 1.9965348000696062 -0.28071519152448032 3.9091075084313394 1 CAMERA 1 249
250 1 0.63036660386678445 -0.17451658305686091 0.75614030861517056 0.020826441245905228 2.0585413530413814 -0.25703258078248925 3.8660275889352804 1 CAMERA 1 250
251 1 0.63667608052976254 -0.19359224139543224 0.7449954747435924 0.04633956370447976 2.0112676679880694 -0.19127580919755832 3.8853508400929524 1 CAMERA 1 251
252 1 0.64067930523723482 -0.19969578513747968 0.73544836773348776 0.09363396625802127 2.0271145502600767 -0.29555194167525384 3.8651903538422392 1 CAMERA 1 252
253 1 0.64495969241152173 -0.21746711094383619 0.72720813775945459 0.088900929121144195 1.9432934326132614 -0.14480473904079433 3.9122604621015569 1 CAMERA 1 253
254 1 0.64442134155836162 -0.22922072801977544 0.72497650165558036 0.081166892495907278 1.9105975981401839 -0.024183320323747832 3.9249787350162744 1 CAMERA 1 254
255 1 0.65551485262236719 -0.25938979720307542 0.70179176674521304 0.10249647421768293 1.7383365515145492 0.11906536200642863 3.9948177312480131 1 CAMERA 1 255
256 1 0.69550458156051875 -0.28098441372048355 0.65143898448045923 0.11379097404254929 1.229845600264736 0.13657605796951711 4.1676487799107989 1 CAMERA 1 256
257 1 0.70421023221099377 -0.29169128103769149 0.63931185232521914 0.10141252828140142 1.0699132802571305 0.23804586751920101 4.1873410705489187 1 CAMERA 1 257
258 1 0.70852076036604628 -0.2927829944444359 0.63443802626663504 0.098817210653637896 1.0089760920970057 0.24686042121748869 4.1818222872802799 1 CAMERA 1 258
259 1 0.71042400060441036 -0.30109797539901595 0.62821357637031461 0.099927228720991856 0.95135174204949746 0.29860449149931767 4.1744749218023758 1 CAMERA 1 259
260 1 0.71076413118042492 -0.2960122888390806 0.63113230906111617 0.094143949050209216 0.95908612174893026 0.2853465896799891 4.1578648979706694 1 CAMERA 1 260
261 1 0.70820570688866691 -0.29501362187583552 0.63506198599395358 0.090043953619557582 0.9872070462595709 0.30217251396542932 4.13594453570974 1 CAMERA 1 261
262 1 0.71355465022317854 -0.29028712104627197 0.63009310244082894 0.097753929619404073 0.94892729052105784 0.2239527107256416 4.1363663464292468 1 CAMERA 1 262
263 1 0.71844602156243564 -0.28212797013883018 0.62850238963384097 0.096040974542136004 0.91698034154924513 0.15926237293881829 4.1332547303360156 1 CAMERA 1 263
264 1 0.72026725330604879 -0.28992068032683388 0.62455116027366375 0.084243285397746712 0.84878939997354752 0.25366142780589368 4.1316090222288295 1 CAMERA 1 264
265 1 0.72242427008762744 -0.29236935622576732 0.62087214293016879 0.084505122103866612 0.81050106969282676 0.26087378039967418 4.128173975326459 1 CAMERA 1 265
266 1 0.71795568059785719 -0.30399390039115837 0.62165363716140198 0.075326652827788498 0.80578586570723587 0.38654871193964335 4.1105150466865199 1 CAMERA 1 266
267 1 0.71751213688581184 -0.30188659569602094 0.62317809431584259 0.075431290095674966 0.82031162271495961 0.3689036880070381 4.102649000581752 1 CAMERA 1 267
268 1 0.71475021808079942 -0.29027459967799518 0.63179512167158713 0.075549366424965014 0.89959869154115746 0.28883632335311782 4.0861402568203378 1 CAMERA 1 268
269 1 0.71665101390214758 -0.29436036942416083 0.6290287687417907 0.063922650763891392 0.84543638621265738 0.35071424623389508 4.0834986359245082 1 CAMERA 1 269
270 1 0.71343279435553708 -0.30239178749349349 0.62984683362461158 0.053533363126099513 0.83775839975657107 0.44934102874483844 4.06076640366501 1 CAMERA 1 270
271 1 0.7233041332013922 -0.29828761132598686 0.62130008095378542 0.042916677760979384 0.71925190552872198 0.43598702310441406 4.0679312269735153 1 CAMERA 1 271
272 1 0.73102352662192227 -0.30173203088611478 0.6102245137817679 0.046780635335502696 0.6142588656954715 0.42220918846652633 4.072354160947949 1 CAMERA 1 272
273 1 0.72965027290901185 -0.30495068499644251 0.61017933467908214 0.047924299625531408 0.61875697509967587 0.44098768094965041 4.0574871163265414 1 CAMERA 1 273
274 1 0.72363692205626939 -0.31317680770874018 0.6134921947583778 0.043557078883233805 0.65250829599807481 0.52711692784390918 4.0304729056432453 1 CAMERA 1 274
275 1 0.71855166711999241 -0.32201845228216847 0.61570158210191428 0.029986327985872332 0.65856475727442998 0.65142999913921418 3.9996984343228821 1 CAMERA 1 275
276 1 0.72101033701933093 -0.3390562158829829 0.60283639458584648 0.042110067028212676 0.56733043572844433 0.70745981254247403 3.9930878389130458 1 CAMERA 1 276
277 1 0.71816191641711113 -0.35885475875764511 0.59213011781801461 0.069632230309812332 0.53665042489593984 0.73022783864838026 3.9831974833330106 1 CAMERA 1 277
278 1 0.71921780435878124 -0.3605942038248342 0.59043396740546705 0.063916353111765536 0.50859357388650284 0.75864130549214526 3.9723609371664406 1 CAMERA 1 278
279 1 0.72883596873750067 -0.3546145000422582 0.58250446362044883 0.06111658446364205 0.41589124626076124 0.70096506324531582 3.9859396927922952 1 CAMERA 1 279
280 1 0.74500703216787389 -0.35802665354231727 0.56066609729550421 0.049345361657751621 0.17481131154052768 0.71789354874378675 3.9955248956891554 1 CAMERA 1 280
281 1 0.75407017444242674 -0.36443443379177048 0.54512215671228959 0.037517325925255154 0.0032978311568824695 0.77513011887036154 3.9816350785818022 1 CAMERA 1 281
282 1 0.7526550953193738 -0.37112902059781716 0.54138323497411556 0.051746984925221229 0.0055195958978250526 0.75355695214388763 3.9738142416997757 1 CAMERA 1 282
283 1 0.73771085635372557 -0.3900017093145875 0.54754435974028826 0.062261812262017512 0.10828000300948902 0.86566373450189404 3.935286708151887 1 CAMERA 1 283
284 1 0.73432450660313409 -0.38901742185727317 0.5511183531942716 0.075508444998014901 0.17477842035868274 0.81409142783657851 3.9312060769708062 1 CAMERA 1 284
285 1 0.74028430582288829 -0.38891076642760963 0.54252663806085444 0.079952544070845483 0.10473998039455885 0.76971820314116468 3.9313453416187722 1 CAMERA 1 285
286 1 0.74639735428694043 -0.3874038594532177 0.53619265787871506 0.072846913669463262 0.028415495568183503 0.76420592637927331 3.9237743687653457 1 CAMERA 1 286
287 1 0.75673199996354978 -0.38605034556990198 0.52182317218598584 0.077604045553567952 -0.095297537726282883 0.68927196041346217 3.9290931161221878 1 CAMERA 1 287
288 1 0.76934910462301742 -0.37060855870295784 0.51327930262849442 0.085414336765463977 -0.16540070935406551 0.51277735264303259 3.946652700536827 1 CAMERA 1 288
289 1 0.77446512723202676 -0.36215867709395239 0.50988788609022762 0.095179845164183707 -0.17536204892379659 0.39701465340903763 3.9493160466026227 1 CAMERA 1 289
290 1 0.77227354468542941 -0.35161772469024005 0.51956558018405885 0.1000507658674475 -0.079712905883088866 0.32442952241027573 3.9434939290138784 1 CAMERA 1 290
291 1 0.77346341782917671 -0.3429173101285789 0.52485962823012122 0.093190291062576452 -0.053995461382659225 0.30096819028808997 3.9277830071253179 1 CAMERA 1 291
292 1 0.77880089400622365 -0.34577185084374085 0.51698975872794484 0.081440677978650095 -0.15172784321014884 0.34724111384270701 3.9054793569638626 1 CAMERA 1 292
293 1 0.782713961879138 -0.35105053209560094 0.50663940949312725 0.08624897995521065 -0.22592440568002245 0.33846166010899265 3.8898095455164734 1 CAMERA 1 293
294 1 0.78494687735728963 -0.3540834385294811 0.50049025276842762 0.089402601583929042 -0.26862715048893965 0.33029267022654829 3.8759716045589396 1 CAMERA 1 294
295 1 0.77881949988158938 -0.3724618024421667 0.49895003955322687 0.075902900837561821 -0.30239262526672439 0.50759639559162462 3.8418008884268438 1 CAMERA 1 295
296 1 0.77461852462462066 -0.37315558302766866 0.50583655110392467 0.069645069681516986 -0.25534221395558981 0.55155198169442865 3.8285845873610875 1 CAMERA 1 296
297 1 0.77203628868250607 -0.38072085456156129 0.50452422850213374 0.066834891438406943 -0.26752332096838544 0.6099351727049942 3.8109928875458472 1 CAMERA 1 297
298 1 0.78577112272576899 -0.36511950455224446 0.4945074779122533 0.0686574422380445 -0.36195866333918864 0.46511926787843583 3.8167797012251192 1 CAMERA 1 298
299 1 0.78027844166574978 -0.38054586407667201 0.49283624164075723 0.058845881174653308 -0.38662858774359993 0.60657361438522928 3.7877941848321206 1 CAMERA 1 299
300 1 0.77374298039678635 -0.39103758896845259 0.4953537362366392 0.055100637898666843 -0.36395995840847117 0.69856738624127612 3.7621100145640365 1 CAMERA 1 300
301 1 0.77468767197842225 -0.39283353867833842 0.4924223507995118 0.055326758509689308 -0.38709576392847656 0.69878658148276773 3.7408483358616684 1 CAMERA 1 301
302 1 0.78204317898703823 -0.38868822234098577 0.48532470758858504 0.042306739620374532 -0.47753793179575088 0.70388628354308269 3.7111796594470827 1 CAMERA 1 302
303 1 0.78279109092307531 -0.39347365145533741 0.48113279348077831 0.030460279369174781 -0.53224509119843377 0.77409500404959108 3.6749701596580087 1 CAMERA 1 303
304 1 0.7863656306243032 -0.39349281587367207 0.47525328298433356 0.030443650261808952 -0.58246609446126774 0.76020444306727819 3.6574108505927936 1 CAMERA 1 304
305 1 0.79842258020743573 -0.38406425641863617 0.46343999712666217 0.015472537598609736 -0.71429036447576855 0.73573074742745481 3.6272466878716352 1 CAMERA 1 305
306 1 0.80076968951132121 -0.3769815261108988 0.46524425285902277 0.014163986468844822 -0.70693174968051309 0.69914711558380549 3.6260375902144792 1 CAMERA 1 306
307 1 0.80420206841393027 -0.38252579583318219 0.45485751683373882 0.0061390602531441437 -0.79994057398542107 0.74647689122837957 3.5861179364487481 1 CAMERA 1 307
308 1 0.80862475299486192 -0.38302679481768742 0.44620642695105628 0.017785045495007007 -0.84887539810572765 0.67479984681202321 3.5782528713240866 1 CAMERA 1 308
309 1 0.80783194250528911 -0.37839028762832783 0.45054228198566615 0.035213563293584556 -0.78411151261519196 0.57589205859548864 3.5985847928681656 1 CAMERA 1 309
310 1 0.80288967780932352 -0.38488078829888084 0.45374151205730184 0.036791089976055888 -0.7493919403960998 0.61793182389809931 3.5863607724548818 1 CAMERA 1 310
311 1 0.79970898334096607 -0.39189440784005419 0.45424077393862522 0.023444282012687934 -0.76343393739219345 0.72150995274987484 3.5517857563808399 1 CAMERA 1 311
312 1 0.80434512310231554 -0.39708717825712819 0.44165791349831823 0.016999507334761601 -0.87132774579948524 0.75135966398554832 3.5093496235297725 1 CAMERA 1 312
313 1 0.81152248444852371 -0.39504570955363616 0.43043165594731631 0.0099365062376392914 -0.97278153150047786 0.74158471329984932 3.4744522808033591 1 CAMERA 1 313
314 1 0.81401728670481277 -0.39667928950013587 0.42421807656739147 0.0077731422774086666 -1.0229081588487443 0.74487503292341151 3.4508287249182779 1 CAMERA 1 314
315 1 0.81757406503759211 -0.40034882927719889 0.4135185731067344 0.017200371218491949 -1.0862053863722243 0.69594845510322678 3.4345347665844042 1 CAMERA 1 315
316 1 0.81452226808228234 -0.38891047490113395 0.42995810327511991 0.020931954957208315 -0.95901902550951024 0.64426649972713224 3.4741893686091148 1 CAMERA 1 316
317 1 0.82085597206261884 -0.37311370259346871 0.43166202504464007 0.025485960850760134 -0.94816829436398198 0.52815248256404368 3.4833736940670232 1 CAMERA 1 317
318 1 0.816376388050013 -0.38368501976859981 0.43106274455321542 0.022367585874050026 -0.94947370008071397 0.60131673980758626 3.4511726179694024 1 CAMERA 1 318
319 1 0.81057894268211439 -0.39124609849025371 0.43464372159982223 0.0311946048277034 -0.89973030466845372 0.61378457124920804 3.4430447316400143 1 CAMERA 1 319
320 1 0.80987646122070944 -0.39857880349407931 0.42975361103139476 0.023385653108806168 -0.94462751049927163 0.67809468294619057 3.4018017997068397 1 CAMERA 1 320
321 1 0.81413476830131781 -0.3965391230309977 0.42385936595097817 0.01686833851929765 -1.0015207785480247 0.67806582046066921 3.3708058040850353 1 CAMERA 1 321
322 1 0.81788825467322512 -0.39585186639243419 0.41691089153048738 0.023354041715864433 -1.0426218829574452 0.62720252653350972 3.3547188644079182 1 CAMERA 1 322
323 1 0.81769980197821379 -0.39541137543918253 0.41740678260212077 0.028079456117057991 -1.0303620288825914 0.60285790613740164 3.3508529598232637 1 CAMERA 1 323
324 1 0.81653180151381888 -0.39479680608041906 0.42066031142363669 0.021358872120659681 -1.0172137732917221 0.63433929643947029 3.337336340854177 1 CAMERA 1 324
325 1 0.81167872022299314 -0.39878905953325339 0.42661918495934947 0.011874854035642108 -0.98462905239295595 0.71002052666660997 3.32059895882553 1 CAMERA 1 325
326 1 0.812002503490724 -0.40081189793190053 0.42412420704813292 0.010973322050195827 -1.003275107242831 0.7172565169557924 3.3034800018686559 1 CAMERA 1 326
327 1 0.81197576519736447 -0.39916342565337642 0.42575737180850876 0.0097250554511082964 -0.9939869241022552 0.71338228143497884 3.2971190070857257 1 CAMERA 1 327
328 1 0.81109298538125474 -0.39310517515657306 0.43312223799986049 0.0012717234117522484 -0.95538304715394418 0.72858967591665513 3.2955241488180023 1 CAMERA 1 328
329 1 0.81143053206707016 -0.388669855604861 0.43637027649633792 -0.0098598561834254295 -0.94923263505209166 0.75646055928377254 3.2826127297393417 1 CAMERA 1 329
330 1 0.81956993149986879 -0.3762477948058025 0.4318488002363926 -0.015790440762043327 -0.9999652893062152 0.69892342376880157 3.2742961072277814 1 CAMERA 1 330
331 1 0.82150509698428531 -0.36692882190540088 0.43604547428501778 -0.018893375545641609 -0.9799060541185215 0.66320780869724827 3.2825678259611655 1 CAMERA 1 331
332 1 0.82095811938059826 -0.36361444679272253 0.44004017391943273 -0.013302091702035865 -0.94518701801042115 0.62108196665218651 3.2931709773106732 1 CAMERA 1 332
333 1 0.81388245768164424 -0.38082075255209097 0.4378279310378918 -0.029624353272684003 -0.96785370515499836 0.78030596341292491 3.2378578479124434 1 CAMERA 1 333
334 1 0.8092168197072136 -0.38136152723648936 0.44584517250489009 -0.030880518144618622 -0.90998599401061386 0.79829931146018918 3.2294533468873432 1 CAMERA 1 334
335 1 0.81676633593454029 -0.37303132314725518 0.43874481458279729 -0.035261481985030284 -0.97535502617137604 0.75501502631033457 3.2008966693291252 1 CAMERA 1 335
336 1 0.8191002202355474 -0.37282030392445442 0.43483553661904734 -0.031589654714484057 -1.0013526020563073 0.72641325039010329 3.1819687583782947 1 CAMERA 1 336
337 1 0.81791975186066534 -0.37171855326665199 0.43828772062052335 -0.027137992313376276 -0.97255469669985206 0.70368170371186833 3.1802771759770065 1 CAMERA 1 337
338 1 0.8192781358985296 -0.37044219940243772 0.43712290569051565 -0.021896992058166934 -0.97654994350411772 0.66918853228162978 3.1729558362687067 1 CAMERA 1 338
339 1 0.82394791697685521 -0.36521935914006565 0.43288658857141221 -0.018271596915048992 -1.0077947941619296 0.61480253419445796 3.1623811176867176 1 CAMERA 1 339
340 1 0.8230120236203432 -0.36997534588260322 0.43038579076811573 -0.023184553485014425 -1.0288238563762291 0.65605685182863405 3.1363909361611206 1 CAMERA 1 340
341 1 0.82706882041879126 -0.36363627923729841 0.42790840023699267 -0.024904291199317034 -1.0543025237482506 0.62369777952986161 3.1238674057159037 1 CAMERA 1 341
342 1 0.8283574913733972 -0.36172443134767335 0.42747980423737636 -0.015502232773019122 -1.048133033720561 0.56916588772478582 3.1270560035380446 1 CAMERA 1 342
343 1 0.8261260485532691 -0.35805834726589264 0.43503389631710271 -0.0074485508751473807 -0.98698143922739112 0.52655034771303066 3.1457261530000049 1 CAMERA 1 343
344 1 0.82714661101936726 -0.35469092855051387 0.43588879226248528 -0.0048774853256364796 -0.97962105645753217 0.49742863427368944 3.1447915027816618 1 CAMERA 1 344
345 1 0.83113523393180355 -0.35218340805603399 0.43032578551947753 0.00088787623452036895 -1.0129349170010258 0.44666339307659714 3.1358696979255303 1 CAMERA 1 345
346 1 0.83185376744082373 -0.34887884909894207 0.43156457743709098 0.0074076816515513694 -0.99769524310666158 0.40017986658391469 3.1409926959067302 1 CAMERA 1 346
347 1 0.82902190242031371 -0.34741536421703978 0.43820194426759057 0.0020751032381539614 -0.96018327835014949 0.42526029904840285 3.1410518681113806 1 CAMERA 1 347
348 1 0.81864823538609888 -0.36078652682152429 0.44678743117740205 -0.0053981575733092193 -0.89967616980504372 0.5415907523217357 3.1284396862567685 1 CAMERA 1 348
349 1 0.81703533473361056 -0.3592085523767039 0.45102239172527525 0.0011313083497332627 -0.86151363398417102 0.51160813684649453 3.1283125588443959 1 CAMERA 1 349
350 1 0.8162910094701068 -0.35741792808716993 0.45372226496098539 0.0075841162189117335 -0.83459358595772037 0.47820794827904556 3.1258211089896761 1 CAMERA 1 350
351 1 0.80580987622805611 -0.3666042113911856 0.46500325185665203 -0.0066159901988063303 -0.76713659092341679 0.60416004801358314 3.1078970453018306 1 CAMERA 1 351
352 1 0.80315570964620553 -0.37006890145824273 0.46678042478278342 -0.010293166460987685 -0.75661538166036291 0.63845160896599273 3.0920194713533036 1 CAMERA 1 352
353 1 0.79841802759039693 -0.37797658250776967 0.46862561498044525 -0.0072380438384044374 -0.73380257348784472 0.6694396897692938 3.0802436874493986 1 CAMERA 1 353
354 1 0.79869009126255952 -0.38020766881465373 0.46617739518634393 -0.014659567210738973 -0.75945013439525444 0.7039401108988228 3.0565497275579285 1 CAMERA 1 354
355 1 0.80321163891147218 -0.38191692347295114 0.45691114585161452 -0.014924191055721821 -0.8259413143372486 0.69483332606069104 3.0328183735458478 1 CAMERA 1 355
356 1 0.80316460109960608 -0.38876015297362421 0.45134814379085775 -0.008776109444519984 -0.85352534871616748 0.69392783076934117 3.0174117737108297 1 CAMERA 1 356
357 1 0.80373448603080144 -0.38682510932414993 0.45192509674150438 -0.011870875972092906 -0.8549877027314231 0.69493888338968268 3.0090021079927465 1 CAMERA 1 357
358 1 0.80414465610830244 -0.38102826537706369 0.45577373201177007 -0.020955625599563932 -0.84313327606677502 0.70657116205178605 3.0029828460806947 1 CAMERA 1 358
359 1 0.80879996180584024 -0.37125233859829587 0.45573701622896651 -0.01783521535856078 -0.84790380964599843 0.63958697504350304 3.0114679230750041 1 CAMERA 1 359
360 1 0.80685395708132401 -0.36990177374763378 0.46036858125919683 -0.014837085628843954 -0.81324157096741689 0.6247144593765428 3.0197140753132534 1 CAMERA 1 360
361 1 0.81145833132209522 -0.37512567915424128 0.44795679773701325 -0.012280420523368909 -0.89212639533990901 0.61485641291390292 2.9940899238393115 1 CAMERA 1 361
362 1 0.80069395311124525 -0.37679803497024467 0.46572351502305814 0.0037472454171759979 -0.74791623692097298 0.58913489188587376 3.0279550758239107 1 CAMERA 1 362
363 1 0.7969945600095365 -0.37616042834076446 0.47254944346328509 0.00016415918349585437 -0.70605161033313635 0.61040977299120469 3.0181858338087806 1 CAMERA 1 363
364 1 0.79653964433661972 -0.36083321738409757 0.48496508897357843 0.011525914678735377 -0.61603880495367969 0.50678540681860584 3.0408383109941659 1 CAMERA 1 364
365 1 0.79464526366567867 -0.36008275703160247 0.48875192158380509 -0.00093390061679008633 -0.60754627334939337 0.55679571255392568 3.0201449644058691 1 CAMERA 1 365
366 1 0.7980965462963282 -0.35529198874939016 0.48662632242014042 -0.0020803481020404092 -0.62946168215264697 0.53270197764884775 3.0082345520951548 1 CAMERA 1 366
367 1 0.79879594850735847 -0.36043190171462763 0.4816755713503067 0.0015877150128614456 -0.6562377429689753 0.53606043337384213 2.9917356709942906 1 CAMERA 1 367
368 1 0.80051658882111232 -0.35817073137177691 0.48048453689703952 0.0046398290544082876 -0.66326462904778272 0.50999720352000932 2.9857008827254816 1 CAMERA 1 368
369 1 0.80220285856828333 -0.35748097701077153 0.47819369800133565 0.0029516050051573007 -0.68305219162667186 0.5087966017459381 2.973008563801609 1 CAMERA 1 369
370 1 0.80140835081288408 -0.35999365239921322 0.47764675867227352 -0.0016731436037229609 -0.69188235754482552 0.53772023590957552 2.9584672392883666 1 CAMERA 1 370
371 1 0.80120134644737695 -0.36166128785402246 0.4766699654498871 -0.0079535750882004288 -0.70614196761770254 0.56677083494362213 2.9430779668453773 1 CAMERA 1 371
372 1 0.80013636117274434 -0.36350140893029287 0.47712022805802434 -0.0021948149786372743 -0.69527706448623261 0.55056716984367915 2.9412455583105515 1 CAMERA 1 372
373 1 0.8042346747498057 -0.35906764751484482 0.47357889000599024 -0.00021766700164905779 -0.72097405862946384 0.51023855246512262 2.9309284222154006 1 CAMERA 1 373
374 1 0.80505860724127043 -0.36289223292640949 0.46916211247679773 0.008762328728093724 -0.73647349301693299 0.48434922718811946 2.9174405749335617 1 CAMERA 1 374
375 1 0.80358466835188835 -0.36779957657207574 0.4678986545527955 0.0067824280955420813 -0.74428242440472947 0.51160910363630729 2.8982238188087051 1 CAMERA 1 375
376 1 0.80211646885738852 -0.36789711855714397 0.47038256964564218 0.0010576949785092203 -0.73573327955474155 0.53538371591052203 2.8850665991842868 1 CAMERA 1 376
377 1 0.80136782888241265 -0.36974387113780144 0.47019625455758168 0.0038150738319174425 -0.73200206218943287 0.5301323011910184 2.8765763322052771 1 CAMERA 1 377
378 1 0.79969828665208242 -0.37179349041302817 0.47138819956688577 0.0067391484114257133 -0.71890237657302691 0.52852388690547092 2.8703695604412518 1 CAMERA 1 378
379 1 0.80106642818632712 -0.37123758405920637 0.46952629608922353 0.0045045638433390874 -0.73459518531786516 0.52782923206864241 2.8578580237412265 1 CAMERA 1 379
380 1 0.80259082033921025 -0.36985535938049979 0.46801650671146217 0.003941787710537584 -0.74704273930608145 0.51732664772208137 2.8490100972590411 1 CAMERA 1 380
381 1 0.8035575755478217 -0.37124098002931227 0.4652539931826421 0.0037522465522372588 -0.76473199526175117 0.51730163201737023 2.8373486133811028 1 CAMERA 1 381
382 1 0.80626751105593197 -0.37094234662170533 0.46079625648028627 -0.0011340688733845815 -0.80044294447967623 0.52454607625624783 2.8201460756657402 1 CAMERA 1 382
383 1 0.80951075690994456 -0.36782322129289358 0.45759418817383346 -0.0024436191065604473 -0.82553925069609613 0.50609826009766468 2.811862868902693 1 CAMERA 1 383
384 1 0.81237943674358637 -0.36681218097014651 0.45329643198507069 0.0032892852874455251 -0.84688349324690837 0.46702862742846263 2.8073591501224828 1 CAMERA 1 384
385 1 0.8119724308706493 -0.36685358522483674 0.45385332009149437 0.011678285645583483 -0.83227326433060189 0.43208934753921968 2.8073073317692177 1 CAMERA 1 385
386 1 0.81596769696704108 -0.35674172786772562 0.45484195016064316 0.0071314429336284211 -0.83966187451748453 0.40167460689968665 2.7933173946538878 1 CAMERA 1 386
387 1 0.82881212161197504 -0.33937940100269359 0.44455497585370318 0.016216124315720271 -0.90400510587325755 0.26693021195038596 2.7738590231291034 1 CAMERA 1 387
388 1 0.83112041946363935 -0.33478692232974616 0.44382026777663358 0.013421434283935664 -0.91646299453779989 0.25582192935889292 2.7581865687135068 1 CAMERA 1 388
389 1 0.8298228601460963 -0.34152124627549685 0.44104161004955861 0.01547763955766098 -0.92561650608758506 0.27408400258325033 2.742238664427473 1 CAMERA 1 389
390 1 0.83254560218535301 -0.3430567113101583 0.43469673943023696 0.014787083404362621 -0.9650879861453171 0.27348074793441518 2.7191583908249894 1 CAMERA 1 390
391 1 0.83887321986325702 -0.33997183344295739 0.42507549962366509 0.0046575832120562422 -1.0404148823268162 0.28411834103260636 2.6818577593634414 1 CAMERA 1 391
392 1 0.84067050086915263 -0.33736305078839923 0.42362520687157856 0.00098236152418561262 -1.0563913154399163 0.28525028882162284 2.6681696479929022 1 CAMERA 1 392
393 1 0.84661633995965402 -0.33115875922423449 0.41661934101829445 -0.0017244685753346428 -1.1048305849516558 0.25782773013081528 2.6448901219306 1 CAMERA 1 393
394 1 0.85332130460525923 -0.31928503756203552 0.41215046232884217 0.0056402391713133125 -1.1285372631040111 0.16886250386023277 2.6366259511666539 1 CAMERA 1 394
395 1 0.85122641166627311 -0.3260243268269799 0.41103206300327577 0.013205210412795357 -1.1193864443164323 0.16381917038561339 2.6350681087847097 1 CAMERA 1 395
396 1 0.84506996981327609 -0.32940956100546459 0.42098711178403747 0.010767495052715041 -1.0628817648432303 0.20413184135895118 2.6482948298115296 1 CAMERA 1 396
397 1 0.8361292242625743 -0.32963772744406122 0.43820349410307063 0.014303381958160302 -0.95594406563198586 0.21957474777702241 2.677781793825516 1 CAMERA 1 397
398 1 0.8325629967221716 -0.32350149454846727 0.44891092308233382 0.025780276400235582 -0.87852816695293723 0.16692619203754008 2.6934302116065107 1 CAMERA 1 398
399 1 0.83031130353873117 -0.31899017231187887 0.45565119193023201 0.034790810235027982 -0.82690027659557486 0.12663020445588066 2.6977341290059411 1 CAMERA 1 399
400 1 0.82441737539154258 -0.32822002160484159 0.46005762431170666 0.030896454212521459 -0.80189608713697147 0.19234700815274625 2.6900050372481616 1 CAMERA 1 400
401 1 0.81327109432191969 -0.3416956843885155 0.4703372796153461 0.024840084837358674 -0.7404051773918916 0.29375163956192146 2.6875682122087863 1 CAMERA 1 401
402 1 0.81158429580772429 -0.346227384418058 0.4700280525844352 0.023046883975805829 -0.74242982637952259 0.32093081123239847 2.674366332574118 1 CAMERA 1 402
403 1 0.80679500982870478 -0.34758866241909719 0.47686039210855807 0.029463542069398323 -0.69194635914609648 0.31483263537589168 2.6797481856850891 1 CAMERA 1 403
404 1 0.80398251713942925 -0.35853121129099447 0.4738969232234857 0.022117613426257308 -0.71333340842234694 0.38368766751881328 2.6568793805159019 1 CAMERA 1 404
405 1 0.80414147450507012 -0.35641998369482081 0.47533155546531447 0.019524256265480794 -0.71012742693234054 0.38452381931915908 2.6500296814851674 1 CAMERA 1 405
406 1 0.80630277893629865 -0.35245780280890593 0.47439037629097619 0.024558029261868546 -0.71203005133849451 0.3440070477190772 2.6478199714452275 1 CAMERA 1 406
407 1 0.79963495223456094 -0.35898878436740411 0.48076765405098887 0.023946997338989126 -0.67010280184564275 0.3833247252133421 2.6459840513596578 1 CAMERA 1 407
408 1 0.80446990684381903 -0.34491290722845419 0.4829511699100219 0.024928355189504533 -0.66445987034544163 0.31842318515151097 2.6501460364848937 1 CAMERA 1 408
409 1 0.80293099008336133 -0.35377616830478331 0.4796315290096882 0.0098916269221756871 -0.69926869119995216 0.40162949596059633 2.6254322324798167 1 CAMERA 1 409
410 1 0.80424540399636779 -0.35002772507139213 0.47990735890790354 0.018943302196442871 -0.68891015891220109 0.3508748142528697 2.627476914893522 1 CAMERA 1 410
411 1 0.80050721281761039 -0.35830838249411151 0.47988356585380004 0.022695120287767968 -0.6786683730726023 0.37348593174781436 2.6136860666575177 1 CAMERA 1 411
412 1 0.79693507263164975 -0.36129966087523036 0.48358340389115662 0.022452985148380632 -0.65484869830813475 0.39348525059017203 2.6036146801591049 1 CAMERA 1 412
413 1 0.78921024504606452 -0.36233760605250442 0.49550630652935312 0.018224942911009775 -0.58726173233168422 0.43161663536674555 2.6017168322582727 1 CAMERA 1 413
414 1 0.78281226963486528 -0.35640456886688959 0.50969235893900622 0.019860338343259152 -0.50117124984794159 0.42199072507734564 2.6102304356146298 1 CAMERA 1 414
415 1 0.78018472654428039 -0.35742719034473214 0.51309086359265565 0.017186092256233763 -0.48255012891013938 0.43881685276862908 2.6012577236039434 1 CAMERA 1 415
416 1 0.78055123407424276 -0.3573998036390062 0.51232057454046209 0.023082032980379221 -0.48092936356101662 0.41493347427182287 2.5971712416342498 1 CAMERA 1 416
417 1 0.77009801739957895 -0.39254754105160727 0.50274137000325436 0.010324073751447614 -0.5323481977626221 0.5941593769807072 2.5447589343129544 1 CAMERA 1 417
418 1 0.78138098428884351 -0.36303444645175664 0.5063364545057667 0.03568112834250553 -0.49909498806790614 0.38442968466304434 2.5850600168645159 1 CAMERA 1 418
419 1 0.79020626544907946 -0.33891334452820965 0.50812804557274371 0.050176610568529727 -0.48247849263323334 0.23227418521507909 2.6002964643068127 1 CAMERA 1 419
420 1 0.79142565100134354 -0.33738926562691057 0.50725655465260511 0.050047079223489728 -0.48893720941454732 0.22235728671671964 2.5930222586245848 1 CAMERA 1 420
421 1 0.78747805993534981 -0.33917414779767857 0.51246329331633944 0.047122983665591589 -0.46234536948662508 0.24752742999008309 2.5836684192484096 1 CAMERA 1 421
422 1 0.79099779863377462 -0.32538448131636577 0.51463493923658898 0.059985841595786273 -0.43932708999795639 0.15010956965335673 2.5785864414397599 1 CAMERA 1 422
423 1 0.79163716841052933 -0.31722154934632379 0.51856280173729208 0.061430471882014795 -0.41997423183711075 0.11950939477912124 2.5677706519208687 1 CAMERA 1 423
424 1 0.79170871330602621 -0.32030495905949496 0.51791332852832062 0.048660359738986927 -0.44368897454613215 0.17598464219996757 2.5467753763267935 1 CAMERA 1 424
425 1 0.79319545846863093 -0.32440676501088667 0.51359261617630181 0.04270644083849115 -0.47714829432666273 0.20739746170804718 2.526172585284943 1 CAMERA 1 425
426 1 0.7933463467646853 -0.32441179774569578 0.51311770315415117 0.045483868220964833 -0.4767872091842989 0.19802846778556571 2.5158255929943656 1 CAMERA 1 426
427 1 0.79577165214333434 -0.31908792671517666 0.51195579410966296 0.053213133221251215 -0.47566544345429301 0.14932855666634345 2.5100559351908087 1 CAMERA 1 427
428 1 0.80057722800141584 -0.31789630563967047 0.50517022629645569 0.053113871350204143 -0.51663659222771086 0.13439092991908971 2.4945504857201217 1 CAMERA 1 428
429 1 0.80784710647115154 -0.31303025374277255 0.49710392976240902 0.047778612607456104 -0.57545101956394951 0.11892724841241147 2.4752366702587132 1 CAMERA 1 429
430 1 0.81494985908332618 -0.30620896938798076 0.49000517218651268 0.044583915001750685 -0.62531111630552283 0.090479549751012231 2.4589771678968018 1 CAMERA 1 430
431 1 0.81282361003554759 -0.30317106196866894 0.49462811388311956 0.052422467606908697 -0.58944198225337552 0.058445563343904536 2.4643161356992578 1 CAMERA 1 431
432 1 0.81251211188353989 -0.30177587527487404 0.4950949192479378 0.060302654000563123 -0.57417484586083789 0.02677288039835974 2.4654362639793117 1 CAMERA 1 432
433 1 0.81258338419111753 -0.30203406073089478 0.49374855175304133 0.06852764067652771 -0.56792988290013113 -0.0017026696808770852 2.4636228112607137 1 CAMERA 1 433
434 1 0.81329650325715452 -0.30932055408773174 0.48683313019536706 0.07657085576591649 -0.58821064904744913 -0.0096362497253875273 2.4549886802045213 1 CAMERA 1 434
435 1 0.81000418329390533 -0.3159884510712484 0.48931087820385005 0.067966067322920709 -0.58633262894279503 0.049628876719478798 2.4471167084477834 1 CAMERA 1 435
436 1 0.80209832320478036 -0.31910895412514084 0.49807178890915799 0.082050279719630748 -0.51221371130785665 0.034029304116727582 2.4498119013925344 1 CAMERA 1 436
437 1 0.80311535520363353 -0.31398169424743538 0.49870570356320948 0.087828487105129055 -0.50089552216548261 8.7539134900061733e-05 2.4380475399067523 1 CAMERA 1 437
438 1 0.80512665284060325 -0.31762941346507811 0.49634197073493269 0.067285040495495205 -0.54832302845070813 0.077849493160571132 2.414551528636983 1 CAMERA 1 438
439 1 0.80388906674913718 -0.32571018497293203 0.49423829337265823 0.058341692897806871 -0.57110826246815383 0.1364956908535877 2.3962766550986832 1 CAMERA 1 439
440 1 0.80246482211959846 -0.33069735607288697 0.49356534320271905 0.055522247218078857 -0.57636517054996805 0.16506642235441288 2.3834186495111251 1 CAMERA 1 440
441 1 0.80080750832812642 -0.32150539331787154 0.50197857010517721 0.057958017805823998 -0.53228159400790609 0.13695208203518308 2.3862938662963815 1 CAMERA 1 441
442 1 0.79991258812232435 -0.32770938371952724 0.50017983202179273 0.050661097740412629 -0.54965797274561523 0.18228706752913512 2.3701442385319913 1 CAMERA 1 442
443 1 0.79963242989706318 -0.32872740011913304 0.50093889228045596 0.039830888374019678 -0.56039048117165602 0.22170450139903103 2.3537008159397912 1 CAMERA 1 443
444 1 0.79843520505046373 -0.33703548094845637 0.4973555403207397 0.039316337954237467 -0.57627368696215109 0.24868571092993541 2.3367488985804887 1 CAMERA 1 444
445 1 0.79981116311665523 -0.33819911752753906 0.49456139329811349 0.03650326720453103 -0.5949833639133727 0.25669142878810691 2.3214575133185922 1 CAMERA 1 445
446 1 0.80183249705624771 -0.33916806041777836 0.49085437023301925 0.033040288741637849 -0.61931544413288819 0.26450143839312135 2.3051973503300172 1 CAMERA 1 446
447 1 0.80259933542807749 -0.33764055574730123 0.49044777358248653 0.035974202882674916 -0.61862951398873334 0.24686645333586243 2.2990014819651314 1 CAMERA 1 447
448 1 0.80415545969252089 -0.33412641598651804 0.49030723775359386 0.035949233554492192 -0.62067698989333298 0.23202051467532081 2.2922290009143187 1 CAMERA 1 448
449 1 0.80622093241906378 -0.33259180548767303 0.48790854655774124 0.036547903465147684 -0.63344965350560134 0.21920349074584006 2.2839002821862695 1 CAMERA 1 449
450 1 0.80911028129081963 -0.33083140033939179 0.48451120059220759 0.033764385966065541 -0.6557350673823803 0.21554184108210758 2.2726885929605172 1 CAMERA 1 450
451 1 0.8097694877656707 -0.33349954580746544 0.48025243632128184 0.049081840199921047 -0.65590628073007218 0.1681952980455006 2.269249459711669 1 CAMERA 1 451
452 1 0.80852634908267196 -0.33073612807130015 0.48377451328226667 0.053488098918879227 -0.63252819860305398 0.14893769354509964 2.2655029075767228 1 CAMERA 1 452
453 1 0.81133439220358639 -0.32571953268252302 0.48388212472569658 0.038747637704269568 -0.65506824994386448 0.17853126103375427 2.2421152476608381 1 CAMERA 1 453
454 1 0.80966943736897312 -0.33776723234745026 0.47872463517708946 0.034226051737186278 -0.68240934854279511 0.2305279192764568 2.2170636393706853 1 CAMERA 1 454
455 1 0.80898448366804265 -0.3446963542124179 0.47523810561360907 0.029618770227781133 -0.70241921203949509 0.26687350989702474 2.1957423298481573 1 CAMERA 1 455
456 1 0.80442539525950274 -0.35115786866590337 0.47758705938408236 0.038710921514190623 -0.6775037465863144 0.26706023052538153 2.1937674562215981 1 CAMERA 1 456
457 1 0.80558496129109258 -0.33002560821289917 0.48834431639307835 0.06029756804309748 -0.60618463195269523 0.14399032766450406 2.2163897013058347 1 CAMERA 1 457
458 1 0.81225857738914897 -0.33790047093449482 0.47337218099980716 0.044475312876790553 -0.69782139197021509 0.19930847121306547 2.1753590924663246 1 CAMERA 1 458
459 1 0.81952324419248668 -0.34505081140742688 0.45483372478542949 0.04947597975897542 -0.77766431930132607 0.18096359046161234 2.140256884242747 1 CAMERA 1 459
460 1 0.82109812777848878 -0.34293780616031999 0.45445009354128724 0.040824479726295451 -0.79243522657569387 0.20152365703344352 2.1247112095576868 1 CAMERA 1 460
461 1 0.81926157697007829 -0.34779137149569683 0.45492789806964556 0.029870352719327319 -0.80158173572700253 0.25472507416760426 2.1076368108037271 1 CAMERA 1 461
462 1 0.81773088812284822 -0.3652664174393131 0.4432890714528479 0.03730198428152684 -0.84031404906824547 0.27117968338263254 2.0811107087930401 1 CAMERA 1 462
463 1 0.8178024904462865 -0.3576272869808147 0.44783207406158165 0.052423693768138019 -0.80386485542152353 0.205039861254766 2.0911240360351693 1 CAMERA 1 463
464 1 0.81846672182993818 -0.35355528443568679 0.45073333746451399 0.044162706016002411 -0.80210442394732617 0.22286831041513355 2.0794556921973695 1 CAMERA 1 464
465 1 0.82352127192116731 -0.35372551294357002 0.44253050327968768 0.029287025338490553 -0.85608831247060202 0.25834559886588893 2.0442779273432974 1 CAMERA 1 465
466 1 0.82380332256223854 -0.3639577593609557 0.43349248835625681 0.031098194080520551 -0.89023062140906728 0.27086740457284336 2.0204481985880234 1 CAMERA 1 466
467 1 0.82081663359433765 -0.35639738498382034 0.44436362667528273 0.04221285680386215 -0.83157112457247029 0.22511934549783824 2.0429208214204881 1 CAMERA 1 467
468 1 0.81744908897261237 -0.35011544439630116 0.45585110744273383 0.037362151654578263 -0.78722599239752156 0.23566646137837022 2.0473590350916937 1 CAMERA 1 468
469 1 0.80692660077183054 -0.36500668451075685 0.46258876474197075 0.040635156746113954 -0.74648837262236267 0.28367247630069475 2.0441053698021769 1 CAMERA 1 469
470 1 0.7993397538778898 -0.36731199125308828 0.47238656733043866 0.054669826759291058 -0.68276998705313363 0.26336180405763893 2.0574372210375964 1 CAMERA 1 470
471 1 0.80118496554877128 -0.3603425339618912 0.47496213429959017 0.051641845223768162 -0.67711676704591128 0.25168271955136307 2.0503442449236489 1 CAMERA 1 471
472 1 0.80232774455324052 -0.35527276884678216 0.47637376775816453 0.055852335921976401 -0.66875739808442869 0.2242280932309422 2.0473699163305086 1 CAMERA 1 472
473 1 0.79866400678838645 -0.3555170512606346 0.48227286500969296 0.056181083996360265 -0.64272120797362697 0.23335658247225366 2.0466075821961871 1 CAMERA 1 473
474 1 0.79010731617142016 -0.34853892619254329 0.49963425499143099 0.067945986637196046 -0.55108489393189608 0.20416547988160508 2.068624924243017 1 CAMERA 1 474
475 1 0.76860563017729699 -0.34463850901974319 0.53170172213834599 0.088107672966239545 -0.37218598873619041 0.18704527371339824 2.1030544793058219 1 CAMERA 1 475
476 1 0.75100118612271338 -0.33993339159123165 0.55874379311875955 0.090817847226307216 -0.23592298838209516 0.20692898938701226 2.1143934824696098 1 CAMERA 1 476
477 1 0.73356353073589176 -0.3313126835562985 0.58382774505071344 0.10612076233242815 -0.088786079125886833 0.17754263777947929 2.1224366414453875 1 CAMERA 1 477
478 1 0.71657483132237609 -0.3262018661191316 0.60512718176203395 0.11804214310339713 0.038325850911491717 0.16515545119547104 2.1185029654739447 1 CAMERA 1 478
479 1 0.69187658985756628 -0.32402234547494213 0.63611319536776301 0.10805696053006736 0.18713153137792893 0.23149584233328177 2.0952149876218873 1 CAMERA 1 479
480 1 0.65286652804943113 -0.32735226589821842 0.67195965025585747 0.12278444116421841 0.40457619038426212 0.27633614106160437 2.0451909178093453 1 CAMERA 1 480
481 1 0.64699083974808014 -0.33028549214830888 0.67585750431461455 0.12462335583687485 0.42504563959650837 0.29264160841130982 2.0254429882100808 1 CAMERA 1 481
482 1 0.64856523124559839 -0.32871047234404865 0.67508731008097111 0.12477856369719406 0.41472660307979969 0.28603207340369363 2.0174225005249311 1 CAMERA 1 482
483 1 0.65360405341221794 -0.31912036831221635 0.67382458036408988 0.13009368466052623 0.40603446479115185 0.23749117642015449 2.0155588867386194 1 CAMERA 1 483
484 1 0.64557912789929306 -0.32240232641297367 0.6817127238730698 0.12063205069072817 0.43328953887610633 0.283764593687438 1.9951835494131334 1 CAMERA 1 484
485 1 0.63352535371608765 -0.32799991735318967 0.69126529146747873 0.11495206491224291 0.47837823525127399 0.33383930176760751 1.9689644393435159 1 CAMERA 1 485
486 1 0.6268193998275311 -0.32703004431398569 0.69764777569571412 0.11591536215130753 0.51386666632266176 0.34059401826957297 1.9517424855313121 1 CAMERA 1 486
487 1 0.62525550562928534 -0.31668291792823117 0.70263663356319273 0.12275684643925756 0.54531750285852187 0.29582737270269949 1.9440370997109078 1 CAMERA 1 487
488 1 0.61817935458149442 -0.32270404985026963 0.70827977026124056 0.10980049552768885 0.56069028773756746 0.35014898529845129 1.9240766031671543 1 CAMERA 1 488
489 1 0.60585450431218213 -0.32574758793135383 0.7177336669747405 0.10810740886978001 0.61017691937121465 0.37938071051490796 1.8936376883121984 1 CAMERA 1 489
490 1 0.59031428035442213 -0.32824170404079922 0.72979020320632315 0.10579552656944775 0.67331312833064161 0.4121004441828795 1.852056217263816 1 CAMERA 1 490
491 1 0.58606162058536559 -0.32893280064358987 0.73275008469753067 0.10682838065505308 0.68759804075303121 0.41689415221689824 1.833330941920718 1 CAMERA 1 491
492 1 0.57827484992305389 -0.32403338652851521 0.74088436123538171 0.10812458387513864 0.7301698943021554 0.40682670176235847 1.8079052967019049 1 CAMERA 1 492
493 1 0.5736982266357713 -0.31562750305716464 0.74863840693616013 0.10387569363888292 0.76276256011498211 0.39055985401269494 1.7880589720108702 1 CAMERA 1 493
494 1 0.56913527363451089 -0.31566527709056752 0.75203329386270867 0.10433790330608804 0.77912356029594632 0.39350255019849367 1.7714278493352442 1 CAMERA 1 494
495 1 0.5667641022193638 -0.31695385007879523 0.75373310990769982 0.10102033649010773 0.78259648294282402 0.40411533229925561 1.7592038865630422 1 CAMERA 1 495
496 1 0.57092875103624408 -0.31141830464147935 0.75361666555019868 0.095503519199143308 0.7699465003015199 0.38796297979213817 1.7606577529034935 1 CAMERA 1 496
497 1 0.57662061564463074 -0.31286503855051478 0.74950634776541802 0.088681271561341285 0.73592381646831539 0.39547830729459299 1.7661448392180807 1 CAMERA 1 497
498 1 0.59185552631157101 -0.30953017083098594 0.73971922832573744 0.081936393409580865 0.66799961256960627 0.377346209437601 1.7901462514667088 1 CAMERA 1 498
499 1 0.60045319927887641 -0.30620600430946426 0.73366932349486602 0.086157774827232941 0.63393781071342714 0.34694235993030725 1.8027853131565255 1 CAMERA 1 499
500 1 0.5970158865085945 -0.32002088472488027 0.73108030167047777 0.081732839823814157 0.61867595131768238 0.4009477158395201 1.7884838640370826 1 CAMERA 1 500
501 1 0.59262576739003348 -0.31418123105117013 0.736009686845434 0.09151281194582328 0.65001295674120063 0.36830321284492434 1.7710937232803587 1 CAMERA 1 501
502 1 0.60520171991593474 -0.31798348565367801 0.72382244655089267 0.093265464837804707 0.58189368509838746 0.3621146974724157 1.7821628548500776 1 CAMERA 1 502
503 1 0.60371645171069399 -0.32327368335790213 0.72316848662102373 0.089710152938908799 0.57328255583158239 0.38635507606328884 1.7677088883977921 1 CAMERA 1 503
504 1 0.60759435661830363 -0.32258535608949518 0.7205726132528365 0.086849840945055032 0.55331786444111231 0.38477859704223938 1.763795888707878 1 CAMERA 1 504
505 1 0.61590575157823979 -0.32581138942061555 0.71119863644569314 0.093292782220483345 0.50985279427657282 0.3720544497541286 1.7702929413542112 1 CAMERA 1 505
506 1 0.62792350049033663 -0.32729456161443155 0.7005063752884777 0.088775929450376198 0.44732546377400595 0.36977404468600317 1.7791978162528936 1 CAMERA 1 506
507 1 0.64243297029646207 -0.32769908020869376 0.68754293703419878 0.084722495482776924 0.37343955965314829 0.35938821495518958 1.7910454768215696 1 CAMERA 1 507
508 1 0.64699766792642044 -0.33161405226443241 0.68230602260331086 0.076711339173463552 0.33850949408444736 0.37957851545415178 1.787661554096361 1 CAMERA 1 508
509 1 0.64771385718703278 -0.33402559356530914 0.68058833261901819 0.075453187832613261 0.32859156633059022 0.38743266215163924 1.7832142180382122 1 CAMERA 1 509
510 1 0.65067348075158182 -0.33625416607208974 0.67626820281823619 0.078857308493109651 0.31008751704487081 0.38194275523520388 1.7831538724694398 1 CAMERA 1 510
511 1 0.64622291420574041 -0.34074054007907245 0.67911275813114125 0.07139811794141708 0.31841248764299107 0.41362183297852895 1.7682942809564886 1 CAMERA 1 511
512 1 0.63319890964535486 -0.34291425907801748 0.69018839841528368 0.07147675452798595 0.37451378029090737 0.43490932401119231 1.7412806877535443 1 CAMERA 1 512
513 1 0.64092535057171951 -0.33029475372233535 0.68811302452798195 0.081366677042713345 0.36599317655165259 0.37131579520840946 1.7442256266396401 1 CAMERA 1 513
514 1 0.65173780745699161 -0.323172505962598 0.68161377254096012 0.078740248942254509 0.32547073051789638 0.34543442082451403 1.7455835083815743 1 CAMERA 1 514
515 1 0.65724616648169865 -0.31906209914905237 0.67945963950282828 0.067538520996527199 0.30091896101086768 0.35219038794017077 1.738490556080398 1 CAMERA 1 515
516 1 0.66535207914417205 -0.32279567844978818 0.66942646470490519 0.070553306835048901 0.25401274644781158 0.34744413768691379 1.7385997020209873 1 CAMERA 1 516
517 1 0.66090068192818274 -0.32999279502990742 0.67014954762569656 0.072212378940779753 0.260777710227106 0.36964741179462401 1.725168908981948 1 CAMERA 1 517
518 1 0.6551642995935435 -0.33084312777803476 0.67497146854260592 0.075604774939065617 0.28733930379779904 0.3723916483563191 1.7132489086922351 1 CAMERA 1 518
519 1 0.64648117281844086 -0.32762511305921155 0.68477850630335757 0.076172670881193463 0.33354780732536665 0.37411486364126811 1.6951063826017521 1 CAMERA 1 519
520 1 0.65110719983812804 -0.32852425674710045 0.67912181046070774 0.083215344764581298 0.31095632601212542 0.35875367095852101 1.6930348319412794 1 CAMERA 1 520
521 1 0.65157288267760638 -0.331688493981948 0.67723301392907387 0.08240731984310945 0.30024958004439789 0.36957157180299988 1.6841451560273637 1 CAMERA 1 521
522 1 0.65572738178055434 -0.3283708552890407 0.67539305246349146 0.077707186694738112 0.28424371935967696 0.36633177858969113 1.6796331486483935 1 CAMERA 1 522
523 1 0.65790182982955514 -0.32946492971683383 0.67291814369500103 0.076152572377294531 0.27000182781450077 0.37041323072768817 1.6740738795753283 1 CAMERA 1 523
524 1 0.66116321049308102 -0.32912629263008791 0.67057455100035535 0.069777246583163158 0.25167586215251769 0.37844286376441039 1.6688280038331367 1 CAMERA 1 524
525 1 0.66216682869245824 -0.3345508149003405 0.66756410074525074 0.063000116071921797 0.23209765260493548 0.40434432971083295 1.6598569492590813 1 CAMERA 1 525
526 1 0.67550195613500563 -0.32208004594080286 0.65973328578919133 0.068655246604672801 0.19466842775861812 0.34466888427601339 1.674392728773124 1 CAMERA 1 526
527 1 0.67664382602760742 -0.32450888143294104 0.65790423566357281 0.063317732633066559 0.18166844761494108 0.35595437852557271 1.6726391257135249 1 CAMERA 1 527
528 1 0.67192005158823176 -0.32609038699684495 0.66151269591745221 0.067745530641808258 0.20140611332819067 0.35140359779658759 1.6718167418015508 1 CAMERA 1 528
529 1 0.69362078315105014 -0.3098518012299592 0.6436330233341051 0.092836424582558891 0.13887390267271224 0.22762733432574767 1.7032164850249549 1 CAMERA 1 529
530 1 0.64686103684028962 -0.35655285604995562 0.66749651957414602 0.094282852189179714 0.26878527390512202 0.39785980256259335 1.6604812415544741 1 CAMERA 1 530
531 1 0.64605383905045732 -0.33051996183308024 0.67773730101857188 0.11850376654810092 0.33400162954725338 0.28386441804954921 1.670868059213346 1 CAMERA 1 531
532 1 0.65908279471547204 -0.31530084909407619 0.67422628261215256 0.10776903129190303 0.30015098687068953 0.24449554915533442 1.6809942739368722 1 CAMERA 1 532
533 1 0.65901456954723603 -0.31064991584699403 0.67802971343293394 0.097324892040939276 0.30444197983287458 0.25003502499391628 1.6730132292555644 1 CAMERA 1 533
534 1 0.68961606124021568 -0.24965506615467944 0.67095180390729969 0.10920491223554997 0.26029014221778546 0.03572127033150152 1.6833407444731212 1 CAMERA 1 534
535 1 0.68841162998796268 -0.27623596487923546 0.66377182190314232 0.095864945897536982 0.22297828158172586 0.13532531675698325 1.668388261332298 1 CAMERA 1 535
536 1 0.67288381311462819 -0.32233921714719482 0.65946653209914907 0.091807930912168864 0.21548282536096686 0.28002418956581493 1.6370208580448304 1 CAMERA 1 536
537 1 0.6714994414904627 -0.34002181116463731 0.6524432416826792 0.088269385366126163 0.18544910799410846 0.33307491784638577 1.618405682135504 1 CAMERA 1 537
538 1 0.67813753676111554 -0.34742689848426439 0.64090600687895394 0.093078041404220602 0.13947826025346163 0.33451726225508832 1.6124120364539354 1 CAMERA 1 538
539 1 0.68389272241973076 -0.36755953356153731 0.62221518147862698 0.10019481746514444 0.069552464457856122 0.35831103100136813 1.6025978018498219 1 CAMERA 1 539
540 1 0.69365815256066032 -0.37025421684838367 0.60932101758324086 0.10236249226863196 0.017453044529865066 0.34619766798106916 1.5979246611194071 1 CAMERA 1 540
541 1 0.6944802471548932 -0.37758973567101861 0.60711062839497543 0.080869417689425585 -0.0094668256234455607 0.40238938674079561 1.5770052143020565 1 CAMERA 1 541
542 1 0.69598490474072749 -0.37677219501822928 0.60745894298087721 0.068127512993952699 -0.018553716673479732 0.42337739896655746 1.5639294888521558 1 CAMERA 1 542
543 1 0.70608555749661894 -0.36834344392563639 0.6000251140659465 0.07573741018702948 -0.045232785985181753 0.37597096380523642 1.5688914443311317 1 CAMERA 1 543
544 1 0.71219025650280166 -0.3774613413866178 0.5865659637180608 0.079046470563783874 -0.094920112942134441 0.37649034418024446 1.5614804837095868 1 CAMERA 1 544
545 1 0.71301675460897551 -0.38457491845624414 0.58161899077804879 0.073678961091895409 -0.11756658462675745 0.39769033969692019 1.5495106176591433 1 CAMERA 1 545
546 1 0.70786427233276017 -0.39264883979923682 0.58318804990342221 0.068167140243439131 -0.11267146261317168 0.43116550446949625 1.5337236284825382 1 CAMERA 1 546
547 1 0.69742349416609239 -0.39527574846260366 0.59443430552616172 0.063288299677876872 -0.06874216369446326 0.46095579526586122 1.5158420401266539 1 CAMERA 1 547
548 1 0.69482939618270556 -0.38839510605563626 0.60089790313781111 0.072684673742061195 -0.037930201377530129 0.4338217140485997 1.5094090429697249 1 CAMERA 1 548
549 1 0.69233942129818615 -0.37783974472799087 0.60985731342915073 0.077313066666366129 -0.00095086589265354685 0.40959425049688386 1.502782371947718 1 CAMERA 1 549
550 1 0.69586271378541209 -0.371283770599729 0.6103230100308632 0.073683571298602216 -0.0033157295767634767 0.40012849312485321 1.4929685326907403 1 CAMERA 1 550
551 1 0.69694368892613912 -0.37020960411621923 0.61034177091443631 0.068536604549445101 -0.007037699967769674 0.40763259047226352 1.4807545302239744 1 CAMERA 1 551
552 1 0.69975356497561381 -0.36588581407845333 0.60835510840984464 0.079853499808794706 -0.007782710228717224 0.37638000124535381 1.4797874863463043 1 CAMERA 1 552
553 1 0.69430878866093959 -0.36997154856946263 0.6127556330061662 0.074745524658705029 0.0063917042220494602 0.4032748996789709 1.4642122881008814 1 CAMERA 1 553
554 1 0.69201526164276916 -0.37605259753480297 0.61267285629667745 0.065812557297890886 0.0010809146243421141 0.43490649619977517 1.4475701605036169 1 CAMERA 1 554
555 1 0.69407822692626542 -0.37901147874487284 0.60858425298014385 0.065045529524453832 -0.015306372933571196 0.43882615357535892 1.4391651711439948 1 CAMERA 1 555
556 1 0.69294729555793488 -0.38113488830955844 0.60924975090469846 0.058094608310645876 -0.017883247275585983 0.45580404440090677 1.426594198676421 1 CAMERA 1 556
557 1 0.69871160891032313 -0.37402753108600079 0.60780772703708785 0.049751990087505311 -0.030734260115292077 0.44905695993186528 1.4177451477574674 1 CAMERA 1 557
558 1 0.70238126947502988 -0.37315701756023573 0.6039773100001834 0.051242575473312575 -0.044951719624722157 0.43884679096376161 1.4081976482195537 1 CAMERA 1 558
559 1 0.70286211970030199 -0.37513814733854756 0.6021189319046214 0.052048082998689404 -0.051346528249867046 0.43930836327422179 1.3968552809436752 1 CAMERA 1 559
560 1 0.70493154125674473 -0.3629131918965493 0.60681051881608272 0.056093952820296188 -0.034439803671251046 0.40755608725656384 1.3968746847280809 1 CAMERA 1 560
561 1 0.69503515594784193 -0.37412815318135162 0.61196691812319337 0.049505031223816144 -0.015994953748814014 0.45267429498939726 1.3742714484140472 1 CAMERA 1 561
562 1 0.68733196233111327 -0.38080565512431974 0.61639291284667708 0.05120159739488403 0.0038820511233459013 0.47223571366743228 1.3603563033115587 1 CAMERA 1 562
563 1 0.68287915608569172 -0.38940522987374948 0.61582174538607515 0.052945283456735985 0.0050539472432108859 0.49198205559167779 1.3473093524492203 1 CAMERA 1 563
564 1 0.67053023309488036 -0.40899473451951895 0.61718760693574126 0.046818495127102969 0.010214016235154078 0.5544954947787073 1.3169991196484896 1 CAMERA 1 564
565 1 0.6783483040882381 -0.42501242834135028 0.59843351696605918 0.032944496773107526 -0.062550000101344594 0.5963988657755831 1.289681712541221 1 CAMERA 1 565
566 1 0.69387199946058875 -0.43198501886326812 0.57601557335586673 0.011689785873952802 -0.14942793502026336 0.62369802964161214 1.2617048606250283 1 CAMERA 1 566
567 1 0.71181975530142916 -0.44008567207975674 0.54729852442254456 0.010077815121748648 -0.25015900933943608 0.61288599101093644 1.243773904757121 1 CAMERA 1 567
568 1 0.73844377437607245 -0.44127240600375151 0.50987361926002084 0.002889319568358847 -0.37562123284679078 0.58660662935438468 1.2185765722246007 1 CAMERA 1 568
569 1 0.75283213798542725 -0.45676271489098969 0.47371332939916905 -0.014397077872170287 -0.48894748083439465 0.60974901142871751 1.1607614226008018 1 CAMERA 1 569
570 1 0.76065011155879203 -0.48166934058496647 0.43484314974936589 -0.017818227804459547 -0.59975076240360226 0.62037635694809523 1.0971848254092857 1 CAMERA 1 570
571 1 0.73588413067315916 -0.51439646901100722 0.43996349464493528 -0.017405236919752598 -0.57997828025756626 0.68897185693905039 1.061646359531462 1 CAMERA 1 571
572 1 0.68149815988058526 -0.55332505216997696 0.4778731669947881 -0.032076174753861479 -0.46131020658607003 0.8359666151310009 1.0062161414416733 1 CAMERA 1 572
573 1 0.64195406556862744 -0.54368305480274115 0.53884351495132776 -0.044174427162877394 -0.2630044957271227 0.9097283241587607 1.0035171140055643 1 CAMERA 1 573
574 1 0.59024033044718471 -0.50795969300957289 0.62425790172233298 -0.062412937188124656 0.036773499618266897 0.94837317447719727 0.99139242252526083 1 CAMERA 1 574
575 1 0.55655303488466168 -0.44639247622799633 0.69827796820264587 -0.058226760604512463 0.30699843385641307 0.86507576597060865 1.0107271640518671 1 CAMERA 1 575
576 1 0.52354632426150349 -0.38360138797178411 0.76036239762691782 -0.024459063216614577 0.53943619958038813 0.71810898104316889 1.0208047938462996 1 CAMERA 1 576
577 1 0.51002597829269447 -0.31086552771189346 0.80200144285573594 0.0054599271335604672 0.69776512822173886 0.52582823062391615 1.0345634090470861 1 CAMERA 1 577
578 1 0.5133523348905481 -0.2492152614131706 0.81858599240263741 0.065407238004498311 0.7688674520781118 0.31449869153644039 1.0626100471541686 1 CAMERA 1 578
579 1 0.52763814991360969 -0.1927082525400812 0.81716671278501973 0.12922877262752555 0.78858242038885951 0.1034149703477259 1.0823143964121729 1 CAMERA 1 579
580 1 0.53564352544913996 -0.15492910265811657 0.81243310929016221 0.1703978571552078 0.79514961137092932 -0.035626326502457735 1.0738604030573058 1 CAMERA 1 580
581 1 0.52768243343887999 -0.14185391605963166 0.80884635986498765 0.21724705307950215 0.82335121799036515 -0.10336296009860217 1.0369961769669542 1 CAMERA 1 581
582 1 0.53371869688198215 -0.14842255715690628 0.79875260235702017 0.23475386547081956 0.80267123429210108 -0.10710476737273174 1.0419392882369205 1 CAMERA 1 582
583 1 0.54439180075655813 -0.16699971604055541 0.79918212111421305 0.19250090753758325 0.75438308650410801 -0.030257469590210313 1.07260464154543 1 CAMERA 1 583
584 1 0.56977769568531111 -0.20233719809314302 0.78741423722151427 0.11996605681697686 0.64617859881576911 0.11093308520428279 1.127709322774425 1 CAMERA 1 584
585 1 0.62247069854922599 -0.24361390301367225 0.73960873861155085 0.078494646158286566 0.44046679826060969 0.22018014889850399 1.2012266177680975 1 CAMERA 1 585
586 1 0.69048287661526697 -0.30593986870381623 0.65320504376812638 0.05438165715089964 0.12279614716779577 0.32878818430574058 1.2448218130841089 1 CAMERA 1 586
587 1 0.75765171831936806 -0.2930657353961395 0.57767436486409873 0.079803988893345446 -0.11940211886687555 0.19717805993400994 1.2683144281873109 1 CAMERA 1 587
588 1 0.78775126260200778 -0.27687232204411816 0.53933339933733004 0.10912905165024059 -0.22246869845229084 0.080836835989949854 1.2637111022809051 1 CAMERA 1 588
589 1 0.79708223123876398 -0.2741824521991007 0.52555588330909286 0.11521680896779153 -0.25809837930974028 0.052198445539558672 1.2519009700786921 1 CAMERA 1 589
590 1 0.79558369195275636 -0.25536360040503037 0.53374201207951544 0.13021322985131778 -0.22070729143012521 -5.4385317147726151e-07 1.2485132486073678 1 CAMERA 1 590
591 1 0.78606040028904045 -0.2523001643513279 0.54949822828306272 0.12847323176250197 -0.17462371039060051 0.012678943916661738 1.2423066850716975 1 CAMERA 1 591
592 1 0.77903751056588355 -0.25480448117431287 0.55823524620979137 0.12864153059526984 -0.14734551751306921 0.027834890942766394 1.2342474333876468 1 CAMERA 1 592
593 1 0.77164327209670724 -0.26948673470654733 0.56306003979491259 0.12209402946598741 -0.13575611914015509 0.07393846025426927 1.22316504695657 1 CAMERA 1 593
594 1 0.76360842114867755 -0.28167206565307723 0.57060144774763477 0.1094395468277143 -0.12102356817323834 0.12405000108871944 1.2110077612533334 1 CAMERA 1 594
595 1 0.74965753247508538 -0.30015442127725328 0.58282911281498462 0.090725589810050841 -0.094508273352739036 0.19789801304684185 1.1948537454399819 1 CAMERA 1 595
596 1 0.74473498593900833 -0.3027238005602565 0.58796003768485194 0.089616378962815352 -0.079038734077910844 0.20885726377656996 1.1855651599630386 1 CAMERA 1 596
597 1 0.73408966621877059 -0.31435980296609006 0.59519670818416015 0.089616710476755623 -0.055432202832373573 0.23841492636937486 1.171849002883 1 CAMERA 1 597
598 1 0.73155281417401219 -0.30412288505683405 0.60169187341388897 0.10152162492038602 -0.028935156388533837 0.20792552475110432 1.1684607363626145 1 CAMERA 1 598
599 1 0.728047884091929 -0.30711292425285519 0.60448937050884233 0.10109664271353738 -0.019943795158063774 0.21609077090894604 1.1573957924327696 1 CAMERA 1 599
600 1 0.72842078955763712 -0.30384855023195989 0.60578332239094268 0.10052749959665649 -0.016835162952163092 0.20984937938234699 1.1493990274207859 1 CAMERA 1 600
601 1 0.7262615383917399 -0.30573904487713166 0.60788009278408872 0.097722091091473715 -0.012822937395352788 0.21711366641205543 1.1395002426250702 1 CAMERA 1 601
602 1 0.72489874293939527 -0.30799351661880581 0.60853292264908099 0.096692751837113802 -0.011447671011208058 0.22157043158081025 1.1306022925313621 1 CAMERA 1 602
603 1 0.72246828334643753 -0.3079796257672906 0.61142409404131459 0.096688711318586765 -0.0031658276922449397 0.22166543802198321 1.1233498207477419 1 CAMERA 1 603
604 1 0.71988116486144804 -0.31074664410393854 0.61366083472505906 0.092887090493829524 0.0015757602438650261 0.23170486025991041 1.1151176035691963 1 CAMERA 1 604
605 1 0.71275421377958537 -0.32834066542469692 0.61477552034847993 0.078898021192981754 -0.0017204297008207249 0.28150995214131191 1.0974547215956436 1 CAMERA 1 605
606 1 0.71813353370194954 -0.3307625711964306 0.6058249953783158 0.088636472420447504 -0.023556476413658638 0.26323578454135271 1.0942056266398019 1 CAMERA 1 606
607 1 0.7154512207382413 -0.32935555803187005 0.6083583405546833 0.097747616928639189 -0.011019773332016022 0.24723426265899823 1.0850449103022781 1 CAMERA 1 607
608 1 0.71050029916355883 -0.3207633943185525 0.61911813544110617 0.094830923868021583 0.016755400228512921 0.24122649476822991 1.0666135449105831 1 CAMERA 1 608
609 1 0.71549736757301374 -0.31710811666671768 0.61589274175288344 0.09045490587188261 0.0042856981701394339 0.23714578748917473 1.0483330750490791 1 CAMERA 1 609
610 1 0.71526552857634274 -0.31801969116691137 0.61562077134254478 0.090938251314381935 0.0033406598469054062 0.23804341422777403 1.0315992682082882 1 CAMERA 1 610
611 1 0.72093024265440453 -0.31935674160879235 0.60869978528625812 0.088064909059964017 -0.016949607860181765 0.23805578152235257 1.016718149999283 1 CAMERA 1 611
612 1 0.72280686160766383 -0.32318919271565366 0.60296384380277357 0.09764010237227487 -0.02866915194386711 0.22876789074477269 1.0052469734103047 1 CAMERA 1 612
613 1 0.72548716881974484 -0.32541671048999549 0.59842606900944462 0.098278035906732467 -0.040542553417746562 0.22736172009510841 0.99296454624377828 1 CAMERA 1 613
614 1 0.72692471099733214 -0.32500732384630027 0.59720446745540368 0.096423690237508269 -0.045094638291020242 0.22715172480837414 0.98162155466583123 1 CAMERA 1 614
615 1 0.72731402525267341 -0.32783932284075668 0.59675104208684304 0.086161945418698455 -0.051591722296159083 0.24396225762979457 0.96700242737925479 1 CAMERA 1 615
616 1 0.7342282612318719 -0.33857506313057945 0.58305530084375301 0.079512912112102055 -0.089186950534355131 0.25969938973272322 0.95143654793214716 1 CAMERA 1 616
617 1 0.75254615797580948 -0.33902786565929049 0.56079337786365557 0.065154998017230514 -0.14924312337637308 0.26244490881828941 0.93627001448748592 1 CAMERA 1 617
618 1 0.77611068026727237 -0.34747482749403547 0.5237906948858907 0.050564455737384856 -0.23958706018125228 0.26886524029167586 0.9101303483734311 1 CAMERA 1 618
619 1 0.79814699516774634 -0.33502335145234541 0.49972471880473046 0.031558414121576797 -0.29845430393294542 0.26073717121062134 0.88974583960157438 1 CAMERA 1 619
620 1 0.81796364880125327 -0.3494553165578097 0.45630455676242027 0.024547962177585366 -0.38916951343553902 0.26294918864411471 0.84652816379311357 1 CAMERA 1 620
621 1 0.83531340575385393 -0.35695346035584868 0.41796887659835313 0.011737099428457456 -0.46391395525207407 0.26766829752481897 0.79857615359936629 1 CAMERA 1 621
622 1 0.84795153462023387 -0.36873592372961428 0.38073621711765537 0.0072073893606397097 -0.5290405745727087 0.26316026298818751 0.74787994199585506 1 CAMERA 1 622
623 1 0.8448716516152357 -0.38672487647180009 0.368945514900958 0.022692933906436376 -0.54064821604624946 0.25024367168133521 0.72975503089286708 1 CAMERA 1 623
624 1 0.8305904799235847 -0.38576034106890594 0.40059240220384296 0.028881502995262487 -0.47707910019822164 0.25929504810716875 0.75446899829766645 1 CAMERA 1 624
625 1 0.81560375666299056 -0.36635394265907489 0.44576094044725395 0.043272217264061719 -0.38543157268448769 0.24414883428361817 0.79819926436323296 1 CAMERA 1 625
626 1 0.80668674657341344 -0.33475037175854522 0.47941446827969769 0.085793059826608842 -0.30203695124826296 0.16671822439025 0.840765058262533 1 CAMERA 1 626
627 1 0.78987316315198852 -0.33930515537533446 0.49770167760682948 0.11517568222216054 -0.24847727473387107 0.144052851910519 0.85371039162998619 1 CAMERA 1 627
628 1 0.78422567121169362 -0.351522185229102 0.49130647510043923 0.14156340427069117 -0.24492586927801227 0.11931046071323885 0.8525033660237461 1 CAMERA 1 628
629 1 0.78757509138287096 -0.35321732207417111 0.4808464392832823 0.15410937884698148 -0.25486367206636157 0.09424786363677401 0.84592547009028651 1 CAMERA 1 629
630 1 0.77708726838793085 -0.37070757141602034 0.48600855046940311 0.15002320712093087 -0.2424309665758442 0.12293527083089735 0.83553491242315825 1 CAMERA 1 630
631 1 0.77458379739645578 -0.35739822674089294 0.50070215031771503 0.14691427772877624 -0.21081464975700853 0.11820608382524339 0.83009971634924762 1 CAMERA 1 631
632 1 0.78016531138563239 -0.33561183569905473 0.5008937622807329 0.16676996599364827 -0.19433338342097981 0.06973753274170294 0.82345085621851377 1 CAMERA 1 632
633 1 0.78325087534426774 -0.34951094712448305 0.48722397161586317 0.16423448357592238 -0.21678894222740847 0.082361639329804004 0.80205801175990876 1 CAMERA 1 633
634 1 0.79328841312677645 -0.34254485801740786 0.47849504662462139 0.15620180600856154 -0.23279069504106106 0.077420653973636414 0.78501084910529406 1 CAMERA 1 634
635 1 0.78780346425048287 -0.36135933026027861 0.47828213629793442 0.14153209617279494 -0.23745507306635324 0.11794728088472907 0.76844529739678524 1 CAMERA 1 635
636 1 0.78777046281902352 -0.35974550139424127 0.48119685395758638 0.13583246989519357 -0.2321523764926765 0.12508461915587546 0.75947965943324736 1 CAMERA 1 636
637 1 0.79002839307433026 -0.36735891734198306 0.47315891392311676 0.13047300931922465 -0.24628350101053875 0.13434627406032479 0.74520627501038361 1 CAMERA 1 637
638 1 0.79655453642244212 -0.37405809442056637 0.45714272803114164 0.12884851070745401 -0.27178271498769679 0.13191283237182963 0.72837925465081288 1 CAMERA 1 638
639 1 0.81102692880982097 -0.35573756721625449 0.44949771261931537 0.11678146413868026 -0.28631667087868978 0.11708472451943289 0.71618106847786389 1 CAMERA 1 639
640 1 0.81597675284141591 -0.35071515608735521 0.44559854679100153 0.11235102674541406 -0.29142396838090306 0.11175437146570545 0.70805045180179904 1 CAMERA 1 640
641 1 0.80981043567835809 -0.35878441299616642 0.44782858298554917 0.12218986667714814 -0.28156674857772163 0.11007152852730426 0.70733710532175076 1 CAMERA 1 641
642 1 0.80503040784713586 -0.36242960083113712 0.45458642019634893 0.11799158214010631 -0.26878950691879994 0.12368690672613723 0.70104093963920966 1 CAMERA 1 642
643 1 0.7905211494497445 -0.37829290227548146 0.46598746997391721 0.12176399380751056 -0.24443468807514263 0.14590341709576113 0.6910788565123509 1 CAMERA 1 643
644 1 0.78356297434767275 -0.38311208477593539 0.47040616022260606 0.13406058389656814 -0.22654320162772643 0.1442582726986171 0.67921642234217794 1 CAMERA 1 644
645 1 0.79120270855907382 -0.37373041124450679 0.46705965616236894 0.12719721406259968 -0.22864202805485076 0.14143351951020292 0.66283454763723415 1 CAMERA 1 645
646 1 0.77690979324308296 -0.38656432515752798 0.47998291064035248 0.12882391537176038 -0.20258132044372462 0.16536329574678252 0.65163596732126117 1 CAMERA 1 646
647 1 0.75883556771547123 -0.38680976494143332 0.5086249525631994 0.12588663370658174 -0.1520733190873057 0.18823904527646779 0.64674424135711106 1 CAMERA 1 647
648 1 0.73312494612745249 -0.38816993512106279 0.5427423900425129 0.13146335186914523 -0.090725622117934279 0.20610960182021443 0.64249474227470249 1 CAMERA 1 648
649 1 0.72406338795127312 -0.38226340471148179 0.55791190164019322 0.13542972219986887 -0.061495652031554555 0.2040869801640233 0.63656381067036372 1 CAMERA 1 649
650 1 0.72715035641752745 -0.36290369712489462 0.57070852489269219 0.1176649709546255 -0.043961068703073487 0.20003398401745273 0.62892148698718575 1 CAMERA 1 650
651 1 0.72324708794024251 -0.36009286711849431 0.58005477656631288 0.10384234694452178 -0.030615712411331722 0.20945083764821709 0.6155436652234566 1 CAMERA 1 651
652 1 0.71914216186377 -0.35929519999109866 0.58301249034579472 0.11763480094790918 -0.020895436669686927 0.19851205292920795 0.60832791327171831 1 CAMERA 1 652
653 1 0.71958053776287134 -0.37054360529172187 0.57401858156658281 0.12411266763146203 -0.032999417569069871 0.19905462542274971 0.59695550868765723 1 CAMERA 1 653
654 1 0.73159282254088365 -0.36749180966851658 0.56230053307127315 0.11636074226724349 -0.052167036024721253 0.1927172191536439 0.58764166614754343 1 CAMERA 1 654
655 1 0.73688687952746246 -0.36291224416932139 0.55912481379687717 0.11256941151517763 -0.056746722987536698 0.1872419526803149 0.58029178487326505 1 CAMERA 1 655
656 1 0.73778451444070514 -0.37073189932631884 0.55247969284382792 0.11400902625925141 -0.064755862831603853 0.18863529390958914 0.57133567319531053 1 CAMERA 1 656
657 1 0.73799446733031815 -0.38081379130878301 0.54366539422153504 0.12154407293164728 -0.074446451487365881 0.18720270536016759 0.56354449869971646 1 CAMERA 1 657
658 1 0.74025405822546109 -0.38403165560400532 0.53595475277568749 0.13151471306258439 -0.083085841433110513 0.17746791048775201 0.5590427476686165 1 CAMERA 1 658
659 1 0.75100480704881534 -0.3800116872373816 0.52466046245403841 0.12772743045283855 -0.099989991671352141 0.1679998795750175 0.55360184347260943 1 CAMERA 1 659
660 1 0.75922312950124049 -0.37651763385397602 0.51524634262777291 0.12781203948004943 -0.11364647149366987 0.15691651544696394 0.54910391266436043 1 CAMERA 1 660
661 1 0.75677938492406005 -0.37690220805450686 0.51886222705349061 0.12653725718020989 -0.10629139018004585 0.15851885928802684 0.54139952790762302 1 CAMERA 1 661
662 1 0.75585472770771744 -0.35109455343584633 0.54159585143567734 0.10995534937982698 -0.07441773724903715 0.15602541889413021 0.53396490496835891 1 CAMERA 1 662
663 1 0.75021214612760279 -0.34998069009440747 0.54863877411020767 0.11700746944749753 -0.060320705208174723 0.1542105376413756 0.52153093499631453 1 CAMERA 1 663
664 1 0.75237506442912461 -0.3692644132968782 0.53177970156159371 0.12159730467755299 -0.07987351878373089 0.1613195837487475 0.5035246372250709 1 CAMERA 1 664
665 1 0.76681195429277749 -0.35904954497280767 0.51908145494118696 0.1167788257547218 -0.094072470686511381 0.15045839586512297 0.49259610319661179 1 CAMERA 1 665
666 1 0.767878666147495 -0.36413893551651783 0.51407726592037772 0.11614540189034832 -0.10005276383777599 0.15381343664555344 0.48076645070937413 1 CAMERA 1 666
667 1 0.77821026322682152 -0.35674166602351609 0.50698245828169086 0.10046370949681663 -0.10867945285790864 0.15545415510173211 0.46950562159696085 1 CAMERA 1 667
668 1 0.78151791296696249 -0.36457442513330018 0.49654588370939551 0.098779682231430938 -0.11901050077166864 0.15886462570039819 0.45797185227636289 1 CAMERA 1 668
669 1 0.77597432011040368 -0.36534845389335413 0.50386037489718039 0.10251382528910546 -0.10788394065263091 0.16006600332134144 0.45070979965739777 1 CAMERA 1 669
670 1 0.77345359041193706 -0.35685323446787026 0.512282777342559 0.10950647728283837 -0.095665795004005488 0.15291776334440985 0.44378463756139624 1 CAMERA 1 670
671 1 0.78158339154452305 -0.35692725107805962 0.5009086428926669 0.1040234155132735 -0.10838658008568444 0.15167883020201597 0.43023726805777845 1 CAMERA 1 671
672 1 0.78497780405667217 -0.36725319593637928 0.48842392888167585 0.10186757535481072 -0.12150627069915367 0.15487132933784556 0.41480063917028737 1 CAMERA 1 672
673 1 0.79211939292473188 -0.35333691232761666 0.49041322691212091 0.084821934716092687 -0.11930363126561351 0.1556530925790818 0.40548692205111825 1 CAMERA 1 673
674 1 0.79928842727576588 -0.3606703409189731 0.47356539675777221 0.08240588691397159 -0.13496818175227607 0.15554143795255776 0.39125693306977316 1 CAMERA 1 674
675 1 0.80312309198874177 -0.36913495337856461 0.46039062910414724 0.082299173396429573 -0.14606819468338436 0.1549776508225896 0.37854288284576909 1 CAMERA 1 675
676 1 0.80168200852747995 -0.37126559140470411 0.46205252055306628 0.077299974727156606 -0.14381193970291831 0.15707191917875957 0.36978442421202423 1 CAMERA 1 676
677 1 0.80469625159949976 -0.36229013402284765 0.46439537876917908 0.074476396457217667 -0.1384386977553905 0.15200970282638146 0.35981883488101446 1 CAMERA 1 677
678 1 0.79960765291114044 -0.36849450368391656 0.46782277278323836 0.077338576571356316 -0.13176862330065148 0.15525002800113138 0.34566489740999079 1 CAMERA 1 678
679 1 0.80101116753869728 -0.36894684073170575 0.46617839065477562 0.070264118004213796 -0.12913723887065473 0.15882949981730854 0.33106819502468643 1 CAMERA 1 679
680 1 0.80438262207254452 -0.37164179269940445 0.45887022213765066 0.065491178506836528 -0.13235793325497147 0.15998021330863965 0.31749515031344627 1 CAMERA 1 680
681 1 0.80251305680712848 -0.367114478619538 0.4649676717759591 0.070744734399299639 -0.12567760976599343 0.15486286465144103 0.31208899012161934 1 CAMERA 1 681
682 1 0.79857427695741878 -0.38106058084928851 0.46244092669060738 0.056748103283465572 -0.12752448248600751 0.16430254854081058 0.2937587753638829 1 CAMERA 1 682
683 1 0.79999504599662852 -0.39078932767631469 0.45021033205032424 0.067840140553238809 -0.13567398990127091 0.15718948871595856 0.28227546956606042 1 CAMERA 1 683
684 1 0.81128620872890023 -0.34830414048121705 0.46248675461987471 0.081270628465047262 -0.12207178728989418 0.13212885518501666 0.28992230072013342 1 CAMERA 1 684
685 1 0.80245971700748897 -0.34574600162315777 0.48513646669785948 0.034069247449525157 -0.10478892648603588 0.15484515469050061 0.27579239778229497 1 CAMERA 1 685
686 1 0.80084711737234793 -0.3448854668282107 0.4892813691985034 0.017368106469206078 -0.099934710360089496 0.16135579680823797 0.26263764517844096 1 CAMERA 1 686
687 1 0.80167809573016768 -0.34400199067780002 0.48753735911003515 0.035807606847926741 -0.1007154207540419 0.15053665386170209 0.24884506690118025 1 CAMERA 1 687
688 1 0.80173191871041294 -0.33251336315337804 0.49378675361865887 0.053248810278689433 -0.094907301955876544 0.14131288886136634 0.23773698842373295 1 CAMERA 1 688
689 1 0.79627169527290542 -0.33463465211368637 0.50229615169103581 0.040860897057469786 -0.087493806508988234 0.14896258082529801 0.21957262281839318 1 CAMERA 1 689
690 1 0.79814254040391142 -0.33381084070905143 0.50056694313000827 0.031169588835692003 -0.087707332468844046 0.15244460275377164 0.20270676680583222 1 CAMERA 1 690
691 1 0.80098314397865655 -0.32767993841933712 0.49990686376851151 0.03383767983620025 -0.08864481137823127 0.15005097877961535 0.19216023108907407 1 CAMERA 1 691
692 1 0.79513323005553294 -0.34045625602747576 0.50122433269862499 0.025037022666985917 -0.088978758235385091 0.15659952288011209 0.17567814108792648 1 CAMERA 1 692
693 1 0.79515769706548967 -0.34225758470679329 0.50007767516053303 0.022501140287010096 -0.089657958117932549 0.15792971635858014 0.16326469045870237 1 CAMERA 1 693
694 1 0.79442371872455164 -0.34373192406314623 0.50052361058083439 0.014677695964536901 -0.088365208764967326 0.16001579619961714 0.15084269077006321 1 CAMERA 1 694
695 1 0.79450405669082258 -0.34330929270357391 0.50082325626051505 0.0088373884045466408 -0.087613814383544472 0.15997092432186644 0.13975540391231561 1 CAMERA 1 695
696 1 0.79236022894137736 -0.34845366631561964 0.50067725894999893 0.0082214593282964668 -0.088408152547400212 0.15917477684233611 0.12876282188287333 1 CAMERA 1 696
697 1 0.7882343728283967 -0.34612691646081406 0.50869675845314632 0.010504243543156822 -0.084831566736285363 0.15713368500230468 0.12122094381856713 1 CAMERA 1 697
698 1 0.78390039853191829 -0.3474386345518542 0.51456704112597851 -0.0027056587180314816 -0.079866662275471179 0.15888228108884195 0.10879903123026094 1 CAMERA 1 698
699 1 0.78327276408629021 -0.35232216138381151 0.51220225571369293 -0.0013118232606163045 -0.081700883665025717 0.15569212006381816 0.097058003700330284 1 CAMERA 1 699
700 1 0.7931303404236506 -0.34971185904493235 0.49859325989697828 0.007116173698396757 -0.088328601132475829 0.14876127890316104 0.088172527696523534 1 CAMERA 1 700
701 1 0.79335688456372544 -0.34956493044173159 0.49838639914196969 0.00045855305945251848 -0.088406908457316913 0.14711915723012062 0.077864581772735628 1 CAMERA 1 701
702 1 0.7908462372791315 -0.34556967326252347 0.50510144421211145 -0.0040448680462835907 -0.08472553807904179 0.14536369866766857 0.070736232696841095 1 CAMERA 1 702
703 1 0.78601632070235949 -0.3481502770100019 0.51085196223959795 -2.9720984385722224e-05 -0.082637083930916386 0.14306213892823355 0.064546783835006741 1 CAMERA 1 703
704 1 0.78214207202233665 -0.3480164339156015 0.51682818473288883 0.0051931072567969793 -0.08078732506850099 0.14016025341060293 0.060453235702822766 1 CAMERA 1 704
705 1 0.77963872601559459 -0.34952735000998936 0.51952981762473549 0.0091025870270068296 -0.080514871931385068 0.13751842469213982 0.055474116665833031 1 CAMERA 1 705
706 1 0.77565150200954913 -0.35579918546343842 0.52126162891660222 0.0076158566881679886 -0.080678702951141795 0.13374940184605685 0.046086049627212022 1 CAMERA 1 706
707 1 0.78064810875571311 -0.34216005128018356 0.52298423508266922 -0.0015872803993005611 -0.077957093069519437 0.13207370165967194 0.031508590814436875 1 CAMERA 1 707
708 1 0.78360844051190437 -0.33025408412900331 0.52619203866711639 0.0034627038508006332 -0.077180539103961193 0.12982856634939499 0.017494357276483949 1 CAMERA 1 708
709 1 0.78849173521952653 -0.3345919604458113 0.51606891674330202 -0.0013699149330323225 -0.079509355918676569 0.12939047379798016 -0.0017805202759972791 1 CAMERA 1 709
710 1 0.79077182224244447 -0.33049890641035168 0.51518689955559982 0.0057320620385553607 -0.081262707022998731 0.12867197542343675 -0.013086523685850683 1 CAMERA 1 710
711 1 0.79459099224180518 -0.33268989938410382 0.50786823910919765 0.0035266981868754591 -0.081957621934480293 0.12783221669170905 -0.02615611581325927 1 CAMERA 1 711
712 1 0.80114856006771606 -0.3339503884723678 0.49656419848837408 0.0078815937587781871 -0.084578088645896374 0.12674745673268226 -0.038038061209229562 1 CAMERA 1 712
713 1 0.80331661783450381 -0.34160527174611205 0.4878342731282006 0.002443724141300483 -0.085782984292821302 0.12513803449029487 -0.051794164246128947 1 CAMERA 1 713
714 1 0.80351533919140306 -0.33840603366675148 0.48973514299096393 0.0019863991749436926 -0.085432596976719538 0.12445819529216297 -0.060363083655244801 1 CAMERA 1 714
715 1 0.79199222198243879 -0.33998293203829405 0.50684873669466279 0.016256824812629876 -0.087486413009193215 0.12263891600205783 -0.065528984140754407 1 CAMERA 1 715
716 1 0.779335296798363 -0.33631399232350501 0.52808566793505385 0.025591425384703818 -0.08682118168154275 0.12314495598316377 -0.071592553220362981 1 CAMERA 1 716
717 1 0.77519974093941235 -0.33197303328198857 0.5368988718733777 0.024471783795178389 -0.085315159644992575 0.12539139036340363 -0.080227860316862645 1 CAMERA 1 717
718 1 0.77901882370378839 -0.32758111524532729 0.53401683739546735 0.025422482725660122 -0.085463803460184923 0.12769010448522233 -0.088666097724790893 1 CAMERA 1 718
719 1 0.78175276912437941 -0.32543635581049118 0.53109911314248515 0.02979124539891127 -0.087115674935812987 0.12894792905945587 -0.09609771973870361 1 CAMERA 1 719
720 1 0.78403486082674145 -0.31998723139239932 0.53093661970656825 0.031683033452975032 -0.087165043424486846 0.1307760541738113 -0.10275334443671204 1 CAMERA 1 720
721 1 0.78441200449751047 -0.31927825268680354 0.53057578692448404 0.035334669814842304 -0.087949656485727529 0.13129552170344255 -0.10925398643591126 1 CAMERA 1 721
722 1 0.78199385553141088 -0.32309453530320376 0.53142542803520521 0.041018844522056938 -0.09017261306924762 0.1298306287535396 -0.11490393867663062 1 CAMERA 1 722
723 1 0.7823552653284408 -0.32440783890596214 0.53018005998027729 0.03986096923731143 -0.089753535528645859 0.12838656285362424 -0.12068005676649478 1 CAMERA 1 723
724 1 0.78731187849234241 -0.31634803808680217 0.52751352643494065 0.042348603420461803 -0.08879340985445755 0.12806013859753107 -0.12488920410275786 1 CAMERA 1 724
725 1 0.78303893715068185 -0.31412481169768613 0.53545349299269185 0.038277701390617945 -0.089088350689228962 0.12458716172149724 -0.13467994986020165 1 CAMERA 1 725
726 1 0.78620661403052117 -0.30932799954708551 0.53389201000253694 0.033980441526156348 -0.087835371126561923 0.12179947726470622 -0.15232779875370875 1 CAMERA 1 726
727 1 0.79499367107315611 -0.29732389754360911 0.5276798385735143 0.033727597989388125 -0.085399086377985739 0.12497783697785923 -0.16930319503227517 1 CAMERA 1 727
728 1 0.79669132925418507 -0.3023468420142707 0.52254601297431869 0.028547807969100756 -0.084391352327248551 0.12148679530726754 -0.18791130303909409 1 CAMERA 1 728
729 1 0.7933927264236964 -0.30610135480730732 0.52542561542387056 0.027529346151906983 -0.086469878636366515 0.11805652392851639 -0.20227816944637053 1 CAMERA 1 729
730 1 0.79551188335265854 -0.30790844207566848 0.52097431725101262 0.030643033597905857 -0.086579941811025046 0.11549452258646174 -0.21529844510907706 1 CAMERA 1 730
731 1 0.79410301596918553 -0.3086929083755347 0.52239004060069172 0.034896043164017371 -0.089217088392742325 0.11253674986315419 -0.22603826147668729 1 CAMERA 1 731
732 1 0.79461610316103359 -0.29982193950598601 0.52628605251598359 0.041413091108803167 -0.090455714216082145 0.11497295182853481 -0.23391613062195418 1 CAMERA 1 732
733 1 0.78889792917901624 -0.29447721508407015 0.53819702911868217 0.035597541786123198 -0.092179714328704268 0.11566197722890963 -0.24437192544053779 1 CAMERA 1 733
734 1 0.78590942488904481 -0.29257894714386479 0.54389876834379769 0.030299593278764168 -0.092076944581173423 0.11466286834159234 -0.25504000840039798 1 CAMERA 1 734
735 1 0.78656482367747371 -0.28971956626878936 0.54478735026931113 0.024188717634309388 -0.089964455584803774 0.11408889298256993 -0.26540411617654502 1 CAMERA 1 735
736 1 0.78925063646977844 -0.28971236853558879 0.540890347938072 0.02424474905995826 -0.089073312151824943 0.11342157193308018 -0.27525355394164724 1 CAMERA 1 736
737 1 0.79359989322685975 -0.28650767100973423 0.53614704780576627 0.025669184873228165 -0.087321048505565407 0.11445169587605276 -0.2832561877156981 1 CAMERA 1 737
738 1 0.79867498000221759 -0.28132528931571976 0.53119372129634967 0.028418099254173868 -0.085100751100592023 0.11683548981557906 -0.28914987061252623 1 CAMERA 1 738
739 1 0.80127461897356833 -0.27950821097795769 0.52818899771750472 0.029163807619072033 -0.084033223274899094 0.11723638078934898 -0.29440227294865984 1 CAMERA 1 739
740 1 0.80308211028397358 -0.27571129286146295 0.52738818834347745 0.030068354233069496 -0.083121690868021597 0.11794669726062591 -0.29986608506175094 1 CAMERA 1 740
741 1 0.80289051978535064 -0.27939833842054074 0.52508641967582304 0.039845120136299483 -0.086821507074205884 0.11547564470614306 -0.30822801261393784 1 CAMERA 1 741
742 1 0.81336462213317717 -0.26266408664905189 0.51734950117097789 0.042368180101504865 -0.080666492537761175 0.12643197280863697 -0.321498459731001 1 CAMERA 1 742
743 1 0.81430565666024257 -0.25709420808171235 0.51855526901930304 0.043695522359696481 -0.082096287413700272 0.13119780318613722 -0.33631928602914002 1 CAMERA 1 743
744 1 0.81111564045975448 -0.26237211302429225 0.52156610188240715 0.034944147949560841 -0.08168698485859463 0.12708339970565591 -0.35343030578710738 1 CAMERA 1 744
745 1 0.80678113394925532 -0.26947519040857781 0.52517881447933423 0.025971840133027856 -0.082866952088988102 0.12066559113433786 -0.36900131361411981 1 CAMERA 1 745
746 1 0.80599570281285937 -0.27745777318970716 0.52238438825897104 0.022420125938865967 -0.081272890118269436 0.11521456147638755 -0.38245308879281148 1 CAMERA 1 746
747 1 0.81006670549475268 -0.28082131587956977 0.51415244650830416 0.024053751185003597 -0.077790357171025823 0.11510828612740368 -0.39433049186972657 1 CAMERA 1 747
748 1 0.81227792128271814 -0.28192969743295471 0.51024341890740865 0.01928413243233662 -0.074392324342413205 0.11408029540162294 -0.40540296238648604 1 CAMERA 1 748
749 1 0.80533095652498043 -0.28263003277801058 0.52070845450725656 0.020616023843733306 -0.083734731842522961 0.11369092771834433 -0.41526382536290951 1 CAMERA 1 749
750 1 0.79856912045020811 -0.30509709237950311 0.51839871706719132 0.021584583110271983 -0.087683579932393632 0.099121067344398031 -0.43084434307815123 1 CAMERA 1 750
751 1 0.79391898529803939 -0.31205554081220832 0.52131422532966321 0.023355142916811625 -0.09353989395420427 0.096404444437412237 -0.44213744873090999 1 CAMERA 1 751
752 1 0.79267475423938416 -0.32205496770896608 0.51730075292749467 0.018634988225272646 -0.090593405293030269 0.088596019972108517 -0.45491361028833321 1 CAMERA 1 752
753 1 0.80043122541263623 -0.31123461395984853 0.51128268491821427 0.032138521442526623 -0.087620686377967952 0.10618194524122054 -0.46121806592139947 1 CAMERA 1 753
754 1 0.80611369265400412 -0.30131412666748791 0.50620804251657225 0.056070752428295109 -0.091163900880206344 0.12434064030281541 -0.46439379056052682 1 CAMERA 1 754
755 1 0.77924577128022221 -0.34717832706840396 0.51925554205500901 0.051155832522156872 -0.11269996160593748 0.075927481388351883 -0.47632246692773372 1 CAMERA 1 755
756 1 0.8028757514784205 -0.32235785839066028 0.4978311553611417 0.060333071971674673 -0.088582134980713115 0.10351379517695733 -0.48092653386084183 1 CAMERA 1 756
757 1 0.81028848472584136 -0.32127150315731284 0.48600683111600934 0.063360499432339762 -0.078766934318611884 0.10667433448996558 -0.48709350645066879 1 CAMERA 1 757
758 1 0.80961157462396582 -0.29582552896745851 0.50234816868195942 0.068283761377854343 -0.092284961801989251 0.12719929199821994 -0.49124316089315451 1 CAMERA 1 758
759 1 0.81082642676822492 -0.29460772940777724 0.50329386489039329 0.049619320744612588 -0.083048920849405142 0.12043392571753501 -0.50912889487105628 1 CAMERA 1 759
760 1 0.81142108517655442 -0.29036807863987241 0.5058567332006435 0.03729835000995034 -0.078652305183204735 0.11747651788922384 -0.52359260619595438 1 CAMERA 1 760
761 1 0.80847067981288345 -0.2939631026150219 0.50853930126822466 0.036723742312980361 -0.083640643970822798 0.10997661448879359 -0.53616285496454275 1 CAMERA 1 761
762 1 0.80710891735557189 -0.29508982545393192 0.50978346761975457 0.040224452516640544 -0.087437128176995144 0.10643447782485768 -0.54682098322526074 1 CAMERA 1 762
763 1 0.80799494144900275 -0.28877776202399424 0.51222374373766799 0.037127013138738667 -0.087422619615209654 0.10802094785469712 -0.55611617223471277 1 CAMERA 1 763
764 1 0.8085809180641591 -0.28812868379582152 0.51171214846909374 0.036461453972013794 -0.087110992635362178 0.10555561059130757 -0.56546630735015568 1 CAMERA 1 764
765 1 0.80976416113880889 -0.28783519530740737 0.5100240829436038 0.036170962042002354 -0.08571846985017853 0.1032125441001442 -0.57432292656442341 1 CAMERA 1 765
766 1 0.81139558499746833 -0.28422256181239125 0.50937494595943278 0.037308235447988093 -0.085167718197029951 0.10490644524375804 -0.58140150677779345 1 CAMERA 1 766
767 1 0.82285152286452679 -0.281495093990762 0.49098743787078869 0.051060936455765024 -0.070343011150990328 0.11718210813301615 -0.58725939425740725 1 CAMERA 1 767
768 1 0.82036709425448595 -0.30802815313538229 0.48012677463521841 0.039934544179682813 -0.056967196067632231 0.081471560392046213 -0.60014809224378174 1 CAMERA 1 768
769 1 0.82409024230599182 -0.29929206753363674 0.47953856325603017 0.036637374330524025 -0.051908826630337676 0.088005504245626046 -0.60596204296582734 1 CAMERA 1 769
770 1 0.82401814858170919 -0.32294433772701903 0.46401768305310626 0.037264397916193057 -0.037259314635237899 0.061343068357318044 -0.62022483227376768 1 CAMERA 1 770
771 1 0.82364025183474365 -0.3100567732370148 0.47083507394469037 0.061610600313162976 -0.055537169231038117 0.086140139209243363 -0.63057394381905152 1 CAMERA 1 771
772 1 0.82445003457769539 -0.30320633290508819 0.47554511211488915 0.046956432091067257 -0.052773210424175244 0.086063555693925764 -0.6452545633687865 1 CAMERA 1 772
773 1 0.82779625979419313 -0.29948666506352584 0.472087757873416 0.046842700455068761 -0.047225182111832895 0.091989773250079745 -0.65862915587366622 1 CAMERA 1 773
774 1 0.8302767921897577 -0.29539735596762606 0.470490943367327 0.04493464863269777 -0.043107719949336404 0.096727299657665619 -0.67040625433023848 1 CAMERA 1 774
775 1 0.83169801260866594 -0.29555021073519688 0.46738612532463403 0.049786530419396534 -0.041829848785906905 0.10086101504736343 -0.68085873204454084 1 CAMERA 1 775
776 1 0.83491528374553248 -0.29384231058143162 0.46276061769599053 0.049252169392909884 -0.034326562780424293 0.10492466396858321 -0.69027438705038857 1 CAMERA 1 776
777 1 0.83596754929591677 -0.2921515876976018 0.46261107651309169 0.042387477128838155 -0.029186391041702568 0.10447844424437332 -0.69843690881068798 1 CAMERA 1 777
778 1 0.8366808129069091 -0.2874362879477762 0.46408333444740141 0.044410093136787641 -0.031278792847602883 0.11073583499647893 -0.7033014867842946 1 CAMERA 1 778
779 1 0.83776777537960823 -0.27889763560145236 0.46557838717148281 0.059983571002590871 -0.040588951044231998 0.12973093501209809 -0.70515664520667498 1 CAMERA 1 779
780 1 0.83160764739763704 -0.29549660209860379 0.46628967868593002 0.060699377994499065 -0.045602382750878349 0.10694195279421509 -0.71372863244813622 1 CAMERA 1 780
781 1 0.82905081998652497 -0.30162292456489564 0.46641578526867439 0.064456687075862495 -0.049608319225655263 0.10194852857197623 -0.71994721167679587 1 CAMERA 1 781
782 1 0.82107543089069279 -0.30310162084313769 0.48075559474122398 0.053278535593031702 -0.064987620104565033 0.089514265918444261 -0.72881765657193132 1 CAMERA 1 782
783 1 0.82002666226638865 -0.30154890690543679 0.48539632243696901 0.03185812425502281 -0.05908229638565473 0.078662261451314247 -0.74411432889209572 1 CAMERA 1 783
784 1 0.82080385489037089 -0.29578021966616413 0.48830280925999381 0.018853644744206137 -0.054804864455346269 0.079249057317636928 -0.75898807335394403 1 CAMERA 1 784
785 1 0.81893166880517032 -0.28927607547004536 0.4946900729434443 0.030854589931436426 -0.07157932676061006 0.094486013607375838 -0.76820568814966517 1 CAMERA 1 785
786 1 0.80381359199968294 -0.30067121223183418 0.51248081187027539 0.029050798894182092 -0.10393425305657114 0.071481658540588591 -0.77829090886488816 1 CAMERA 1 786
787 1 0.80162856966712737 -0.29455178291309431 0.51988279194775344 0.018782068915903304 -0.10903365000709826 0.071861156126139442 -0.78849839674372912 1 CAMERA 1 787
788 1 0.80254919393382018 -0.2893696503222693 0.52166887132390993 0.0064486804992269628 -0.10441432086829748 0.070521371380664277 -0.79939579390775506 1 CAMERA 1 788
789 1 0.8049024077692577 -0.28736997887046745 0.51912814518658779 0.007521840623924048 -0.10221506074757465 0.072649824032869556 -0.80837616607776219 1 CAMERA 1 789
790 1 0.80885386945007887 -0.27921264810565366 0.51718438967770386 0.017777010073802401 -0.10398557652080347 0.088794540337528344 -0.81441746053005193 1 CAMERA 1 790
791 1 0.81260226139361524 -0.27179944940109141 0.51528820267833098 0.016753873097927661 -0.098111528390936675 0.096238113936646635 -0.82244495012619878 1 CAMERA 1 791
792 1 0.80890086629432401 -0.27481267742055943 0.51964165296957687 0.011398830478680811 -0.10465699672284599 0.08339879005927639 -0.83382530894055107 1 CAMERA 1 792
793 1 0.80822821904662534 -0.2763059809171875 0.51969860741446272 0.018316885586233636 -0.11059808402566633 0.084352400152698598 -0.84479939470464838 1 CAMERA 1 793
794 1 0.80483232020423545 -0.27982805618515127 0.52313021518575975 0.016612443709683202 -0.1179912341356691 0.076202698187846904 -0.85543749246247958 1 CAMERA 1 794
795 1 0.80543114822370976 -0.27858728386619774 0.52291006760541403 0.015324879640389328 -0.11719564295658591 0.076600083818281858 -0.86529539793081345 1 CAMERA 1 795
796 1 0.80785354867741865 -0.27747298727955694 0.51971113215281739 0.016784645837704348 -0.11264970105274251 0.079430918380894069 -0.87461509974174445 1 CAMERA 1 796
797 1 0.81224307880796243 -0.27281169167662589 0.51539686358954062 0.014178674661768127 -0.10264145306052749 0.085930383229824381 -0.8836514971383499 1 CAMERA 1 797
798 1 0.81228773186552394 -0.26824331967820181 0.51774177502982321 0.013327283959939972 -0.10559886468525895 0.091354058181404171 -0.89000576089585559 1 CAMERA 1 798
799 1 0.81905512528229729 -0.26108543683963348 0.51059992059581827 0.016456533857477831 -0.09161154697533179 0.10554028670954806 -0.89707193981146216 1 CAMERA 1 799
800 1 0.82275177542916933 -0.25285780968680049 0.50856141242139707 0.022532951526536157 -0.08950667287788415 0.12460100826702765 -0.90251790984491498 1 CAMERA 1 800
801 1 0.82051491217326711 -0.26925313280057572 0.50413443655670098 0.010319847674699364 -0.078692960552451091 0.088363960309897877 -0.9171631064745589 1 CAMERA 1 801
802 1 0.81305013750658828 -0.27268100412813107 0.51437323415199243 0.0038366490863285326 -0.097201606158156484 0.073584437917929291 -0.93117722523550617 1 CAMERA 1 802
803 1 0.8106349182463094 -0.27342795585739599 0.5177863817179359 -0.002333491567020572 -0.1021518152959812 0.066678432851522043 -0.94692616314214306 1 CAMERA 1 803
804 1 0.81269344799913934 -0.27083953894910884 0.51592159900150503 0.00045541720946914429 -0.10012526061456548 0.074928851502658364 -0.96061706513763745 1 CAMERA 1 804
805 1 0.81171100337294932 -0.27496755724901123 0.51524608731635668 0.0062895921153309558 -0.10520653429957949 0.073435211343216997 -0.97320144558253341 1 CAMERA 1 805
806 1 0.81243272105170583 -0.26988247394995929 0.51660204146841182 0.015454927040922247 -0.11356192542303344 0.090142382659695985 -0.98243346965014466 1 CAMERA 1 806
807 1 0.81557882015201122 -0.26087025454492663 0.51631905070174466 0.013875744865334843 -0.10919220494949472 0.10522771692443393 -0.99174405821135303 1 CAMERA 1 807
808 1 0.81824093119767394 -0.26064419049788523 0.51231501297169291 0.0089281552562606812 -0.097837702507704322 0.10297608832886751 -1.0029801256962083 1 CAMERA 1 808
809 1 0.81951822436033694 -0.25624929600897906 0.51240439532471926 0.01295815913206364 -0.10006119696699503 0.11540847740105077 -1.0106233006141285 1 CAMERA 1 809
810 1 0.81504377406813722 -0.25454022100586227 0.52034991932263175 0.01220179101545516 -0.11709644179253337 0.11670942575491565 -1.0170574021139867 1 CAMERA 1 810
811 1 0.81319357111408819 -0.24706133202352998 0.52625856358767875 0.026997006650895147 -0.13827319252004353 0.14258240262216484 -1.0184219191458417 1 CAMERA 1 811
812 1 0.81244910693446359 -0.24859018784314266 0.52658998183322958 0.028850618405550216 -0.14131650748086907 0.14231827859555188 -1.0243494446700379 1 CAMERA 1 812
813 1 0.81139218856720374 -0.25125317113693313 0.52677572368736114 0.031967127794271397 -0.14683414654547877 0.14032218472100083 -1.0291663350535694 1 CAMERA 1 813
814 1 0.79360909744388275 -0.26090008078610821 0.54828858506603928 0.038670089040355127 -0.20799000333500522 0.11938640862955804 -1.0278683791657119 1 CAMERA 1 814
815 1 0.77972415885103918 -0.26268186514662967 0.56575436354282038 0.054318265430568481 -0.26487645462424464 0.12096025528206139 -1.0246586691470358 1 CAMERA 1 815
816 1 0.77252307589609004 -0.27274224195838115 0.57052906178878759 0.057587813936332478 -0.28588827602216077 0.099795985896564091 -1.0352842120031822 1 CAMERA 1 816
817 1 0.77252698551494314 -0.27495108520392147 0.56906759294778531 0.061368005124774305 -0.28916768878817506 0.09701835216446808 -1.0487691331609061 1 CAMERA 1 817
818 1 0.77211700522974702 -0.27164298740892945 0.57063652163446155 0.066478401030120107 -0.29854945873167188 0.10513799590178892 -1.0583274514473751 1 CAMERA 1 818
819 1 0.76589850153393568 -0.27082979023166293 0.5793390585725976 0.066460253410303566 -0.32128821326049234 0.10042618249761649 -1.0640744113140801 1 CAMERA 1 819
820 1 0.76557716686563548 -0.26980477060672475 0.58019757989712717 0.066841271781409917 -0.32477782795279025 0.099373273575555629 -1.0739381607636094 1 CAMERA 1 820
821 1 0.76519143087201857 -0.2670908874353537 0.58154446587549791 0.070360259938477762 -0.33185390784657087 0.10437085582229109 -1.0811688907290817 1 CAMERA 1 821
822 1 0.76260087260053211 -0.26828032387735001 0.58368873793542053 0.075980485234877132 -0.34395340981084438 0.10174858949889057 -1.0869998464639958 1 CAMERA 1 822
823 1 0.76141864874473575 -0.26873043609213199 0.58537088442168539 0.073256547371872149 -0.3478798054840721 0.095494477208922693 -1.0956728921387395 1 CAMERA 1 823
824 1 0.76035852969018647 -0.27239143468972382 0.58625805606396664 0.062923003227364022 -0.34539665654538365 0.076618290811935164 -1.1066061985505322 1 CAMERA 1 824
825 1 0.75951329046279581 -0.27303161325691511 0.58724568341632555 0.061121249018616833 -0.34925904060467017 0.070886066169478068 -1.1142658558167056 1 CAMERA 1 825
826 1 0.75982438139916719 -0.27149162788945602 0.58705149860910888 0.065800785695199551 -0.35398443652598521 0.074969164409593891 -1.1202656816678271 1 CAMERA 1 826
827 1 0.76021034019989497 -0.27247814169471934 0.58623003647967542 0.064577436313241504 -0.35280786897596861 0.070080985322177547 -1.1284481386936591 1 CAMERA 1 827
828 1 0.76161599726111706 -0.27239769715124951 0.58455449321062269 0.063534335362245592 -0.34922279976438403 0.069041867560471565 -1.1367755879288415 1 CAMERA 1 828
829 1 0.75583811420640279 -0.2798781261551449 0.58926639699773431 0.056054375227116655 -0.36003538603779212 0.043419307715569178 -1.1406676125039719 1 CAMERA 1 829
830 1 0.74404380102795697 -0.28961367882289218 0.5993570888262677 0.057391804852629881 -0.39356226387101501 0.015199364837836736 -1.1364962182704179 1 CAMERA 1 830
831 1 0.75890247851571568 -0.28268866859592812 0.58447730650715579 0.050402608348235421 -0.34589121298377429 0.031580754704448405 -1.1582642396405911 1 CAMERA 1 831
832 1 0.77331050341702856 -0.26319188102652508 0.5755453870664925 0.03831979244597214 -0.30494552732837671 0.068572437126026939 -1.1734848660139368 1 CAMERA 1 832
833 1 0.76265787438106791 -0.28074456791311575 0.58267013582129035 0.0055648049227747087 -0.31161668415373428 -0.0068639222062934005 -1.1852818971091561 1 CAMERA 1 833
834 1 0.7478532637353118 -0.27566220481823406 0.60348743877607147 0.022994694924904826 -0.381896062680462 0.010953814546712111 -1.1831337531939299 1 CAMERA 1 834
835 1 0.74104704131457799 -0.26530987020532737 0.61495329181988567 0.047879058161467827 -0.42916152169425836 0.051731325278972867 -1.1831381397178238 1 CAMERA 1 835
836 1 0.74153677277808405 -0.26883356924550367 0.61262804109709179 0.05038461993631884 -0.42838977275723278 0.04756147140025993 -1.1996534628746565 1 CAMERA 1 836
837 1 0.73450926512715198 -0.26940211168746697 0.62090223904836428 0.048980110304418734 -0.45364360735371717 0.041657018663359503 -1.2042596991474328 1 CAMERA 1 837
838 1 0.73084563797240187 -0.26652508789236723 0.62633109050395008 0.050382497445161462 -0.47098959903742144 0.048187777107460653 -1.209496518538639 1 CAMERA 1 838
839 1 0.72643212031891657 -0.26438705935655377 0.6324266969593112 0.049318661649451381 -0.48899138238172685 0.050498201274184439 -1.2135086925795435 1 CAMERA 1 839
840 1 0.72646228999355023 -0.2644927366899637 0.63206076357875485 0.052870829384658952 -0.49297374684305073 0.05365431684804662 -1.2225695307555908 1 CAMERA 1 840
841 1 0.72532695089147825 -0.2635143243064122 0.633157119729299 0.059775220048983696 -0.50432709549409138 0.061334322392843289 -1.2278405245907333 1 CAMERA 1 841
842 1 0.72085027329368756 -0.26836998598046546 0.63623238663439186 0.059672307771414169 -0.51807070562910673 0.046762981904795345 -1.2322261488937074 1 CAMERA 1 842
843 1 0.71966075414476383 -0.26860825691362872 0.63737070566734311 0.060799562652417274 -0.52417995006949769 0.04621937153374725 -1.2387376272170718 1 CAMERA 1 843
844 1 0.71226849020975336 -0.27401398764362961 0.64371477834733215 0.056755762414052266 -0.54544586278784357 0.024206937488923226 -1.2396611765092793 1 CAMERA 1 844
845 1 0.7067308912471284 -0.27624269549718905 0.64976429424954774 0.045030905607971204 -0.55770335120958026 0.0054649845894757703 -1.2452562024000939 1 CAMERA 1 845
846 1 0.69935234301968907 -0.2693982716541069 0.66083919434962957 0.040279408560502453 -0.58714553818368131 0.015771531421982048 -1.2422377570887699 1 CAMERA 1 846
847 1 0.70316122265080794 -0.26561750819517443 0.65766534440733704 0.049879144599584778 -0.58386022302682361 0.035423621317586571 -1.2550343699848401 1 CAMERA 1 847
848 1 0.70625049187131328 -0.27008463567178825 0.6527300680559508 0.046989260062693501 -0.56844199353484226 0.020310919253848429 -1.2721104152803222 1 CAMERA 1 848
849 1 0.70246291909192116 -0.2610332878639704 0.6596277893256437 0.057433870469844626 -0.59643844247196198 0.047416583513781752 -1.2674376920810948 1 CAMERA 1 849
850 1 0.69470642618461664 -0.27686001352761164 0.66075848886159771 0.064263004323069098 -0.6157369847731593 0.003834525019115219 -1.2673042014466884 1 CAMERA 1 850
851 1 0.69893251879089591 -0.27209720808154464 0.6579151884833736 0.067853137685221068 -0.60888793644071448 0.01801026363073276 -1.2785263696474356 1 CAMERA 1 851
852 1 0.7049016421200871 -0.26368320385064953 0.65501146059564441 0.067415350120146419 -0.59649405286191381 0.040624865287066124 -1.2919979762091258 1 CAMERA 1 852
853 1 0.70870802119083576 -0.26750836605996436 0.64976622700196585 0.063056046778464298 -0.57825716841006303 0.025847271840995518 -1.3079715443036204 1 CAMERA 1 853
854 1 0.70222242131395274 -0.28092690019323913 0.64995624249433859 0.074300946120678876 -0.59574756690362041 -0.007149045909279751 -1.3067975591206091 1 CAMERA 1 854
855 1 0.696400494951675 -0.28014997230683208 0.65447430543775109 0.090585468864033764 -0.62650301961642285 0.0010629054339915257 -1.2997329230184178 1 CAMERA 1 855
856 1 0.68322370159518553 -0.29409403491221381 0.66237885055685075 0.089265505894559644 -0.65886526824507097 -0.048667578770717083 -1.2930510729298477 1 CAMERA 1 856
857 1 0.67417928553607065 -0.28993357033261047 0.67197917708162536 0.099321706172215654 -0.70074711995943972 -0.037170851142894694 -1.2835318001489606 1 CAMERA 1 857
858 1 0.66828480730016082 -0.29409931159261077 0.67534512708984773 0.10397100830778226 -0.72078409645494468 -0.051116791981675173 -1.284003517810157 1 CAMERA 1 858
859 1 0.67536617727021553 -0.28881477782482029 0.67140297792213721 0.098410324390796361 -0.70078540067754969 -0.037621367265937858 -1.3065344201583944 1 CAMERA 1 859
860 1 0.6813184634606797 -0.28854850330847898 0.66680805257066866 0.088949050657820494 -0.6761594047324947 -0.041171999685621657 -1.3287195690267821 1 CAMERA 1 860
861 1 0.68671803584561975 -0.28004651875750186 0.66447840945715253 0.091982226225673924 -0.66760581947423581 -0.012199548179293189 -1.3411518354169845 1 CAMERA 1 861
862 1 0.68629970906700211 -0.28081764105837403 0.66300851515394121 0.10273203316553509 -0.67449061922700404 -0.0066147520232169013 -1.3443149300165942 1 CAMERA 1 862
863 1 0.68355137721675507 -0.27718411858355935 0.66565973720973304 0.11324130592677689 -0.69334228476960713 0.009449310974179715 -1.3430002573502087 1 CAMERA 1 863
864 1 0.6716509759485354 -0.26945598813195881 0.67909393992276823 0.12292216125410993 -0.7476062444713768 0.030905806872700992 -1.3261565723104252 1 CAMERA 1 864
865 1 0.66286566208498032 -0.27524033809314885 0.68333645527378239 0.13380268759958405 -0.77883769199686759 0.018598240359144615 -1.3225731578611042 1 CAMERA 1 865
866 1 0.65301938995170539 -0.28708128912249831 0.68729705688579412 0.13701374156993468 -0.80275622049651163 -0.018441185499793955 -1.3208796134166938 1 CAMERA 1 866
867 1 0.65802220440044701 -0.28784972762529903 0.68482705914039843 0.123130873021882 -0.77966995611198031 -0.02534536575891962 -1.3468310096412199 1 CAMERA 1 867
868 1 0.65227892304690627 -0.29609733301135843 0.68752130129124644 0.11905056154054869 -0.78901338901351825 -0.056842674412861172 -1.3507238169694749 1 CAMERA 1 868
869 1 0.64976876541723116 -0.29336333574612594 0.68889090696684729 0.13102603949775757 -0.80628608050840378 -0.042605758992115508 -1.3509339814144821 1 CAMERA 1 869
870 1 0.650794886773434 -0.29315087737615758 0.68850266000290117 0.12842377354708004 -0.80250310725253171 -0.04404036943952188 -1.3613738882629975 1 CAMERA 1 870
871 1 0.6533892969925551 -0.29065160189508371 0.68777634703476143 0.12477086739666317 -0.79568024733109166 -0.039921325521347993 -1.3726950683024144 1 CAMERA 1 871
872 1 0.64648351566855411 -0.29717071168531323 0.69041274355251758 0.13068617228137214 -0.81609547129357907 -0.064307904211945849 -1.3678059915850216 1 CAMERA 1 872
873 1 0.63575355865010841 -0.3020802426840381 0.69694676767791652 0.13722296698067821 -0.85009690390087322 -0.086228314742278753 -1.3568976454586699 1 CAMERA 1 873
874 1 0.63880870614154839 -0.29906364210126313 0.69304829270132418 0.14889069452006812 -0.84804603117611999 -0.067732228035884745 -1.3727168797600133 1 CAMERA 1 874
875 1 0.64264470247577943 -0.30317094718125331 0.6883504844735755 0.14583817638064575 -0.82963148484689797 -0.081382527604433 -1.396311569322922 1 CAMERA 1 875
876 1 0.63580334048049736 -0.30725134530388226 0.69399496180102893 0.14043402734944249 -0.84868399910420966 -0.10812407780325875 -1.3954173540430137 1 CAMERA 1 876
877 1 0.63746342104257403 -0.30039818430307075 0.69586675938925113 0.13845855292187104 -0.85213388700219816 -0.091748164170049717 -1.4055851080103272 1 CAMERA 1 877
878 1 0.63658602384264951 -0.29516268937493217 0.69904002749031779 0.13776886809253666 -0.86267154627030529 -0.082302321968197742 -1.4098012716319348 1 CAMERA 1 878
879 1 0.63770942687727072 -0.29759170974774402 0.69801608614362343 0.13243641737080966 -0.85493019699546602 -0.097458936573882257 -1.4244216547022315 1 CAMERA 1 879
880 1 0.63322581057894411 -0.30485589277173425 0.69893053600448607 0.13260491431115937 -0.8625484089809109 -0.12665493556612037 -1.4280851926849631 1 CAMERA 1 880
881 1 0.63272895851153155 -0.30426905195764986 0.70200163807233651 0.11944919097868387 -0.86100492078682922 -0.13895020201531863 -1.4377083463472484 1 CAMERA 1 881
882 1 0.63618970912654527 -0.30392150521364969 0.69949580568710734 0.11661899715010349 -0.84870908171728676 -0.13975916405121799 -1.4544832353896011 1 CAMERA 1 882
883 1 0.6388957392518867 -0.30183031462297721 0.69813748978358581 0.11538951815071291 -0.842388575536833 -0.13480355328922289 -1.4674910434816162 1 CAMERA 1 883
884 1 0.64640696111230134 -0.29490279072408648 0.69490423112169442 0.11089857626620937 -0.82212051808542452 -0.11354205954715255 -1.4884629414843857 1 CAMERA 1 884
885 1 0.65382710128173882 -0.2803336000295647 0.69363673774736934 0.11309849853632035 -0.81364325100673562 -0.063889752208523512 -1.501790009461502 1 CAMERA 1 885
886 1 0.65342698330535154 -0.28296635333175713 0.69238478478757404 0.11647544876607965 -0.81431470164180475 -0.074720981091146971 -1.5069697871937133 1 CAMERA 1 886
887 1 0.63765243010149453 -0.28189200217868715 0.70627185621136379 0.1229485364577567 -0.87876696332403581 -0.081669886736015926 -1.4804566823615228 1 CAMERA 1 887
888 1 0.62016462569525244 -0.29112085644263103 0.72015751682313212 0.10962497408673165 -0.92773849819457266 -0.14041535626253884 -1.4620838562617928 1 CAMERA 1 888
889 1 0.6290839916480524 -0.28414134896876098 0.71444472274650461 0.11439302163172489 -0.90703750594836108 -0.10652211415205612 -1.4951860848376262 1 CAMERA 1 889
890 1 0.64207293046667235 -0.28398566108804169 0.70334490755289203 0.11135725067431107 -0.85881576165025186 -0.097903034854654986 -1.5396012514346811 1 CAMERA 1 890
891 1 0.64651664842320977 -0.27773690668422019 0.70202905812305949 0.10969792854904074 -0.8505290888168624 -0.07606592959402203 -1.5587286216596052 1 CAMERA 1 891
892 1 0.64325774358843946 -0.27276782182166337 0.70701352593704503 0.10931177811307584 -0.86999707548717453 -0.06339139027227618 -1.5597043289930888 1 CAMERA 1 892
893 1 0.6383944997941452 -0.27028386106000135 0.71051527620368515 0.12069440485905739 -0.89772801929818269 -0.047815609240242633 -1.5544014496236893 1 CAMERA 1 893
894 1 0.6340440820341664 -0.27313948768584084 0.71234043782503831 0.126309235384434 -0.91529410354070539 -0.055787930510565124 -1.5535166975759802 1 CAMERA 1 894
895 1 0.62275848799110134 -0.27601678432448057 0.71797639713784189 0.14316596508658944 -0.96413990673899819 -0.059857566135386307 -1.533034812263909 1 CAMERA 1 895
896 1 0.63322754549093485 -0.268587144241139 0.71169644894074147 0.14273046677235426 -0.93407450054508157 -0.025348112301556178 -1.5609277791728646 1 CAMERA 1 896
897 1 0.63334038406463355 -0.263533602299662 0.71483539377368965 0.13579528040488115 -0.93866311473041686 -0.016303061587522871 -1.5656575642821133 1 CAMERA 1 897
898 1 0.63438702536875302 -0.26201718629303289 0.71744146292310784 0.11907074959711066 -0.93074147075656521 -0.028943836544474324 -1.5791888410442521 1 CAMERA 1 898
899 1 0.63232232230280705 -0.25835213843016686 0.72012000380956431 0.1218598924973186 -0.94593862237141002 -0.016256924989515056 -1.5826616975504948 1 CAMERA 1 899
900 1 0.6360218891415591 -0.26465261024848502 0.71353352644051316 0.1276912646457512 -0.92861232691228024 -0.028008159587199662 -1.606018772818657 1 CAMERA 1 900
901 1 0.62973891215268463 -0.26506290951305084 0.71691942105344875 0.13855360059420144 -0.96076900397036002 -0.024818820234096185 -1.5988407152648432 1 CAMERA 1 901
902 1 0.62710768038337428 -0.2650736717253917 0.72051905858464005 0.13162139635525513 -0.96944235175358884 -0.036211663087773668 -1.6039772762076916 1 CAMERA 1 902
903 1 0.63354376783250987 -0.25361133304322891 0.71933148414684145 0.12986840226831756 -0.95747378814346107 0.0064896076498024546 -1.6223077678855702 1 CAMERA 1 903
904 1 0.63915976787303874 -0.26496434494080673 0.71148771898010388 0.12269438774068343 -0.92003161044844906 -0.036769473415648291 -1.6538012404160967 1 CAMERA 1 904
905 1 0.65204861748101817 -0.272961030839177 0.69340530609738205 0.1396923675807045 -0.86496034473162287 -0.03095241210666784 -1.6948095895715618 1 CAMERA 1 905
906 1 0.65315219934588031 -0.27511682658052661 0.6920645695595512 0.1369290611311304 -0.85797995971077123 -0.041366110266533786 -1.7093503752279968 1 CAMERA 1 906
907 1 0.65611770346287157 -0.26574215559562142 0.69209426312962485 0.14105387936906139 -0.8605305307486415 -0.0019599621709034325 -1.7188977155935696 1 CAMERA 1 907
908 1 0.65868159490652389 -0.26687679227044792 0.69061360536820837 0.13404544885656788 -0.84516833261702073 -0.011550146753221956 -1.736349341467309 1 CAMERA 1 908
909 1 0.66251398230328662 -0.26267833808922714 0.68820573380293848 0.13582408443306826 -0.83602822817244327 0.0093911423861507016 -1.7506004152063963 1 CAMERA 1 909
910 1 0.66694299696417714 -0.25711558456282746 0.68657246894032686 0.13302954509634771 -0.82276498974753176 0.029362795729889528 -1.7655883808670456 1 CAMERA 1 910
911 1 0.64263880008963292 -0.25407537668662655 0.70715309946012128 0.14965149349354886 -0.94436006520444804 0.032603441688002451 -1.711416012565026 1 CAMERA 1 911
912 1 0.58082506099916864 -0.24480517628329443 0.75257804938843853 0.19062778852756534 -1.2163136515807378 0.034900684350263098 -1.5345733390853185 1 CAMERA 1 912
913 1 0.54606014395306535 -0.24629163521443082 0.77686401767899316 0.19401300895819454 -1.3337076736894993 -0.008309106281941453 -1.4402179969583151 1 CAMERA 1 913
914 1 0.51090606567815022 -0.24715587926987614 0.79578140100520489 0.21123665687991128 -1.4458508563290124 -0.040274762284378998 -1.3337707311789742 1 CAMERA 1 914
915 1 0.46103294816095469 -0.24164651159742581 0.82500508103944703 0.22005044967440798 -1.5866186928339787 -0.072573143550789962 -1.1654084608690993 1 CAMERA 1 915
916 1 0.39949527463915635 -0.22998426938998542 0.85277582159642118 0.24552832723473758 -1.7350937128854416 -0.091692885719649272 -0.93318743625548595 1 CAMERA 1 916
917 1 0.32606788432961076 -0.21617610067003923 0.87426630816912265 0.28741268362450795 -1.8633679319101231 -0.12801330235114425 -0.63947116015395844 1 CAMERA 1 917
918 1 0.28388664150823473 -0.2062573251082771 0.88767682480032006 0.29815456616455738 -1.9144879197098232 -0.14498890792369318 -0.46949415249524457 1 CAMERA 1 918
919 1 0.28569808398336166 -0.19645822291898205 0.89779214198422796 0.27156958822210486 -1.9205196474842796 -0.095896483199821997 -0.47440371030741357 1 CAMERA 1 919
920 1 0.30237894473259974 -0.20719497599382719 0.90606864989885982 0.21136891298337693 -1.8994018345833332 -0.10121815121291704 -0.57286407864954436 1 CAMERA 1 920
921 1 0.3453080604654753 -0.20517049109206978 0.89561674936154034 0.19114929041374604 -1.8477006064003925 -0.054793350710654852 -0.74893354316228633 1 CAMERA 1 921
922 1 0.39814539454967407 -0.20683895111503153 0.87404247683051339 0.1864071935213325 -1.7606359910647029 -0.017045102669563224 -0.95738271810791653 1 CAMERA 1 922
923 1 0.45117147228878107 -0.22709338461949172 0.84397014686650362 0.18051949604674192 -1.6343024213245632 -0.05065320511607372 -1.1777480413308945 1 CAMERA 1 923
924 1 0.49405122373640509 -0.22820542804759333 0.81878065031263969 0.18284943972510906 -1.5248258994185622 -0.012442844379235048 -1.3330793163761621 1 CAMERA 1 924
925 1 0.54961568484250911 -0.22534545038088938 0.78372838384242982 0.18141622674795874 -1.3545443453259014 0.056965939335719668 -1.5170484415436296 1 CAMERA 1 925
926 1 0.60884863768384756 -0.22903538182823871 0.74077099791431733 0.16764384542935729 -1.1246081096929905 0.097195583245524228 -1.702938527781187 1 CAMERA 1 926
927 1 0.66228480478122387 -0.22525670035725576 0.69755655147104023 0.15509066316154463 -0.88863580750825977 0.16013119430871761 -1.8420451887207339 1 CAMERA 1 927
928 1 0.70512236218504842 -0.22249107769598919 0.66024769446922082 0.13180727081740731 -0.6658515265275613 0.18804664217473158 -1.9403365600083347 1 CAMERA 1 928
929 1 0.74686130633715764 -0.21920721774275653 0.62055519251428115 0.095171623025973026 -0.41240390774496488 0.18526600742286528 -2.0183816823975302 1 CAMERA 1 929
930 1 0.79482554446779174 -0.19914392284763335 0.57081934385986366 0.052529311148434031 -0.098155785872027654 0.21952984977823686 -2.0612399642656776 1 CAMERA 1 930
931 1 0.83692205839348854 -0.18351372660600065 0.5144257114476759 0.035360539067393552 0.19898156573939327 0.27497336304300835 -2.0533917286594208 1 CAMERA 1 931
932 1 0.8724162299777255 -0.18138796343374972 0.45218639580402503 0.03893317149391836 0.47230064477235251 0.33260025110758273 -2.0047655171838721 1 CAMERA 1 932
933 1 0.8927339231064243 -0.18764490264662489 0.40861361268774321 0.029162451406267144 0.66544708078693149 0.31611177802391766 -1.9579072124722874 1 CAMERA 1 933
934 1 0.89932569028916776 -0.21406346489570743 0.38127565429634613 0.0043601861943500233 0.7960313260914168 0.18463682176070242 -1.9323628774627135 1 CAMERA 1 934
935 1 0.89395002089583631 -0.22391974290516739 0.38821425367061102 -0.0017326640147860214 0.77406196398630522 0.13200329839620151 -1.9538442308186965 1 CAMERA 1 935
936 1 0.87254913928986866 -0.21953273321834668 0.43602443858706591 0.018602890233127674 0.5576705534698968 0.16588268827810626 -2.0319184060370934 1 CAMERA 1 936
937 1 0.83427298706506714 -0.21671506751020184 0.50502033096890286 0.044470528169099501 0.22101606573333016 0.18438947679910922 -2.101833018173735 1 CAMERA 1 937
938 1 0.80150044831224299 -0.21453170740654509 0.5535934739681545 0.071466379874570454 -0.043072069942821985 0.20978719656424191 -2.117737239555308 1 CAMERA 1 938
939 1 0.765250037813754 -0.22342723525128191 0.59817549812639537 0.081601002538298495 -0.28278523917684245 0.15281607289172577 -2.1100202975207769 1 CAMERA 1 939
940 1 0.73727212828130062 -0.22499949951829223 0.62911645315153397 0.10008757390462342 -0.4698817014293083 0.14621475839414591 -2.0831611368451171 1 CAMERA 1 940
941 1 0.73764644477109764 -0.21617031551299376 0.62943874653980048 0.11381995238963019 -0.48869191972109821 0.20134466027347206 -2.0802583002976349 1 CAMERA 1 941
942 1 0.73788650299231395 -0.22165003199144867 0.62896249926239611 0.10392760240457845 -0.47536777099755895 0.16038048399793955 -2.0929643125292703 1 CAMERA 1 942
943 1 0.74038092787460663 -0.22157311714739067 0.6286067606526935 0.087149158681267491 -0.45076161792391062 0.12760812898742968 -2.1060310595409266 1 CAMERA 1 943
944 1 0.74501400732723655 -0.21596860710773882 0.6250816964454613 0.087089393148762448 -0.43035796909170421 0.15015539217332358 -2.1122560614731065 1 CAMERA 1 944
945 1 0.7346655339062188 -0.23649677616252665 0.63233537864820122 0.066991022270585815 -0.45542659858452811 0.022241884267942574 -2.1162044516987497 1 CAMERA 1 945
946 1 0.72347131445137136 -0.22503132812406265 0.64942661315645012 0.06477061565917229 -0.53812048015322245 0.047991997343945561 -2.1002281561640621 1 CAMERA 1 946
947 1 0.72815516197265062 -0.23038841955425926 0.64171538555774021 0.070089943403846486 -0.50846397750575056 0.043501476709302676 -2.1118371303276726 1 CAMERA 1 947
948 1 0.72465843173927968 -0.22939073590146719 0.64646677935030772 0.065808440098452464 -0.53037629682197907 0.036633034432916066 -2.1117259790962315 1 CAMERA 1 948
949 1 0.69052337089150151 -0.24005101839144025 0.68214401669016322 0.015248715214093078 -0.68421151750176512 -0.13021462205719336 -2.0680909311413207 1 CAMERA 1 949
950 1 0.66381765128875025 -0.23071206565137078 0.71078459984647857 -0.030055302717595812 -0.81035973320465182 -0.18816690645807613 -2.0216885685547883 1 CAMERA 1 950
951 1 0.60985028598841284 -0.26164582019695487 0.7467618017112222 -0.044394875361050065 -1.043604695630266 -0.35555716371756818 -1.8890207417180676 1 CAMERA 1 951
952 1 0.63099407763737392 -0.25260326413145429 0.73347614094549496 -0.0071285061828464235 -0.97973678534406561 -0.2511332517576641 -1.9428048179326218 1 CAMERA 1 952
953 1 0.64714264832082524 -0.24119877603600201 0.72320777587606244 -0.00023680253875127188 -0.91776722542316136 -0.183761710121182 -1.9840431755306789 1 CAMERA 1 953
954 1 0.64959877649117759 -0.23119588954171305 0.72426822991470341 -0.0023283849345540285 -0.91845772414854576 -0.14665163770984577 -1.993503161241488 1 CAMERA 1 954
955 1 0.65490596615896945 -0.23854524052458928 0.71665513539429249 0.024490010727663179 -0.90361594584815463 -0.12795355851258058 -2.0063176776103555 1 CAMERA 1 955
956 1 0.65593382261140187 -0.24521181757068872 0.71272785434903851 0.040509141105303063 -0.90373074104939533 -0.12773493570789754 -2.0126444641376859 1 CAMERA 1 956
957 1 0.65760559659656959 -0.22846979421928065 0.71604330608489597 0.051365516305021369 -0.92468485872874795 -0.042306977260995839 -2.0129860448606021 1 CAMERA 1 957
958 1 0.63492967905595432 -0.22668701312426565 0.73696300368170609 0.048608969739539772 -1.0416489382673237 -0.058619949934795773 -1.9582104409077887 1 CAMERA 1 958
959 1 0.62357455977050358 -0.22479410085755647 0.74765491498546954 0.040429057925407484 -1.0944978644263874 -0.073088177256081036 -1.9332511183363728 1 CAMERA 1 959
960 1 0.6207294747192279 -0.22886317944364851 0.74823999792606677 0.049532512689498355 -1.1100939636016733 -0.079057166264994094 -1.9296380525816941 1 CAMERA 1 960
961 1 0.62086971744192732 -0.23639594620315849 0.74584183771368373 0.048556191141499797 -1.0993808853978668 -0.11153768678824218 -1.9376370015151694 1 CAMERA 1 961
962 1 0.6045419303239854 -0.23017518355191274 0.7615820701064947 0.039257990897386234 -1.1789638648651981 -0.11140643177990472 -1.8941021146673584 1 CAMERA 1 962
963 1 0.58545701688819418 -0.22443969271646358 0.7788137757137652 0.017776627019354986 -1.2603443514031059 -0.12825875010267104 -1.8442449450169478 1 CAMERA 1 963
964 1 0.58864708229677398 -0.22044342255817637 0.77750858386559041 0.019486199466715287 -1.2527562643073067 -0.10682164145406582 -1.8561772580535554 1 CAMERA 1 964
965 1 0.59078757173239649 -0.23057990770715017 0.7725338394097252 0.031534397333223357 -1.2429731042181273 -0.13231638641061269 -1.866554855549011 1 CAMERA 1 965
966 1 0.58868672430579072 -0.22813487804729801 0.77466257757275903 0.036059796904469352 -1.2584546994267394 -0.11748168311212044 -1.8618158933336666 1 CAMERA 1 966
967 1 0.5774506430613241 -0.21950980076094892 0.78620657344168876 0.015666080397799261 -1.3062491040993425 -0.11471266333026924 -1.8343356704158051 1 CAMERA 1 967
968 1 0.56993286865932646 -0.21143342703435611 0.79392686797387402 0.012351496405438251 -1.346501790212475 -0.087112737818905897 -1.8125788797367506 1 CAMERA 1 968
969 1 0.56937300858025464 -0.22072035744871091 0.79135210730732664 0.029304319958605059 -1.3545138330270332 -0.10475976421761456 -1.8107416174265225 1 CAMERA 1 969
970 1 0.56527154808203972 -0.22629014642746267 0.79156204814792064 0.051868781464775283 -1.3812068513712912 -0.10281489634367266 -1.7927257205747336 1 CAMERA 1 970
971 1 0.54986631619343429 -0.22135194397359589 0.80304462063594229 0.061397788906831265 -1.4547126023812784 -0.081138939585166325 -1.7344118067517702 1 CAMERA 1 971
972 1 0.52195320599612238 -0.22338038086073619 0.82030030149324085 0.069090314567094302 -1.568067595071196 -0.10237149481952197 -1.6332869174229385 1 CAMERA 1 972
973 1 0.511884268659478 -0.22535485397818286 0.82432971560737789 0.087579708004096354 -1.6144103709214581 -0.10400034634287905 -1.5902366189494561 1 CAMERA 1 973
974 1 0.48881442179246365 -0.23747652890298751 0.83563120368340948 0.079911517933926798 -1.6841769613574111 -0.1831323479628382 -1.5135802096333839 1 CAMERA 1 974
975 1 0.50586068899119885 -0.24434893743086034 0.82283814269567124 0.085650166578339862 -1.6233720649219465 -0.20064264462152409 -1.5836816643869855 1 CAMERA 1 975
976 1 0.50410107668790693 -0.24690847806086544 0.82452165186943471 0.071290627310039573 -1.6248388760939656 -0.23068766972889387 -1.5859937370716122 1 CAMERA 1 976
977 1 0.49720741699456267 -0.2543122630675268 0.82621525221799585 0.074016311320016528 -1.645651824637373 -0.26952957155265905 -1.5666604183038466 1 CAMERA 1 977
978 1 0.49670893539265587 -0.24827267244665741 0.82738412320597943 0.084121497157158942 -1.6606506001466075 -0.23857981069903478 -1.5633229367669299 1 CAMERA 1 978
979 1 0.50389203058574261 -0.25094732324665792 0.82313701291880925 0.074590350787582138 -1.6315146328148789 -0.25724219159905043 -1.5983968861268045 1 CAMERA 1 979
980 1 0.5120626066353765 -0.25650709317288622 0.81670421130604987 0.07064155485790953 -1.597725715142208 -0.28220957689584775 -1.6360016654916758 1 CAMERA 1 980
981 1 0.52293385922996327 -0.25074462739913361 0.81029870724636199 0.084162436610408856 -1.5737853006019389 -0.23632400149948346 -1.673932510595233 1 CAMERA 1 981
982 1 0.52998555699753047 -0.25354828202602064 0.80517821276325718 0.080725607752670361 -1.5466576103370309 -0.24754236176515271 -1.7067726220851049 1 CAMERA 1 982
983 1 0.55781095845475659 -0.254716147265107 0.78756569133281817 0.06088432298766587 -1.4251866702967881 -0.25610403255694203 -1.8177289903003813 1 CAMERA 1 983
984 1 0.57579815506155574 -0.27619191540887783 0.76670967279609814 0.065808723824307108 -1.3199576536519841 -0.33264934564902487 -1.8911859048108939 1 CAMERA 1 984
985 1 0.5753859561029171 -0.31247083215129162 0.75232476522891834 0.072804039705667817 -1.2623179626323886 -0.48291165765577015 -1.904142621282134 1 CAMERA 1 985
986 1 0.5802052999810885 -0.31817153808931053 0.74587794523843887 0.076123406588394449 -1.2300462006523059 -0.49987088883506842 -1.925324575357017 1 CAMERA 1 986
987 1 0.58526307767534724 -0.3221380347322978 0.74065947687590694 0.071538491755846811 -1.1974494318175131 -0.51891076157375626 -1.9455798255966557 1 CAMERA 1 987
988 1 0.59319420891266461 -0.31145096774698805 0.73815096575707084 0.079070076222590296 -1.1866418054617096 -0.45632329869978872 -1.9728392301974031 1 CAMERA 1 988
989 1 0.59637642044424277 -0.30458828204889765 0.73734753738518222 0.088767971074146149 -1.189742587215769 -0.4112109457748368 -1.9861996546021652 1 CAMERA 1 989
990 1 0.59736496252324744 -0.31274124412426957 0.73286837483259737 0.090840304619870429 -1.1687815707313001 -0.44400559737262318 -1.9963741720905084 1 CAMERA 1 990
991 1 0.60069629798812751 -0.31620272926320769 0.72722950698663102 0.10157281013065965 -1.1482283967973579 -0.43916534325992823 -2.0127506285776615 1 CAMERA 1 991
992 1 0.60130715128209011 -0.33036507562376094 0.71868729480768501 0.11303627252849363 -1.116692607358146 -0.48079640485941461 -2.023408496075878 1 CAMERA 1 992
993 1 0.61152280012526061 -0.31204037103426463 0.71882763241116332 0.10935038479091187 -1.1042577277867116 -0.39560230448711503 -2.0500365330789565 1 CAMERA 1 993
994 1 0.5958868723133629 -0.28931055991629812 0.73577082746655142 0.14092382614271551 -1.2424975875970283 -0.27210514272121428 -1.994182896711661 1 CAMERA 1 994
995 1 0.56908673312386793 -0.28914967838777883 0.7611925969963893 0.11453638700666385 -1.360275339475308 -0.34034716982979313 -1.9094698811093354 1 CAMERA 1 995
996 1 0.58460255710521047 -0.28370666405244088 0.75474806227120617 0.090031891550406792 -1.2889442814616989 -0.33006881365330248 -1.9638912795826977 1 CAMERA 1 996
997 1 0.59325521434690898 -0.26686299582748418 0.75097381762273652 0.11344918401344364 -1.2871634867006392 -0.21220141577970622 -1.986079741732053 1 CAMERA 1 997
998 1 0.58062766605423755 -0.26571180583963194 0.76330896476304178 0.098123259027735804 -1.344825615017057 -0.24127113963231644 -1.9506436722380247 1 CAMERA 1 998
999 1 0.57789710098484448 -0.24795272421615239 0.77309584517179675 0.082928893669253517 -1.3784176923770475 -0.18582056993707097 -1.938553635159288 1 CAMERA 1 999
1000 1 0.59126690614304744 -0.2409689962829297 0.76623145824708128 0.072296202687123876 -1.3201666042432487 -0.15926983249384596 -1.9844647287329467 1 CAMERA 1 1000
1001 1 0.60936052109805494 -0.23103822839581495 0.75324127262815399 0.089043121892425248 -1.2533997885119879 -0.076451830366876625 -2.0339586606672042 1 CAMERA 1 1001
1002 1 0.60350478658394358 -0.23073323062830009 0.75709086005223014 0.096734577476055419 -1.2868469561062297 -0.070881296404504732 -2.0148575109607569 1 CAMERA 1 1002
1003 1 0.5988297608144566 -0.23015045099228726 0.76167395390706871 0.091030079701822031 -1.3069144980157621 -0.082127020437972528 -2.0032305715003731 1 CAMERA 1 1003
1004 1 0.60177713332994498 -0.22406729021172772 0.76225886508060181 0.081360640757063854 -1.2945695801248618 -0.068163559336800045 -2.0137007069467647 1 CAMERA 1 1004
1005 1 0.60425577731095248 -0.2229244555063882 0.76097390246367902 0.078092012989268128 -1.2833103513542028 -0.066609639056964973 -2.024218128235276 1 CAMERA 1 1005
1006 1 0.60993252881177296 -0.22950202943627751 0.75328718018169161 0.088710500820487079 -1.2540023127803681 -0.074535709245442117 -2.045547272692537 1 CAMERA 1 1006
1007 1 0.61273546954382407 -0.22833232032244494 0.75068759927036821 0.094274727052211904 -1.2443071366078888 -0.058799513412632246 -2.0546472745219435 1 CAMERA 1 1007
1008 1 0.60762293149523539 -0.21713927527293761 0.75945396098966778 0.082913143663621319 -1.2766770391408775 -0.032164888411198245 -2.0379058372574339 1 CAMERA 1 1008
1009 1 0.59976146886761117 -0.21916860436370289 0.76630486737268455 0.070909474430180336 -1.3089815808277303 -0.065669748586270352 -2.0204285895587795 1 CAMERA 1 1009
1010 1 0.61040514484838715 -0.22076425713483852 0.75586389061041781 0.085664933231777637 -1.2636482411912493 -0.040442656673458532 -2.0526203383229755 1 CAMERA 1 1010
1011 1 0.61923642149601532 -0.22714180580006868 0.74709234594807361 0.082497763463607002 -1.2093921989213021 -0.063687442992116108 -2.0857625411915892 1 CAMERA 1 1011
1012 1 0.61653854526398566 -0.23354564946614495 0.74677540674656884 0.087539383695005982 -1.2198411200190629 -0.086437995091389733 -2.0795809262200193 1 CAMERA 1 1012
1013 1 0.62529253197981449 -0.22908169812086548 0.7398946667430446 0.095324221274199913 -1.1846635192402857 -0.045139116256559808 -2.1015784862015963 1 CAMERA 1 1013
1014 1 0.62912925523492169 -0.23877897326043884 0.73424355420776222 0.089818624129945693 -1.1490324511125825 -0.091494481724638047 -2.1213299256804738 1 CAMERA 1 1014
1015 1 0.63966446220044226 -0.25599973115017138 0.71925355736618091 0.089262722706362138 -1.0668072542309082 -0.15319054115680056 -2.1622985296410371 1 CAMERA 1 1015
1016 1 0.65461090102214681 -0.2646444433326679 0.70197071054655347 0.093193392528023264 -0.97183581708449818 -0.16224721821908064 -2.2082101207011613 1 CAMERA 1 1016
1017 1 0.67831305508507089 -0.27390691530270272 0.6754226611795533 0.093116216716778846 -0.81505580919404663 -0.16725866346090815 -2.2711455494544079 1 CAMERA 1 1017
1018 1 0.71361761594012629 -0.27677977454923747 0.63723283900109617 0.089873041113600283 -0.58223873409300975 -0.13242354711012305 -2.3441874187832639 1 CAMERA 1 1018
1019 1 0.73753848554823809 -0.28120991622747299 0.6083918651980198 0.082566965012793328 -0.4031616420445287 -0.12601163460236484 -2.3827265227348824 1 CAMERA 1 1019
1020 1 0.76626856917511177 -0.27769141978513684 0.57524502484460061 0.069376629087731179 -0.18904615969227362 -0.095880012403616141 -2.4117976325037054 1 CAMERA 1 1020
1021 1 0.78265395995250986 -0.29547924511267126 0.5465739559852294 0.037439355188858291 0.0058173346405589752 -0.21663713661340267 -2.4114519327113939 1 CAMERA 1 1021
1022 1 0.79614359438247284 -0.3067672526913251 0.52141000587411934 0.013447511826505285 0.1648923198148679 -0.29889107563298212 -2.3960321698485503 1 CAMERA 1 1022
1023 1 0.81000294759134628 -0.32416174845917778 0.48859450070126753 0.0094762658098318034 0.33706734077896305 -0.34416470089094298 -2.3706391649611991 1 CAMERA 1 1023
1024 1 0.8318635411130898 -0.32269784655525902 0.45143448540336689 0.0087209049981466988 0.53225948314934024 -0.29799317997092017 -2.3403425068756851 1 CAMERA 1 1024
1025 1 0.85444776015519763 -0.30340118901252378 0.42169486424366331 0.0063391751885508675 0.69166198255651101 -0.19897841627608581 -2.3083426506504039 1 CAMERA 1 1025
1026 1 0.87907026773276353 -0.30726590919022562 0.36397379146052239 -0.018606573236458205 0.98760020169680829 -0.23291977657001409 -2.1930183061063127 1 CAMERA 1 1026
1027 1 0.90639790966752987 -0.32297488490005249 0.27041633000377985 -0.031702705585124655 1.3912032011199511 -0.22967794736346145 -1.959331829592329 1 CAMERA 1 1027
1028 1 0.92726104769607531 -0.33345472841221524 0.16545340567955605 -0.040250019554638812 1.7679049612195861 -0.16888756418524825 -1.6310808105945667 1 CAMERA 1 1028
1029 1 0.93902773714812504 -0.33207768869702203 0.077367526745372645 -0.044334899812896504 2.0177167538875178 -0.070474878047908585 -1.3113052509688417 1 CAMERA 1 1029
1030 1 0.94699036929597502 -0.31775897934412101 0.015204484633083413 -0.04480284760925092 2.1546943229823357 0.03919080584734394 -1.0645359207804372 1 CAMERA 1 1030
1031 1 0.94815479541038672 -0.31228373194253761 -0.031657478921929945 -0.049791151147937834 2.2351939223946573 0.087036205972037622 -0.86314186609437005 1 CAMERA 1 1031
1032 1 0.95021135306728144 -0.29480588402778413 -0.080330684114569326 -0.06111347179082826 2.3029262795265879 0.13014558432162693 -0.63292278623903042 1 CAMERA 1 1032
1033 1 0.94603492216049956 -0.2955255033415754 -0.1180207133340573 -0.061267561985168223 2.3370947059867002 0.1736953856243563 -0.46961906892616689 1 CAMERA 1 1033
1034 1 0.94575002928274277 -0.28954913256028314 -0.13608595165444581 -0.056557896951554845 2.3461833476780884 0.22392723372895276 -0.39508339498097811 1 CAMERA 1 1034
1035 1 0.94438105616344703 -0.29498628184185488 -0.1416561980962919 -0.032573544873625918 2.331247969694727 0.32568964225250047 -0.40979888516353691 1 CAMERA 1 1035
1036 1 0.94526494288673046 -0.29276847878736745 -0.13879818822549941 -0.038676459548358286 2.3349937800193175 0.29954194263390105 -0.41241284148947355 1 CAMERA 1 1036
1037 1 0.94588397391270673 -0.29352719967269453 -0.130384755185215 -0.046315295127029206 2.3361442674974784 0.25650525597672463 -0.44002040271433113 1 CAMERA 1 1037
1038 1 0.94835560478348657 -0.29138893529239712 -0.11868090895868436 -0.040360588618740235 2.3241512261383197 0.27231659654714835 -0.49998056590534445 1 CAMERA 1 1038
1039 1 0.94523625599674599 -0.31219825859053463 -0.093859782544871484 -0.015843260488964884 2.2838219768625527 0.31004423369929457 -0.65861315445226898 1 CAMERA 1 1039
1040 1 0.94358668732645135 -0.32624895035115981 -0.054902760225570175 -0.01383737022247457 2.2404106362715983 0.24078950383491116 -0.83742112267710311 1 CAMERA 1 1040
1041 1 0.94153655819272342 -0.33669557261470601 -0.010086248366899956 -0.0065778843207341094 2.1679896392395457 0.18721104059644034 -1.039196836617881 1 CAMERA 1 1041
1042 1 0.94333865237369463 -0.33067390930545354 0.025334162501785926 -0.011186279665895955 2.1099323567799431 0.13455980300977718 -1.1727104533174615 1 CAMERA 1 1042
1043 1 0.94252211764249316 -0.33283362738891592 0.029045260463764825 -0.0054960966547696012 2.0978307296756342 0.14820989271929352 -1.1963362112848319 1 CAMERA 1 1043
1044 1 0.9374293131632867 -0.34634654701703305 0.031675693023190468 0.016340216127314584 2.0685978660724871 0.19856421667002694 -1.2419366665307547 1 CAMERA 1 1044
1045 1 0.93453391159384291 -0.35015249208013111 0.062669240173813964 0.010590878491510173 2.007648834748585 0.12118097584883032 -1.351656255423473 1 CAMERA 1 1045
1046 1 0.93083474593874949 -0.35482310879491408 0.087043888275956119 0.0084023051634321295 1.9512667836121298 0.065268656601075559 -1.4390174827716635 1 CAMERA 1 1046
1047 1 0.92731042207950809 -0.36410637124239131 0.085971774595382675 0.011436148667413671 1.9511986440072207 0.053252706093303619 -1.4399241449008067 1 CAMERA 1 1047
1048 1 0.92713790212005964 -0.36510822822254413 0.082279262040937884 0.018477423375785385 1.9533569045097872 0.080555182091405025 -1.4346218401202808 1 CAMERA 1 1048
1049 1 0.92922164149460251 -0.35761203407045722 0.091696024801858705 0.015893807020455335 1.9344635990835977 0.073949209088416054 -1.4612865099390888 1 CAMERA 1 1049
1050 1 0.92807618168277839 -0.35006120537704877 0.12416383714595844 0.026741260783182355 1.834417084127077 0.086203086039373655 -1.5867704867149062 1 CAMERA 1 1050
1051 1 0.91850117119494568 -0.35831448449305225 0.16134192707283881 0.043989899800001023 1.7008637443311729 0.068036729895747591 -1.7335563384995629 1 CAMERA 1 1051
1052 1 0.90844366866549364 -0.36210146741063448 0.20246438285439336 0.051193767550685838 1.5584732751541857 0.01750770807571761 -1.871029261695772 1 CAMERA 1 1052
1053 1 0.89258631514446296 -0.36901669545701171 0.25125757266435622 0.063134623382360769 1.3671054479688016 -0.043344161064109724 -2.0230153966094062 1 CAMERA 1 1053
1054 1 0.87202384963343837 -0.37957837897349916 0.30151974072524312 0.067679434389712315 1.1603471377746615 -0.14855498044714024 -2.1504775347869196 1 CAMERA 1 1054
1055 1 0.84740042380556657 -0.39041264503052081 0.35183075379033552 0.075535481872713764 0.92995147363815489 -0.24870512969393457 -2.2563109096206073 1 CAMERA 1 1055
1056 1 0.81864442540304039 -0.38685214400588547 0.41895217880629743 0.068160071214983686 0.62436991616189785 -0.36925928352926368 -2.3486946393254593 1 CAMERA 1 1056
1057 1 0.78842875385263556 -0.3652525494996951 0.48821154033258923 0.081364409101483764 0.25451944707368501 -0.35525518994512656 -2.4222494021787093 1 CAMERA 1 1057
1058 1 0.75601215295078927 -0.35623591932547954 0.54106098683161141 0.093779544154607208 -0.049524578768540987 -0.37154233073318838 -2.4358735021644007 1 CAMERA 1 1058
1059 1 0.72249975464356675 -0.33374707030056555 0.5998796586567462 0.082166859107798709 -0.36683763804813524 -0.38911423211099139 -2.4107495670516155 1 CAMERA 1 1059
1060 1 0.70885822980492152 -0.33063952637402305 0.61620795808166207 0.092115503764695641 -0.4789305671172413 -0.37662498476328921 -2.4007363000045525 1 CAMERA 1 1060
1061 1 0.70332060469483715 -0.34972484461856351 0.61251979221094688 0.088612438280800038 -0.46060707853447536 -0.46697652208925999 -2.3958716761493264 1 CAMERA 1 1061
1062 1 0.70165023009098115 -0.33393109516269076 0.62620022892442462 0.063641586967309288 -0.5064429181241682 -0.46537864296285081 -2.39220699883623 1 CAMERA 1 1062
1063 1 0.69835319577326238 -0.3150696273519959 0.64166104986934236 0.036125350574343164 -0.5629235609603005 -0.45749485567773263 -2.3856757098036425 1 CAMERA 1 1063
1064 1 0.69865499077033533 -0.29902980276777508 0.64845306801799529 0.044395940201976902 -0.60551718087624995 -0.37067189171347475 -2.3952638080757165 1 CAMERA 1 1064
1065 1 0.68072511383808987 -0.30502013532108624 0.66358903870326857 0.056794578541423404 -0.71920246926295806 -0.39182439965860555 -2.3639480158691399 1 CAMERA 1 1065
1066 1 0.65862498518201329 -0.30827909624893163 0.68451004265702198 0.051216493550580541 -0.84834328488687316 -0.44601858193553728 -2.3136724684743175 1 CAMERA 1 1066
1067 1 0.64929405991951528 -0.2968810225997669 0.69842406721157257 0.049826744956844152 -0.93051524131392738 -0.41205156249723907 -2.2914641934780691 1 CAMERA 1 1067
1068 1 0.64788302403407616 -0.30125549676386265 0.69809626893016541 0.04641456822810406 -0.92854677507129457 -0.44231186276192846 -2.2899288656414512 1 CAMERA 1 1068
1069 1 0.65293496672489459 -0.31565398364633651 0.68664493702133933 0.05056898554569083 -0.86729963776895846 -0.49206828180959716 -2.3073762638637834 1 CAMERA 1 1069
1070 1 0.65274882614589125 -0.31305872316647426 0.686215338177805 0.070864063276520298 -0.88460459335580022 -0.44323072663040408 -2.3133778075549545 1 CAMERA 1 1070
1071 1 0.64231664860380422 -0.29827101087742935 0.70146289436911469 0.080084547946766935 -0.98527986478278784 -0.37834415998824589 -2.2866892790685225 1 CAMERA 1 1071
1072 1 0.62991720338982293 -0.30462080227241062 0.71019630807584899 0.077663940744024676 -1.0426592506615537 -0.42888560202618953 -2.2543458299616788 1 CAMERA 1 1072
1073 1 0.62930330741019458 -0.31041412299474958 0.70816778074194631 0.07822284734665115 -1.0331734842544307 -0.45756572532976891 -2.2561242429616222 1 CAMERA 1 1073
1074 1 0.63075653731742098 -0.30950706858384791 0.70708030098640362 0.079931302284818401 -1.027762501904097 -0.45131275524557513 -2.2631367111234244 1 CAMERA 1 1074
1075 1 0.62333979425767894 -0.30577403363825734 0.715821686384989 0.074491976402394064 -1.0776003170803399 -0.45682599614515479 -2.2421569769413763 1 CAMERA 1 1075
1076 1 0.62530580138360981 -0.29687029333757314 0.71837561027402974 0.06926157847667172 -1.0841520529473418 -0.4262712675096248 -2.2480456295905964 1 CAMERA 1 1076
1077 1 0.62473661969287086 -0.2922501888542185 0.72194170569097471 0.055625144614688732 -1.0910292259591992 -0.43312557321699646 -2.2463440968229271 1 CAMERA 1 1077
1078 1 0.62314427601508215 -0.29086319211241013 0.72413784650809787 0.052097927007061132 -1.1033635037350655 -0.43654023866350788 -2.2435913994474861 1 CAMERA 1 1078
1079 1 0.62460481876018592 -0.29751686179989495 0.72008733122761404 0.053167402906198889 -1.0831015209210813 -0.46527649782999825 -2.2510260548455645 1 CAMERA 1 1079
1080 1 0.62691925751108157 -0.30387457412985658 0.71459553293275213 0.063132496162503979 -1.0617591949726048 -0.47510018530127857 -2.2625428455254579 1 CAMERA 1 1080
1081 1 0.62711616146501004 -0.30733251047498394 0.71220743300892864 0.07094096419818309 -1.0563863730595497 -0.47646923344762004 -2.2677770889599973 1 CAMERA 1 1081
1082 1 0.61951806854355007 -0.30510512325798639 0.71988104667193886 0.069853454834473749 -1.1050337969450994 -0.47881174476318233 -2.2473441803271705 1 CAMERA 1 1082
1083 1 0.62364535911620733 -0.28535719227393369 0.72472982274656761 0.066365826236720576 -1.12137170320075 -0.39109485860742238 -2.2596493002837388 1 CAMERA 1 1083
1084 1 0.62544710724872465 -0.26038529721295911 0.73405017346045554 0.046752068106091255 -1.1475002217383663 -0.31132521732824214 -2.2627077721574875 1 CAMERA 1 1084
1085 1 0.62283725163796122 -0.23378768518909046 0.74542164465543959 0.041995808185786576 -1.2009056291400908 -0.19987454228405852 -2.2505125201834049 1 CAMERA 1 1085
1086 1 0.61723416201566528 -0.21778259337943567 0.7545682848955958 0.047110876572889891 -1.2547459806653809 -0.12078443143822337 -2.2294404565667278 1 CAMERA 1 1086
1087 1 0.61050708056999692 -0.20744170981019799 0.76309728892132989 0.04394962168025552 -1.3021472990681933 -0.083108168334330115 -2.2087961107375582 1 CAMERA 1 1087
1088 1 0.60813624874134753 -0.21805370606522154 0.76135829144831813 0.054373120941524619 -1.3132057710978546 -0.11715722537263824 -2.2071313046013588 1 CAMERA 1 1088
1089 1 0.60969633004786217 -0.24206967063725021 0.75051581113538135 0.079991730319715987 -1.2892464112307491 -0.18447684551429222 -2.2224055738019444 1 CAMERA 1 1089
1090 1 0.60689045998660629 -0.26589269807736537 0.7434010187224297 0.091323425520718746 -1.2717768399797558 -0.27843861364758216 -2.2272788975391582 1 CAMERA 1 1090
1091 1 0.61298776227904284 -0.26146564032958214 0.73736493751995136 0.11033889223375357 -1.2559043545097708 -0.21649127954344191 -2.2480759251026288 1 CAMERA 1 1091
1092 1 0.61284932377191681 -0.2521814282672547 0.73998538917502799 0.11507326968881243 -1.2756150442651544 -0.16600539885058418 -2.2449327491619453 1 CAMERA 1 1092
1093 1 0.61125414645077014 -0.23858717141176414 0.74602484377908074 0.11354057666258384 -1.3050295333085835 -0.10663485082115534 -2.233101518168394 1 CAMERA 1 1093
1094 1 0.605483758581562 -0.23647643573855712 0.75221438781397998 0.10789730395136059 -1.3377229158059114 -0.11127438459483954 -2.2162597449617585 1 CAMERA 1 1094
1095 1 0.60670886392988521 -0.23746713521326482 0.74916423561896861 0.11944313371625762 -1.3372905123909677 -0.092960805180370781 -2.22233601412995 1 CAMERA 1 1095
1096 1 0.60816877835453653 -0.24492525876498614 0.74168064751354268 0.14160569111991092 -1.3298847440849022 -0.087506162252918268 -2.2315544215615439 1 CAMERA 1 1096
1097 1 0.61620781329367647 -0.24782396259991654 0.73246758595599182 0.14954079684454816 -1.2845302233809397 -0.073194271052438392 -2.2629125811987394 1 CAMERA 1 1097
1098 1 0.61930052455340623 -0.24270139868617904 0.73361121372233462 0.13920301169332364 -1.2711870612671496 -0.061418953117153813 -2.2739384144989621 1 CAMERA 1 1098
1099 1 0.62672335470140694 -0.2347842581483984 0.73243402738226437 0.12503833144326995 -1.2346607790844304 -0.038752092240887152 -2.2970171278834774 1 CAMERA 1 1099
1100 1 0.63325012738890996 -0.24151592199163874 0.72616606963745423 0.11552997400566679 -1.182606783268201 -0.077413525165668989 -2.3260504937097348 1 CAMERA 1 1100
1101 1 0.64214088852753837 -0.25043449496364356 0.71801860885442648 0.096886120533967571 -1.1063377514742485 -0.14040216260050759 -2.3627160451917306 1 CAMERA 1 1101
1102 1 0.65585080784542449 -0.2730978916783689 0.70059932202040853 0.066617185424466485 -0.96489218577821667 -0.28690240430078645 -2.413949608014363 1 CAMERA 1 1102
1103 1 0.6617058304963932 -0.3002779561329168 0.684078441823188 0.063365829754496505 -0.86941717250578965 -0.4064633993165675 -2.436718025871409 1 CAMERA 1 1103
1104 1 0.68772166433864912 -0.31435148296186766 0.64900675882727943 0.083739384733008904 -0.67440188324131456 -0.38100629807923148 -2.5072400911403681 1 CAMERA 1 1104
1105 1 0.7143677860846428 -0.31712578797838975 0.61934429537672608 0.074313825012026255 -0.47177352217444618 -0.36820713035588093 -2.5603969142175678 1 CAMERA 1 1105
1106 1 0.72511288646509153 -0.33401553823989544 0.60014795329354786 0.049672489912844821 -0.32552166055235937 -0.48194357597763354 -2.5698971594724429 1 CAMERA 1 1106
1107 1 0.74258425876638401 -0.34369725718783656 0.57333404572724878 0.041579875468349299 -0.14475680974226607 -0.51149920549375028 -2.5865841566230818 1 CAMERA 1 1107
1108 1 0.75606161927820492 -0.36238842620173028 0.54423461113435589 0.029225749825935218 0.050392774727615677 -0.59226593304003816 -2.57806203451312 1 CAMERA 1 1108
1109 1 0.75102233026468845 -0.39099418048451523 0.5317643535296579 0.017767458631568062 0.13084281117618135 -0.74038278658930323 -2.5400449845970057 1 CAMERA 1 1109
1110 1 0.75052974904594261 -0.37737364994645756 0.5415276646481979 0.032280219079053783 0.06548862157289366 -0.652929512020336 -2.5703094160714204 1 CAMERA 1 1110
1111 1 0.75457396859029835 -0.38670451579759602 0.52630302476274637 0.063897335728638205 0.12018452494008712 -0.5879377011616097 -2.5895538370637641 1 CAMERA 1 1111
1112 1 0.75166834175622788 -0.41329283042711101 0.51141120014313657 0.05140354741792013 0.22163424542497542 -0.72605284565310202 -2.5496493818415402 1 CAMERA 1 1112
1113 1 0.74503299964704384 -0.39575069373086019 0.53293442975376848 0.065483673014702343 0.084416734387211104 -0.6465118779967014 -2.5756155806439747 1 CAMERA 1 1113
1114 1 0.72314165788925566 -0.36460179596085729 0.57991682731022409 0.088476812836696686 -0.22297009419178257 -0.52228580719440187 -2.5932868651870478 1 CAMERA 1 1114
1115 1 0.71638110036151803 -0.31867649075601195 0.61479328310199799 0.085279729929922624 -0.41990217863534635 -0.36413871085513266 -2.5956654795368652 1 CAMERA 1 1115
1116 1 0.70722210847871048 -0.32418747469380232 0.6221087287201903 0.087864100636898812 -0.47654151858397426 -0.39732686060596117 -2.5854722119568661 1 CAMERA 1 1116
1117 1 0.70981930610747268 -0.34712392574214535 0.60799558310130297 0.077478408500525342 -0.37886399906172902 -0.51253273413502853 -2.5855912513787649 1 CAMERA 1 1117
1118 1 0.70965627278285259 -0.3424784849518418 0.60982927788015129 0.084880584854334237 -0.39973517190819063 -0.47238171737804752 -2.5959540302815962 1 CAMERA 1 1118
1119 1 0.68822043404144284 -0.36636338170952831 0.62121626913489536 0.078872388529115128 -0.47662657908898193 -0.62534648120830494 -2.5574844836060322 1 CAMERA 1 1119
1120 1 0.6800092454529445 -0.37822431506211507 0.62134108210416616 0.092027459401717387 -0.50006197700424571 -0.65524920199250192 -2.5496215130472542 1 CAMERA 1 1120
1121 1 0.69734352761921103 -0.38142210554818218 0.59804835517630528 0.10279760093359115 -0.36730030833371335 -0.60093299452576165 -2.5884797944375082 1 CAMERA 1 1121
1122 1 0.70728840157852668 -0.36675625496297032 0.59359355200967168 0.11348859612564866 -0.35215625243442683 -0.49242075894780452 -2.623524852216029 1 CAMERA 1 1122
1123 1 0.70270171475639409 -0.38237291132318418 0.59078180028697191 0.10477652988308053 -0.32453592059334957 -0.59078023240290145 -2.6181849866457321 1 CAMERA 1 1123
1124 1 0.71501647729757678 -0.37978469948013927 0.57834829529504328 0.10014124306728794 -0.23732210185188413 -0.56739594504557644 -2.6445223236691522 1 CAMERA 1 1124
1125 1 0.72438763499323455 -0.39345677870469087 0.55978093249255501 0.084259273543046742 -0.099273858429781384 -0.6401166411688054 -2.6466788490898239 1 CAMERA 1 1125
1126 1 0.7219402846080033 -0.3838043823345848 0.5694685556256881 0.084864513870497024 -0.15924805081227247 -0.60814176177770274 -2.6610362369346432 1 CAMERA 1 1126
1127 1 0.7207630552758747 -0.34232663131693086 0.59564782448613884 0.092286319817829435 -0.32505634119047638 -0.42597460454298752 -2.6899674378005027 1 CAMERA 1 1127
1128 1 0.71971832149747461 -0.32644951198745809 0.60660313438305791 0.086422746893731861 -0.38043378936530919 -0.37992643186510466 -2.6986873359633949 1 CAMERA 1 1128
1129 1 0.71862329769854383 -0.29287341702027597 0.62333743288529631 0.096208951619411801 -0.49086733773371755 -0.21290729228278743 -2.7082677004440945 1 CAMERA 1 1129
1130 1 0.6960128371623131 -0.29338862859724807 0.64681449910993727 0.10545258107914868 -0.66903125730788537 -0.23572307467249443 -2.6783947064492097 1 CAMERA 1 1130
1131 1 0.69882612840149494 -0.2984721623343346 0.64260252223455938 0.098073487715214749 -0.62969200492606059 -0.27410461093968469 -2.6957669156945876 1 CAMERA 1 1131
1132 1 0.6933765135428549 -0.30669687720742 0.64524221111587521 0.09396023080361364 -0.64825155300089199 -0.33385353980823868 -2.6956654423382207 1 CAMERA 1 1132
1133 1 0.68640545342949655 -0.30852610930916408 0.65200487643689342 0.092459907415638545 -0.69709851260365696 -0.36150215562412569 -2.6901034787683038 1 CAMERA 1 1133
1134 1 0.68948843310470986 -0.30549178968365853 0.65148640480215614 0.082740143876164809 -0.67796453429914449 -0.37004924419512258 -2.7034198613685136 1 CAMERA 1 1134
1135 1 0.68812039871667618 -0.31377834111127462 0.64985687282540694 0.075627470941729835 -0.66274898470713728 -0.4337305079437771 -2.7070842559229056 1 CAMERA 1 1135
1136 1 0.68374064622252517 -0.31199406543632441 0.65596687669926013 0.069755920961133325 -0.6990672541110613 -0.45299284152060437 -2.7053660583570536 1 CAMERA 1 1136
1137 1 0.6819458006708764 -0.30929508194242566 0.65827895709116624 0.077170537671782891 -0.72745346050991488 -0.42538038355978092 -2.7156524245448206 1 CAMERA 1 1137
1138 1 0.68358292545011712 -0.31684169710224341 0.6528640772283123 0.078065483251268469 -0.69500589132973478 -0.45554861592498991 -2.7300382118417645 1 CAMERA 1 1138
1139 1 0.68479701148666128 -0.31932391158637435 0.65074099188590695 0.07497635645629229 -0.67798611607228443 -0.47465933748964473 -2.7404580623446062 1 CAMERA 1 1139
1140 1 0.68736781228159338 -0.32003221502619178 0.64946077406125335 0.057494129616888712 -0.64716538341168461 -0.52123948178327562 -2.750909430545144 1 CAMERA 1 1140
1141 1 0.68545521819208977 -0.31527586688822801 0.65450775930444172 0.048701792794414722 -0.67368605485196431 -0.52824383243026352 -2.7551538458682914 1 CAMERA 1 1141
1142 1 0.67592702237462277 -0.30189979006713857 0.67041199413367147 0.050268631400784677 -0.78719541615756938 -0.47823156569968994 -2.7450374688227051 1 CAMERA 1 1142
1143 1 0.65808104413741864 -0.30092011805833846 0.68724093841702905 0.063846021477002662 -0.93529576899702216 -0.46903054703090769 -2.7101583693623561 1 CAMERA 1 1143
1144 1 0.66134458319123146 -0.30165969531888431 0.68290899489500034 0.072526375858956271 -0.9179685280432639 -0.44947711732034529 -2.7281015464029794 1 CAMERA 1 1144
1145 1 0.66465973771997733 -0.29506652477873779 0.68334127384986343 0.064868192993604787 -0.90837318188440463 -0.43627579416646234 -2.7429635651016726 1 CAMERA 1 1145
1146 1 0.67188064908341205 -0.28839146363429224 0.67905771276449067 0.065478086602940647 -0.87430906952332155 -0.39464133458641637 -2.7714597546141726 1 CAMERA 1 1146
1147 1 0.66291708682772665 -0.30284727986252363 0.68117337949726242 0.06947868835829682 -0.90923120750775543 -0.4731085187992416 -2.7583595584074478 1 CAMERA 1 1147
1148 1 0.65825352734544973 -0.28726717031386001 0.69229227809581229 0.070080441537218957 -0.9874694992961448 -0.40163485795119364 -2.7533903035071261 1 CAMERA 1 1148
1149 1 0.65113654977313729 -0.2858493325210042 0.70102313178417519 0.053646261289469241 -1.0336973529166016 -0.44703216821697622 -2.7412951255336484 1 CAMERA 1 1149
1150 1 0.65227044999420736 -0.27824827786003176 0.70282412849455589 0.056208543284352874 -1.0482563527859463 -0.40124212551896593 -2.7564497215201444 1 CAMERA 1 1150
1151 1 0.64380893514467175 -0.27506073044047608 0.71174049466002232 0.057246116536776435 -1.1202996918444699 -0.39449009829382325 -2.74150060225718 1 CAMERA 1 1151
1152 1 0.62314245959277725 -0.28668182876096587 0.72489065835182298 0.063565222765226678 -1.2447607716273958 -0.4681922732260142 -2.6868827484782214 1 CAMERA 1 1152
1153 1 0.6031037634657308 -0.29406052106355007 0.73840498895372642 0.06747097697197238 -1.3664674210697076 -0.52513076732293884 -2.6267207484351194 1 CAMERA 1 1153
1154 1 0.58933517158667015 -0.30116135262388877 0.74695025682348748 0.063649108776053759 -1.4382505850505938 -0.59027629476898913 -2.5829729003757191 1 CAMERA 1 1154
1155 1 0.58128721074304035 -0.29332551412376412 0.75543700876153008 0.073350168261822252 -1.5172296176933917 -0.53882616979172049 -2.5584420459574297 1 CAMERA 1 1155
1156 1 0.56565753665545304 -0.29102375017097909 0.76865908299999774 0.067081608380441721 -1.61879985237364 -0.55712582865654525 -2.5048077691567134 1 CAMERA 1 1156
1157 1 0.53036614264305681 -0.28762654560534012 0.79208859872498638 0.092619526941954633 -1.8476635961990775 -0.53372560885515885 -2.3622259960059511 1 CAMERA 1 1157
1158 1 0.4819172884726351 -0.28397443251646981 0.81867118312297826 0.12996823716645206 -2.1216715272367628 -0.52075770708516045 -2.134888790925253 1 CAMERA 1 1158
1159 1 0.47617576896659802 -0.27237617440418083 0.82274626180494037 0.14885041266993132 -2.1843098462624093 -0.43728338589360854 -2.103526066954021 1 CAMERA 1 1159
1160 1 0.48232632715175255 -0.2611057600797449 0.82003138050242386 0.16350422373984128 -2.189343467081772 -0.34255656255390371 -2.1293241142917183 1 CAMERA 1 1160
1161 1 0.49910282146246954 -0.25912435943771167 0.81132384845913996 0.15970144919708287 -2.1177777843314112 -0.30783771390372394 -2.2187455713683164 1 CAMERA 1 1161
1162 1 0.52414109237918882 -0.26064001075182608 0.79604332951666368 0.15381130519849057 -1.9905640152493307 -0.28302960635412816 -2.3488130729023422 1 CAMERA 1 1162
1163 1 0.56596519687982871 -0.26834339339146956 0.7659637751108096 0.14482649744409717 -1.7393878382760344 -0.26990373417083924 -2.5523427501510136 1 CAMERA 1 1163
1164 1 0.63615245347672378 -0.27973212585880242 0.70896896473903737 0.12009579815679446 -1.2388220655475279 -0.25897421716224467 -2.8395858045023532 1 CAMERA 1 1164
1165 1 0.69393914738518159 -0.29023324473383566 0.65092697018983947 0.10250464797789714 -0.75136085752352944 -0.24416404991127361 -3.0160190893490197 1 CAMERA 1 1165
1166 1 0.73328780439676433 -0.28741394009781768 0.61337720778931548 0.058742011584587125 -0.37976455246325119 -0.28179631440632907 -3.0908945680290989 1 CAMERA 1 1166
1167 1 0.76958479068444441 -0.29495549297549262 0.56598301827756903 0.020093036907774503 0.031301501357903036 -0.37365918452669838 -3.1121130311586818 1 CAMERA 1 1167
1168 1 0.81453637546856683 -0.29582340934813617 0.49899830489547436 0.0044379310064959644 0.53824313108657651 -0.33742732035353667 -3.0753849195397058 1 CAMERA 1 1168
1169 1 0.8235179440680902 -0.31062008790380863 0.47450760671937264 -0.013262275594686308 0.72131288954840755 -0.4489107476949728 -3.0300127102016128 1 CAMERA 1 1169
1170 1 0.77740971962967409 -0.34175133746076508 0.52804936056757357 -0.0020059843634880861 0.31002092387224478 -0.64783341368694358 -3.0742647356049178 1 CAMERA 1 1170
1171 1 0.69120410529798237 -0.38378818946724896 0.6120330358531848 -0.018949233995096654 -0.34971289053781274 -1.0776334411863027 -2.9580428019882841 1 CAMERA 1 1171
1172 1 0.61057158055391625 -0.39947608979369487 0.68248000944873621 -0.042921269854063533 -0.93571562374416073 -1.3480419849026071 -2.7189434814360363 1 CAMERA 1 1172
1173 1 0.54828116906877955 -0.37645844508850768 0.74649850198473522 -0.020168919174359409 -1.4790388333471649 -1.2401652059926305 -2.53058528887449 1 CAMERA 1 1173
1174 1 0.49068259883377691 -0.35214226270479321 0.79700044158395555 -0.0040878030602160319 -1.9115605440406551 -1.1240145163304667 -2.2920437766009738 1 CAMERA 1 1174
1175 1 0.45674459028982323 -0.32698034551660887 0.82666727510268734 0.033006804769902538 -2.1769647897216773 -0.94752637075459167 -2.1397346607773349 1 CAMERA 1 1175
1176 1 0.45098568991992732 -0.29022631603214788 0.84125359521209353 0.068359209420401509 -2.3113449330025291 -0.68369973889236424 -2.1104751789609364 1 CAMERA 1 1176
1177 1 0.46664946746619645 -0.25509869233277938 0.83766239632854522 0.12443729931471785 -2.3347694825982837 -0.37790136517949002 -2.1718515931340145 1 CAMERA 1 1177
1178 1 0.49414943562649805 -0.202254668081193 0.8130622287986039 0.2320327490041581 -2.3330105100770604 0.12876667521596757 -2.2132767906084418 1 CAMERA 1 1178
1179 1 0.478933892369583 -0.1897121165043304 0.81222741794857412 0.27371200398185053 -2.4397808667705569 0.21999435985392743 -2.0957243564666794 1 CAMERA 1 1179
1180 1 0.4680163303432695 -0.16700186833598338 0.81723406136859345 0.29188966998389082 -2.5219214192684603 0.34664798240550565 -1.9851952744797059 1 CAMERA 1 1180
1181 1 0.44876641446825871 -0.16547695160199116 0.82210212566845786 0.30882710163652838 -2.6128484660466125 0.32466699137084221 -1.8752631123541947 1 CAMERA 1 1181
1182 1 0.445358086992929 -0.18018369447337471 0.82495338583072886 0.29772793251950835 -2.6104167294130507 0.2187985024823739 -1.9031447072679168 1 CAMERA 1 1182
1183 1 0.44146762424941055 -0.19873799557987848 0.83615497776731096 0.25778750746966228 -2.5954083978938822 0.064683586936208154 -1.9485667563866003 1 CAMERA 1 1183
1184 1 0.43742925782352099 -0.21345169933715216 0.84138651514239171 0.23486751283774349 -2.5891459989374606 -0.051642836445983796 -1.9757667000787711 1 CAMERA 1 1184
1185 1 0.44810239194323498 -0.2170353460474107 0.835880586104222 0.23109208267462261 -2.5407145724043789 -0.05440295736951184 -2.0547839033805362 1 CAMERA 1 1185
1186 1 0.45763215979352523 -0.20839334335589943 0.83375441507349435 0.22803200677343324 -2.5128195098032808 0.014420488395311843 -2.1037274655533595 1 CAMERA 1 1186
1187 1 0.46083523387619041 -0.20444430737376021 0.83503081143999769 0.22035643023655876 -2.5032933154691648 0.036407956497251176 -2.1274405078456544 1 CAMERA 1 1187
1188 1 0.46781588582502459 -0.20239322604111704 0.83361918246442612 0.21275417187392268 -2.4735383979491328 0.053496188684160707 -2.1733799868635755 1 CAMERA 1 1188
1189 1 0.47516784745502944 -0.19790346041209195 0.82959259275172781 0.21639285374831452 -2.4481142848904476 0.099765518104940845 -2.2101253203817057 1 CAMERA 1 1189
1190 1 0.47442292539894548 -0.19222690450363095 0.8314225451934707 0.21612093000186247 -2.4598565735909017 0.13169510856245509 -2.2029230888747589 1 CAMERA 1 1190
1191 1 0.46725704162273524 -0.20095717396374332 0.83628438640692793 0.20473274368909183 -2.4798105202371534 0.048188240744319717 -2.1944395887790322 1 CAMERA 1 1191
1192 1 0.47196398345818708 -0.20383160876417691 0.83624793427588739 0.19076704643674441 -2.4491600516851419 0.019110740668419546 -2.2478335303284109 1 CAMERA 1 1192
1193 1 0.47134624155488486 -0.19982664379425374 0.83867192675714719 0.18582634977705142 -2.4575812480813624 0.036709703612796935 -2.2600487548548651 1 CAMERA 1 1193
1194 1 0.47140592423478861 -0.20436169765833892 0.83862109423418696 0.18090719010586995 -2.4521758579628883 0.0032273894333935348 -2.2861985230191677 1 CAMERA 1 1194
1195 1 0.46511930597790413 -0.20876269916618712 0.8411103889008037 0.18059756456447537 -2.4791720408112563 -0.034300777862001121 -2.273660595215953 1 CAMERA 1 1195
1196 1 0.46039973029367881 -0.20789468067150915 0.84278313998924337 0.18581837649670321 -2.5079947338661719 -0.02912832806835252 -2.2570592489710246 1 CAMERA 1 1196
1197 1 0.45770139664731513 -0.20539613029805748 0.84323249171319936 0.1930824333926566 -2.5296944546851039 -0.0078205242814811827 -2.2462480796148707 1 CAMERA 1 1197
1198 1 0.4563622471135062 -0.20498290186725493 0.84317086662640961 0.19692231723210046 -2.5404265298566306 -0.0023622889077878381 -2.2467303267618384 1 CAMERA 1 1198
1199 1 0.452528840464964 -0.20919220241720432 0.84489977913364356 0.1939088296473237 -2.5533837945111544 -0.039968877664504167 -2.243766793428049 1 CAMERA 1 1199
1200 1 0.45803354090891008 -0.21414999197879375 0.84125419071004304 0.19140648617724315 -2.5200112417577163 -0.065422803653609557 -2.2926925380295575 1 CAMERA 1 1200
1201 1 0.46120546860202699 -0.21728534566435187 0.83820083620987396 0.19363871634612709 -2.5028204250237827 -0.077163913097660755 -2.3229265776367036 1 CAMERA 1 1201
1202 1 0.46170922729828534 -0.21451612348812271 0.83940634781619705 0.19027455278392444 -2.504791782206226 -0.065636708327732496 -2.3314554357538038 1 CAMERA 1 1202
1203 1 0.4686476283210515 -0.20847589585179793 0.83743810287979203 0.18869187890033576 -2.4787299777598548 -0.01966606751439395 -2.3691503812888652 1 CAMERA 1 1203
1204 1 0.47047298483369676 -0.2029123018022761 0.83908568469254985 0.18280312377803912 -2.47516295826183 0.0059513284671454409 -2.381230457212006 1 CAMERA 1 1204
1205 1 0.47364834292421137 -0.19356141733136489 0.83809209795043682 0.18919001114978914 -2.4753095867990544 0.077148135720278774 -2.3869382355217765 1 CAMERA 1 1205
1206 1 0.47180273252184923 -0.19633820886186137 0.83773879274387142 0.1924765036514153 -2.4840231587279269 0.055532646139958959 -2.3845418147174784 1 CAMERA 1 1206
1207 1 0.46374444889542482 -0.20303578181744955 0.84219623496792761 0.18553452300394965 -2.5139516127715118 -0.01906431772646067 -2.3621301892057143 1 CAMERA 1 1207
1208 1 0.45381836884367532 -0.21146428682412016 0.84822556945526972 0.17275742189647195 -2.5476316377694754 -0.11489474523352239 -2.3387167197785663 1 CAMERA 1 1208
1209 1 0.4499626984236646 -0.21041901084235778 0.85023790767211349 0.17422086631848885 -2.5713429864571484 -0.11519107117047853 -2.332711305442559 1 CAMERA 1 1209
1210 1 0.45524829796641747 -0.21196701642914048 0.84690835652309482 0.17482907880601242 -2.5439282480151788 -0.11600794286350892 -2.3804032109147255 1 CAMERA 1 1210
1211 1 0.45361663066734947 -0.22685303289711564 0.8429212365479305 0.1795924353192232 -2.5312031390344689 -0.2091113072684927 -2.403741289749965 1 CAMERA 1 1211
1212 1 0.45004443966394936 -0.23886559836038979 0.83951836352637843 0.18871180553819744 -2.5322983327594613 -0.28080358833767632 -2.4099335884282693 1 CAMERA 1 1212
1213 1 0.4299339411584911 -0.250609106056989 0.84642582390457044 0.18951307825243449 -2.60916961093556 -0.39563549842517748 -2.3218655757498441 1 CAMERA 1 1213
1214 1 0.42269460968811101 -0.25304275193927867 0.84898030746550324 0.19113102879279442 -2.6403447170469518 -0.42433454624724076 -2.2928520137471717 1 CAMERA 1 1214
1215 1 0.43363470378812558 -0.25062686001012557 0.84760955767239798 0.17522887448834287 -2.5881707500065616 -0.41620129097364861 -2.3655483154227421 1 CAMERA 1 1215
1216 1 0.44106492429998873 -0.24514243782097872 0.8476947176635653 0.16364774174036503 -2.5596966262358634 -0.38832486477990541 -2.412689553131719 1 CAMERA 1 1216
1217 1 0.43655536872639944 -0.24907891541192764 0.84948771460684169 0.16046721367749961 -2.5749774937137362 -0.42966015044864309 -2.3998804768631761 1 CAMERA 1 1217
1218 1 0.44568391071529334 -0.24989180008082773 0.84149862655103469 0.1754992920060035 -2.5328331181120194 -0.39425900478568321 -2.4593754740594695 1 CAMERA 1 1218
1219 1 0.45411009724735174 -0.24661402716948119 0.83780800555041046 0.17619105260169884 -2.4970218703774627 -0.35680934901647632 -2.5097133795507838 1 CAMERA 1 1219
1220 1 0.45788999210584419 -0.25119821449656365 0.83570360395245191 0.16981077263805117 -2.4648029658727086 -0.39276992726505866 -2.5443990476149776 1 CAMERA 1 1220
1221 1 0.45571775273240728 -0.2578437930267285 0.83597158201350585 0.16428457720659814 -2.4595982807576662 -0.45218373470049222 -2.5513981431498425 1 CAMERA 1 1221
1222 1 0.4625916295407041 -0.24932926253469753 0.83184859921165466 0.1785267798185689 -2.4477772716911681 -0.35646193062162179 -2.5942659733647169 1 CAMERA 1 1222
1223 1 0.47230021067953648 -0.24533495016111292 0.82660750119632431 0.18292980125577801 -2.4049309567997788 -0.30164631942684783 -2.6563931545264827 1 CAMERA 1 1223
1224 1 0.47063682630141129 -0.24735693492928706 0.82647213298720301 0.18509278177958968 -2.4113763025361536 -0.31339960236718417 -2.662188726845335 1 CAMERA 1 1224
1225 1 0.47123614616749526 -0.2560497900997985 0.82349649219013987 0.18500953187766098 -2.3877310979409105 -0.36818090200499665 -2.6880471591914392 1 CAMERA 1 1225
1226 1 0.47513766730903462 -0.25738820694021758 0.82103286523958652 0.18412099888036643 -2.3622823093613956 -0.36957683300317867 -2.7217218528926255 1 CAMERA 1 1226
1227 1 0.48034567145559531 -0.25776392302194917 0.81936151961474524 0.17740489304645274 -2.3281143631740324 -0.37557925778265477 -2.7602428208162202 1 CAMERA 1 1227
1228 1 0.48221615696880588 -0.25941428087101659 0.81887727456125581 0.17208084741056817 -2.310502720781586 -0.39391842932728038 -2.7817022642873828 1 CAMERA 1 1228
1229 1 0.49314140873812162 -0.25889233064713196 0.81283834092852925 0.17052901112840924 -2.2437058412726727 -0.37122852254139627 -2.8475448639802696 1 CAMERA 1 1229
1230 1 0.49485666798323258 -0.2648282322899233 0.80963642321501683 0.17167337515852971 -2.2190803212287444 -0.40441017924671191 -2.869169383378849 1 CAMERA 1 1230
1231 1 0.50356679601138443 -0.27368762821680559 0.79971911789035288 0.17878729428168089 -2.1436021113848338 -0.42871082302760544 -2.9282720302800018 1 CAMERA 1 1231
1232 1 0.49751368381425665 -0.28585338213537725 0.79783806611548502 0.18499296904595278 -2.15089848012461 -0.50706648227144102 -2.9175019906375717 1 CAMERA 1 1232
1233 1 0.49048030954480509 -0.28496863035362335 0.8042361142254395 0.17727441507103606 -2.1938939340082273 -0.53658709674390659 -2.8919405366266311 1 CAMERA 1 1233
1234 1 0.48571902886437746 -0.26802968138946004 0.81236603215481218 0.17971795874190591 -2.2712979096746024 -0.4328466043087778 -2.8638976080648195 1 CAMERA 1 1234
1235 1 0.49879259661126568 -0.26166433922153082 0.80804210318329861 0.17264321193913837 -2.2009921437223405 -0.3804141228528134 -2.9397204350720769 1 CAMERA 1 1235
1236 1 0.49833505786349791 -0.26786409175590242 0.80757447699920204 0.16653667029046532 -2.1848884624800688 -0.43751090064894227 -2.9570935547903376 1 CAMERA 1 1236
1237 1 0.486283220619601 -0.26259674079089529 0.81617833832896203 0.16859567346881207 -2.2778570264736171 -0.42449543091419778 -2.8990080914341845 1 CAMERA 1 1237
1238 1 0.48507321605208925 -0.26454736465001089 0.8178761662957108 0.16061520329983733 -2.2765936225876819 -0.46093095604656931 -2.9047035738229989 1 CAMERA 1 1238
1239 1 0.49080934442475826 -0.26236204437276789 0.81881483369740704 0.14076438901571847 -2.2362420846242617 -0.48656217212327474 -2.9421195026341334 1 CAMERA 1 1239
1240 1 0.49282955249601013 -0.27813337416210182 0.81099072266808525 0.14850894286231905 -2.1847252128444734 -0.56977799797794892 -2.9784756528903693 1 CAMERA 1 1240
1241 1 0.4921611890687535 -0.28664548254256861 0.8069715745192978 0.15623254856211602 -2.1676490191442292 -0.6095499117519243 -2.996075412063063 1 CAMERA 1 1241
1242 1 0.49501190213962326 -0.28654555201832443 0.80549881206678764 0.15500492610759128 -2.1484322810112286 -0.60910152718969679 -3.0216790036097803 1 CAMERA 1 1242
1243 1 0.4970645651670374 -0.2854376213234463 0.80479968989475614 0.15410918705197735 -2.1374914191056726 -0.60379521476122844 -3.0411371131541176 1 CAMERA 1 1243
1244 1 0.49956570217926277 -0.28791268877701764 0.80235182223457036 0.15418153652170183 -2.1133891174997474 -0.61786849563820956 -3.0655949099350561 1 CAMERA 1 1244
1245 1 0.50333836132754217 -0.28668101124925066 0.80070400708392908 0.15276643886976943 -2.0906208363057694 -0.60889006352798647 -3.0922118189529666 1 CAMERA 1 1245
1246 1 0.50920475889382733 -0.28177132072140693 0.79880723027059508 0.15238912430424201 -2.0648914613478087 -0.56854532009302039 -3.1258081387383045 1 CAMERA 1 1246
1247 1 0.51334878214321256 -0.28014307988695869 0.79685707583534293 0.15169602287033154 -2.0403937596986013 -0.55393216984105997 -3.1524048138879683 1 CAMERA 1 1247
1248 1 0.51880820866291466 -0.28151872201253808 0.79346643100928671 0.1483114110302706 -1.9957632863030139 -0.56337524811731032 -3.1865023783440845 1 CAMERA 1 1248
1249 1 0.53293639774773038 -0.28230681973198773 0.78370739001286116 0.14860815027350696 -1.8902099575933446 -0.53800544077547607 -3.2606740231386122 1 CAMERA 1 1249
1250 1 0.53396776642704191 -0.28823736378470755 0.78175651000435598 0.1437164068614554 -1.8611329898241527 -0.59302960792244563 -3.2736551856100151 1 CAMERA 1 1250
1251 1 0.53775758263502871 -0.28508119549889932 0.77950276457279433 0.14805719946973056 -1.8439612757768895 -0.5551957099355721 -3.2964421310516214 1 CAMERA 1 1251
1252 1 0.53104078888438422 -0.28270209036819027 0.78422360938552393 0.15188330759121491 -1.9034920136696893 -0.54637377169761525 -3.276239595815249 1 CAMERA 1 1252
1253 1 0.54351953561797761 -0.2763756385996744 0.7757442320183906 0.16255432101435374 -1.8349512746632726 -0.44294380619844725 -3.3465290086257333 1 CAMERA 1 1253
1254 1 0.55191219938828284 -0.27188013278459355 0.77203497558464551 0.15948703407310519 -1.7821754913491403 -0.40450679406815832 -3.3941638613855298 1 CAMERA 1 1254
1255 1 0.54953362828993835 -0.27725860169646532 0.77111707700267795 0.16284628555377889 -1.7859696951933444 -0.43579164946229526 -3.4006081033892666 1 CAMERA 1 1255
1256 1 0.54890346864492323 -0.28161187534099003 0.77158413695676742 0.15510529769541403 -1.7724836373922206 -0.49169175904286039 -3.4109563931722877 1 CAMERA 1 1256
1257 1 0.54919191290661828 -0.28777168704455319 0.77268986152122221 0.13611053168588952 -1.7391316819522491 -0.59349628436851176 -3.4223633441650136 1 CAMERA 1 1257
1258 1 0.54346294168797848 -0.30393208611953626 0.77408937724093496 0.11427578081823495 -1.7158108911704442 -0.78259355282511067 -3.4058855843717804 1 CAMERA 1 1258
1259 1 0.53669109514762647 -0.31974399333065817 0.77454145362310567 0.099055457889062851 -1.7011394676067091 -0.94948902030471261 -3.3797333780499148 1 CAMERA 1 1259
1260 1 0.54165748199108776 -0.32120944930856649 0.7713553936142189 0.091883179201719498 -1.6515310681184048 -0.97196238005023483 -3.40654359683636 1 CAMERA 1 1260
1261 1 0.56662433734498663 -0.31849249930774515 0.75517396966335315 0.084921515271184064 -1.4519837702057503 -0.92369341427909302 -3.517393507213225 1 CAMERA 1 1261
1262 1 0.58919381622014222 -0.30939799370592885 0.73822735757412472 0.11019935094099555 -1.3087252751417793 -0.71869848636700473 -3.6285476019408538 1 CAMERA 1 1262
1263 1 0.60102226810556836 -0.30844133810904728 0.72815536502896883 0.11587035240417635 -1.2081541052638602 -0.65991566419290826 -3.6838819226383963 1 CAMERA 1 1263
1264 1 0.60132158192438512 -0.31535543569849511 0.7242231811325246 0.12026673770271522 -1.1802436419816627 -0.68407939239367377 -3.7000064694648884 1 CAMERA 1 1264
1265 1 0.59488100887641293 -0.3154917735739653 0.72635451760252834 0.13780653411117169 -1.2495988361999155 -0.6344067907361588 -3.6955460488208356 1 CAMERA 1 1265
1266 1 0.5926163003953141 -0.31415402962353628 0.72720327904676163 0.1459059872681821 -1.2798633877930952 -0.60140194017382198 -3.6990563927499553 1 CAMERA 1 1266
1267 1 0.59503144626346294 -0.29600605412116959 0.73359954554524853 0.14194964127123352 -1.3236428191781024 -0.49757779775156524 -3.7069392998906783 1 CAMERA 1 1267
1268 1 0.59275920593080034 -0.30999820209786744 0.73122606235042131 0.13358923691628205 -1.2849182264498717 -0.62430759891563281 -3.7087202534872556 1 CAMERA 1 1268
1269 1 0.60183800644384566 -0.3084227524168599 0.72375562908113655 0.13727421157913908 -1.2103916017381442 -0.57661874475488162 -3.7490537007347555 1 CAMERA 1 1269
1270 1 0.60155782586280659 -0.30997184592981353 0.72317451794590282 0.13807336262939507 -1.2075391672117552 -0.58581077211288468 -3.7569433829212691 1 CAMERA 1 1270
1271 1 0.5978501172676548 -0.30399421697110168 0.7238198288804143 0.16201113742797488 -1.2794758549464811 -0.46618811976949814 -3.7619605553142623 1 CAMERA 1 1271
1272 1 0.59667999052914922 -0.29846522158988104 0.72570865438022869 0.16804299854821483 -1.3145581342241293 -0.41398176990998514 -3.7682478628410871 1 CAMERA 1 1272
1273 1 0.59304711257967135 -0.30405704010291901 0.72886883806441116 0.15682683291899285 -1.3191352004790953 -0.50679222710446625 -3.7670576275942622 1 CAMERA 1 1273
1274 1 0.59383167411161142 -0.30715454320370855 0.72842819449010798 0.14970769814209134 -1.2951423369411794 -0.55565748693186179 -3.7789038929072958 1 CAMERA 1 1274
1275 1 0.59175498197537768 -0.30678714981755983 0.72907592117547626 0.15542196490930554 -1.3193337540925307 -0.54115791530065871 -3.7812786038593273 1 CAMERA 1 1275
1276 1 0.59277367600540665 -0.30788212322293651 0.72752220647630272 0.15665058671650714 -1.305622731587371 -0.54300892099082243 -3.7931830060002949 1 CAMERA 1 1276
1277 1 0.58349854163424064 -0.32184939316629246 0.72902324361727233 0.15642100336896853 -1.3322753678318928 -0.66159209816262032 -3.7727872039209731 1 CAMERA 1 1277
1278 1 0.5728014884959105 -0.33234382957809433 0.73277642789857889 0.15647600593840233 -1.3824659625890539 -0.7625608468658519 -3.7467845446859851 1 CAMERA 1 1278
1279 1 0.57776982483168149 -0.32373320681101808 0.73281256432853814 0.15609159453364188 -1.374851213010255 -0.69823105197325286 -3.776210861228841 1 CAMERA 1 1279
1280 1 0.56757423701498522 -0.31813161807430373 0.74197725305334716 0.16162151778056061 -1.4946101822381008 -0.67491230668472335 -3.7471279980922541 1 CAMERA 1 1280
1281 1 0.53567168289258404 -0.30935614214364976 0.7623033102553799 0.19038983333863918 -1.8204515130271004 -0.60934968129332423 -3.6217211856346023 1 CAMERA 1 1281
1282 1 0.50743683225370873 -0.31307138159874787 0.7773316913006646 0.20062306197399368 -2.0368373834958988 -0.68612920715724612 -3.4998946633125674 1 CAMERA 1 1282
1283 1 0.51350191061384998 -0.31287610793361736 0.77400704580138002 0.19833663789138281 -1.9904776537262787 -0.67479800551866687 -3.538613634935619 1 CAMERA 1 1283
1284 1 0.52524972345249377 -0.31411700020148092 0.769395954284679 0.18295656240722769 -1.8857735489758018 -0.70218472424471545 -3.5996692527490017 1 CAMERA 1 1284
1285 1 0.54635996254158381 -0.31272520686688648 0.75888553417908955 0.16669277829390269 -1.7086684644621213 -0.6901255250292222 -3.6983707573038687 1 CAMERA 1 1285
1286 1 0.5760830438316038 -0.31447216727914662 0.73926008225564044 0.15076509343961056 -1.4301391144620219 -0.67467796096568722 -3.8264335144157466 1 CAMERA 1 1286
1287 1 0.60904612222736276 -0.30757004178382558 0.71847708530762233 0.13510798749434402 -1.1355837780019151 -0.59677398648882063 -3.9467050526796879 1 CAMERA 1 1287
1288 1 0.64686160311614538 -0.31051485837326104 0.68810777779873111 0.10797349339692595 -0.71515336269686303 -0.62106348131475286 -4.0500455370870529 1 CAMERA 1 1288
1289 1 0.68832302358312114 -0.3185281065819574 0.64765214534470861 0.072787080949161587 -0.18762396710976559 -0.71033632343552122 -4.1021986526075329 1 CAMERA 1 1289
1290 1 0.75123787580914492 -0.29697732850614905 0.58755368115119944 0.047188897728060897 0.5166252956128855 -0.52948044181659393 -4.1067421830801578 1 CAMERA 1 1290
1291 1 0.7929689053341068 -0.29884333569272747 0.53061477521885192 0.018464457877762276 1.1226440097466153 -0.5659248358827933 -3.9834187553061748 1 CAMERA 1 1291
1292 1 0.81813865913338679 -0.27116305305102084 0.50531490523235922 0.042149491592248706 1.3391315129790771 -0.20396714686369269 -3.9593119589428851 1 CAMERA 1 1292
1293 1 0.81865409182017501 -0.25361845012560491 0.51185656158555914 0.059042527586302178 1.2641730378845277 -0.01822636681150475 -3.9980229197781028 1 CAMERA 1 1293
1294 1 0.80945385498994527 -0.25097566829689427 0.5272386094390169 0.061766651857258256 1.1262794505291811 -0.024202474513657948 -4.0490448074925869 1 CAMERA 1 1294
1295 1 0.76983189875946523 -0.26222219893288207 0.57673322880360001 0.077312022564249142 0.60858778971882399 -0.12534572950059963 -4.1664713336419386 1 CAMERA 1 1295
1296 1 0.73091507905142783 -0.25912946998737474 0.62378921264878417 0.097478629362118568 0.078352268193546487 -0.12375428778491526 -4.2185368122274349 1 CAMERA 1 1296
1297 1 0.71779559663583692 -0.25283137078950307 0.64167952049302857 0.095358126946478453 -0.099810931416864174 -0.14320270913157909 -4.225051210661376 1 CAMERA 1 1297
1298 1 0.71394170865478312 -0.24828071675391369 0.6478710126542423 0.094377292256232509 -0.15966185715603531 -0.13810064687614707 -4.2321370813008148 1 CAMERA 1 1298
1299 1 0.71243657600281662 -0.24441904721499719 0.65017262225704497 0.099844958807613085 -0.19495899330405653 -0.094043921535670871 -4.2445898492019234 1 CAMERA 1 1299
1300 1 0.7197268870900565 -0.24186686282281145 0.64242059235199911 0.10387209052490985 -0.11703566474730354 -0.036937698484239702 -4.2620240266526732 1 CAMERA 1 1300
1301 1 0.72058065200083388 -0.24711155400521259 0.63896228748353345 0.10689527123775125 -0.090612863161741858 -0.050229479205325715 -4.274444289336639 1 CAMERA 1 1301
1302 1 0.71652706239464292 -0.24511502848381192 0.64397096964018263 0.10866913972313766 -0.14686187571224704 -0.042169696281960052 -4.2836438263800547 1 CAMERA 1 1302
1303 1 0.72405083283786187 -0.24912713793486452 0.63551417366277174 0.099034315693632247 -0.028387076916160426 -0.097386511064700879 -4.2947601773188122 1 CAMERA 1 1303
1304 1 0.73383317691677274 -0.24340317217753737 0.62594372851229019 0.10216757296853547 0.072975431059186371 -0.016710996271520239 -4.3042660169179729 1 CAMERA 1 1304
1305 1 0.74294086809423565 -0.23733530291491209 0.61747027743551586 0.10218256695433817 0.17067099356959584 0.046044847218464566 -4.3091626145704582 1 CAMERA 1 1305
1306 1 0.75428018503021588 -0.22363545325872344 0.60835388292457171 0.10466202581235064 0.2740036152484509 0.17349343939927597 -4.3077729343879927 1 CAMERA 1 1306
1307 1 0.76157571645482525 -0.21960996595758517 0.6003248724097362 0.10669554125951994 0.35688083388592085 0.22964131247370434 -4.3051515188002005 1 CAMERA 1 1307
1308 1 0.7673341003398072 -0.21764821276766411 0.5930668885577226 0.10999681645939627 0.42448311868817684 0.27618289669086216 -4.3021884010052061 1 CAMERA 1 1308
1309 1 0.76691552234867688 -0.22625417476674328 0.5920996386586197 0.10033766930524265 0.457291496131984 0.16832274843507314 -4.3142961787705056 1 CAMERA 1 1309
1310 1 0.77091916856902165 -0.23299303807429556 0.58599390152714059 0.089493167978110785 0.54769708832352804 0.079823984540134812 -4.32059348967692 1 CAMERA 1 1310
1311 1 0.77661476998680801 -0.22002239084092406 0.58284194897531272 0.093567671135066019 0.57979680682007884 0.19729908015354525 -4.3265312144758807 1 CAMERA 1 1311
1312 1 0.78550602417242466 -0.22960986378308812 0.56996192555635072 0.073505100900814094 0.75699817733103525 0.050461949770667196 -4.314680959167613 1 CAMERA 1 1312
1313 1 0.80054578928771136 -0.234733910994808 0.54871011619367416 0.054255310058293989 1.0143474077147479 -0.049492996188261688 -4.2710937713388271 1 CAMERA 1 1313
1314 1 0.81371653355802864 -0.23397304986000761 0.52993955841710505 0.047812962449485331 1.215781799542498 -0.04412475985529931 -4.2267511952700314 1 CAMERA 1 1314
1315 1 0.82373669890722856 -0.2267545987887947 0.51805720169956881 0.040705510299795467 1.3536207449407414 -0.022282073852698477 -4.1932249529821624 1 CAMERA 1 1315
1316 1 0.81935260258662024 -0.23038375453280924 0.52383133920511116 0.034429149691479047 1.3101254212862896 -0.097838234236217708 -4.2141156480566391 1 CAMERA 1 1316
1317 1 0.80652034512576876 -0.22944792450060622 0.5441014723246379 0.028847368246277219 1.1248358447861961 -0.17126114898549358 -4.2741334682067658 1 CAMERA 1 1317
1318 1 0.78059264696604791 -0.24030370439447316 0.576109095743916 0.032055560484258665 0.78285140631942784 -0.28900732146002972 -4.353445292428213 1 CAMERA 1 1318
1319 1 0.77428311149660978 -0.23950717295893117 0.58383319373537468 0.047547652361622061 0.67393763546379759 -0.20910518655987081 -4.385286597793244 1 CAMERA 1 1319
1320 1 0.77975033521679971 -0.23290205535591726 0.5787149267652848 0.053245477548133788 0.72349212318097134 -0.12294387892639361 -4.3886732111602713 1 CAMERA 1 1320
1321 1 0.79607757141965718 -0.22772908151446772 0.55918990744658559 0.041311174336210794 0.9571511905523018 -0.12323692817257116 -4.3514196855335596 1 CAMERA 1 1321
1322 1 0.82810357622650843 -0.22298157264089141 0.51422984848611708 0.0095576267664885927 1.4685920426023862 -0.21253288219444275 -4.2116271776193086 1 CAMERA 1 1322
1323 1 0.85779617084338233 -0.21805571653112971 0.46519087214426896 -0.015325999092424781 1.9639324845622597 -0.27071682746120174 -4.0080580251714748 1 CAMERA 1 1323
1324 1 0.89224872041117842 -0.20402443616644381 0.39970097284852962 -0.050053797813137499 2.5607607794924134 -0.3513656955297409 -3.6536637002499757 1 CAMERA 1 1324
1325 1 0.92613591820181351 -0.17933212880087684 0.31922669585525681 -0.090590094654796519 3.179972165265684 -0.45586728497438184 -3.1191755156342573 1 CAMERA 1 1325
1326 1 0.94745981294396042 -0.16636119487809525 0.24546040309526729 -0.11997102236472262 3.6254566220581399 -0.56964252842120389 -2.5673960446792781 1 CAMERA 1 1326
1327 1 0.96122738714727474 -0.16161341084715233 0.17976178925008984 -0.13269783252931852 3.9385228340481384 -0.59496583168678918 -2.0497566890352283 1 CAMERA 1 1327
1328 1 0.96840585593521944 -0.15072354034196875 0.14277929863694006 -0.13815420535728057 4.0881411044474376 -0.57680752248681444 -1.7457347717906704 1 CAMERA 1 1328
1329 1 0.96844775981485176 -0.15213876588529196 0.14905666475608492 -0.12940186674189705 4.0752177727611185 -0.51354632105090414 -1.8116593046370451 1 CAMERA 1 1329
1330 1 0.96506929368462624 -0.17218976427156449 0.148547230382086 -0.13009866952805951 4.0748359917209873 -0.57008734491276869 -1.8152926224423431 1 CAMERA 1 1330
1331 1 0.95884023817665764 -0.19905601876188708 0.14647178551166792 -0.13981457397933048 4.0722873450375277 -0.72039943188747191 -1.7912693678023563 1 CAMERA 1 1331
1332 1 0.95787399738438828 -0.20702789296874127 0.15063001320449065 -0.13010555633711995 4.0673239568331567 -0.66389100243244215 -1.8480088779190798 1 CAMERA 1 1332
1333 1 0.95599685813083335 -0.21878376739576788 0.14692654116392589 -0.12890408011267562 4.0835704600744913 -0.67789603907762497 -1.8262668123803716 1 CAMERA 1 1333
1334 1 0.95014849127052903 -0.23569452667814966 0.15996657625707075 -0.12679364775449492 4.0306679705375856 -0.72839050525060023 -1.9393833784193653 1 CAMERA 1 1334
1335 1 0.94282901974562461 -0.24176524115831793 0.18888436169690051 -0.13017567207247105 3.9052629286050711 -0.82872099730405857 -2.1640430266669695 1 CAMERA 1 1335
1336 1 0.92785612805284212 -0.26585598700401614 0.22780164009254306 -0.12849129379088578 3.7049255588639829 -0.96760977138388848 -2.4606304982417599 1 CAMERA 1 1336
1337 1 0.91252339296343243 -0.27212290460971567 0.28205237628853769 -0.11703264122143768 3.3976075396094756 -1.0038275257632789 -2.8784898808465456 1 CAMERA 1 1337
1338 1 0.89969231864930599 -0.25107561030455394 0.34466624642636329 -0.093380663137466319 2.9962094397081249 -0.84340230266503635 -3.3583180713931928 1 CAMERA 1 1338
1339 1 0.8670972648249522 -0.25080498658304917 0.42937186520372023 -0.029647823016901494 2.2891535763976627 -0.51154679072839859 -3.9467904153586 1 CAMERA 1 1339
1340 1 0.8457682792483453 -0.25345415431718943 0.46943258387182157 0.0083701060970920067 1.8803700638966563 -0.33801765024501101 -4.1868320280810627 1 CAMERA 1 1340
1341 1 0.83496920603369951 -0.26187781737898852 0.48347660802360332 0.022289083297922532 1.7178065482570979 -0.32599027646181639 -4.2677239090311598 1 CAMERA 1 1341
1342 1 0.83849433802830298 -0.27365884061433343 0.46979059673101392 0.036535999660809768 1.810226568109405 -0.26834507914182609 -4.2443473321653924 1 CAMERA 1 1342
1343 1 0.84319915627484376 -0.2886821293354816 0.44947925695342772 0.060383844100210117 1.9339413492475663 -0.14346143729549762 -4.2076505572147855 1 CAMERA 1 1343
1344 1 0.85156583230294991 -0.28678537946721988 0.43471372477701653 0.060114531259251508 2.0696120672202958 -0.094899188459089914 -4.156568249877119 1 CAMERA 1 1344
1345 1 0.85293734431322965 -0.30311896217361561 0.42166765125140182 0.053039356470564611 2.1933575576367703 -0.20701604756979525 -4.1004500669537336 1 CAMERA 1 1345
1346 1 0.85847758852072031 -0.30620723801419164 0.40765739972160886 0.055396767483179052 2.3092253365284825 -0.17066773462593762 -4.0484818203106956 1 CAMERA 1 1346
1347 1 0.86129251156705766 -0.30774411933262275 0.39862004884176711 0.067607863419026124 2.3541645840854373 -0.068070597106591482 -4.033808158276182 1 CAMERA 1 1347
1348 1 0.86477241664256133 -0.305426786261909 0.3925888307357886 0.068972136616266624 2.4026831084155491 -0.028649129705713348 -4.0136811086655557 1 CAMERA 1 1348
1349 1 0.86541339399208361 -0.31386733181595533 0.38465869586034801 0.06770999347845176 2.468542994360492 -0.064500595636865318 -3.9807748781753247 1 CAMERA 1 1349
1350 1 0.86471719603886321 -0.31682462487186364 0.38301285775151128 0.072024153910404287 2.4707131708378691 -0.049104272490405991 -3.9874982261977707 1 CAMERA 1 1350
1351 1 0.86185597079417275 -0.30455319623601063 0.39217178018346388 0.10321303743518583 2.3097059727403173 0.21237663601197651 -4.0889347734056054 1 CAMERA 1 1351
1352 1 0.86174824771060632 -0.29087219001376069 0.40266835992595407 0.10315773630145425 2.2299872261185598 0.26203047403378388 -4.1450211168791817 1 CAMERA 1 1352
1353 1 0.86270302561854528 -0.29206459694281667 0.40425023519544284 0.083806372941841747 2.2787302447112943 0.11551030021970603 -4.1395884343500216 1 CAMERA 1 1353
1354 1 0.8642309016424693 -0.29943505631640238 0.39792565979723671 0.071405636822113747 2.3675720790378523 0.0024455541898988761 -4.1041443151009815 1 CAMERA 1 1354
1355 1 0.86412791170308456 -0.29224055255989201 0.40449413806413603 0.065290917644852842 2.3327593832221245 -0.01692091704309286 -4.1348620183695051 1 CAMERA 1 1355
1356 1 0.86000100322290407 -0.29534844287078366 0.41311292515070708 0.050052800349514134 2.2953641759581882 -0.16802119847042574 -4.1617528809667421 1 CAMERA 1 1356
1357 1 0.85563990354792863 -0.30468929506232928 0.41568596389476326 0.047433831299970523 2.2746043135997307 -0.24918179821707823 -4.1777327112296971 1 CAMERA 1 1357
1358 1 0.8527641125412514 -0.31052567231075479 0.41580338103608599 0.058946785464903152 2.2441242672050232 -0.19962091712799515 -4.2085024819835093 1 CAMERA 1 1358
1359 1 0.83668766158221441 -0.33974906929956633 0.42736310011569884 0.04341782497619643 2.1586624928975544 -0.52493810705687727 -4.2392226761570786 1 CAMERA 1 1359
1360 1 0.82126389720810278 -0.36276109088144309 0.44025897626532567 0.010101282239002224 2.0843275953667373 -0.94661927367107379 -4.2142728175456297 1 CAMERA 1 1360
1361 1 0.81324953004490652 -0.37528936994790824 0.44468593559618363 0.0061244892674705348 2.0385285923420624 -1.0688344898236162 -4.2171675671161672 1 CAMERA 1 1361
1362 1 0.80820331584147476 -0.39591550092513034 0.43584438544395976 -0.0098988922120496377 2.12938066936904 -1.2863382765135005 -4.1203599444492207 1 CAMERA 1 1362
1363 1 0.79646017188569584 -0.43747076544432661 0.41725288915336739 -0.013059497483849018 2.2812844742344058 -1.508579872182835 -3.9702377237387907 1 CAMERA 1 1363
1364 1 0.82398763228082994 -0.38529088451119498 0.41538668645204685 0.0070154742677695859 2.3102309016718587 -1.0302978727743988 -4.1142959221019542 1 CAMERA 1 1364
1365 1 0.8274513884821304 -0.36743956600482708 0.42400662303975023 0.023037982802451142 2.2163267486626488 -0.83352586195477651 -4.2219282038280532 1 CAMERA 1 1365
1366 1 0.8372983468182239 -0.34558957221788539 0.42350554126377671 0.011932414198470192 2.257295960187216 -0.77745298587993317 -4.2275033611131949 1 CAMERA 1 1366
1367 1 0.85206723402786322 -0.32047732027584985 0.4137904451019741 -0.0072926968418453716 2.3960329276688199 -0.73979778127252827 -4.1718118420940744 1 CAMERA 1 1367
1368 1 0.8511015435614131 -0.32048275944883436 0.41554867844529564 -0.015370728213360269 2.3911111984311026 -0.80928459328377245 -4.1748141461310597 1 CAMERA 1 1368
1369 1 0.85299402931855195 -0.31691226453623195 0.41468034731408482 -0.0028305626452712418 2.3864694407439373 -0.69253206755827124 -4.210383083578269 1 CAMERA 1 1369
1370 1 0.85366299621405983 -0.31574342931250721 0.41420472268326503 0.00015312638986373671 2.3895476234588839 -0.66384557348516393 -4.2252303264343878 1 CAMERA 1 1370
1371 1 0.85370542588159293 -0.30569807430057033 0.42158364884782434 -0.0017205270719903489 2.3327092215200791 -0.63889606209381855 -4.2719858636025414 1 CAMERA 1 1371
1372 1 0.85639334324733252 -0.30269394828603308 0.41797446416825823 -0.016253080198109268 2.3903481705077492 -0.72481939114449345 -4.2364311152799656 1 CAMERA 1 1372
1373 1 0.86188316992651604 -0.29979712417795623 0.4082562109615791 -0.024616091146687127 2.4926664303905857 -0.74927634594254666 -4.1808043813233358 1 CAMERA 1 1373
1374 1 0.86743992170244666 -0.29664751427696223 0.39841428968361114 -0.028535736998656847 2.5887825330756136 -0.74004512986870186 -4.1297633092305306 1 CAMERA 1 1374
1375 1 0.86937545619473822 -0.29737153778792863 0.39383346950582582 -0.025528082122189714 2.6260273741607914 -0.71308669049497275 -4.1176195143995491 1 CAMERA 1 1375
1376 1 0.86936115615825538 -0.3048731490150895 0.38850748281305031 -0.018041035753853608 2.6599505461508866 -0.68831460246640985 -4.1099665053564154 1 CAMERA 1 1376
1377 1 0.873280908670233 -0.29311845116867163 0.3887046904816116 -0.019253356438967452 2.6702925786937395 -0.63026622509887731 -4.1275332690202475 1 CAMERA 1 1377
1378 1 0.88362205741174893 -0.28713865818883466 0.36833248313165612 -0.033085230829053458 2.8713178624635187 -0.65632597124861025 -4.0002505177842647 1 CAMERA 1 1378
1379 1 0.88877967340245134 -0.29027659296136199 0.35276030277062631 -0.037018380766206303 3.0060355787070119 -0.66889316788452846 -3.9094983249421125 1 CAMERA 1 1379
1380 1 0.89106220304628736 -0.27980977781426719 0.35481815672935235 -0.042646385509352097 3.0028412953728427 -0.66124601888249457 -3.9234443292754655 1 CAMERA 1 1380
1381 1 0.88674240441449559 -0.28298536282284614 0.36544928642890856 -0.0073492645770111501 2.8681265394941375 -0.41588195467081385 -4.0657328454748445 1 CAMERA 1 1381
1382 1 0.87505801552099338 -0.28989651641265241 0.3875182687143382 0.0079417036529887269 2.6449082786871729 -0.39173034059462125 -4.229532061508297 1 CAMERA 1 1382
1383 1 0.87058791208108133 -0.29476170429250564 0.39392935858553629 0.0034475303144187357 2.592684472469958 -0.47421326646005157 -4.2645301920795475 1 CAMERA 1 1383
1384 1 0.86865058174651544 -0.29022996331967188 0.40145926569405216 -0.0065721542354572806 2.5441586313392355 -0.54635938334855427 -4.296235983055718 1 CAMERA 1 1384
1385 1 0.86137369829189991 -0.27850334943588845 0.42446544434115507 -0.01732982412468435 2.3490756930601129 -0.61681022149453302 -4.4065861511748308 1 CAMERA 1 1385
1386 1 0.85466005641883347 -0.27062479004866585 0.44258486224225491 -0.02090575727583709 2.1800270771279697 -0.63727900162768791 -4.4985579939939999 1 CAMERA 1 1386
1387 1 0.857400781574573 -0.27596136170264951 0.43440502576438877 -0.0012248237307854288 2.2285605053843662 -0.49861265191805598 -4.4991129149793281 1 CAMERA 1 1387
1388 1 0.86119181702488334 -0.27178604524854061 0.42900509758092059 0.020871658945159615 2.2446276102406255 -0.28631854802495021 -4.5152363557231778 1 CAMERA 1 1388
1389 1 0.85155605658547606 -0.28206195851501231 0.44187783635844147 0.0061083374539773454 2.1352480570153212 -0.50260210827163909 -4.5542823347127976 1 CAMERA 1 1389
1390 1 0.86036030114526418 -0.27539410279471144 0.42886815703219133 -0.0032162467159992563 2.2836222680012717 -0.49807619606444231 -4.4874281291742424 1 CAMERA 1 1390
1391 1 0.87401406486623279 -0.26892916433229386 0.40467365428649488 0.0039689436823100218 2.5091531154986999 -0.33953973895648221 -4.3898568283443531 1 CAMERA 1 1391
1392 1 0.87700437266073172 -0.26091674556345623 0.40335747818443807 0.0094088793818290634 2.5166530194480741 -0.24278867896426112 -4.4065456608101305 1 CAMERA 1 1392
1393 1 0.87817368589077149 -0.26027060126189455 0.40133206813906069 -0.0016621104092742604 2.5561190347193774 -0.32149398736798213 -4.3932828662553609 1 CAMERA 1 1393
1394 1 0.87776968736779737 -0.26485019257674308 0.39913184890329456 -0.0082775975584140418 2.5833717874138955 -0.39818492264304955 -4.383832138997426 1 CAMERA 1 1394
1395 1 0.88203807067129947 -0.26667444025505421 0.38827113657236217 -0.011794460814773457 2.6886676938488061 -0.41262804439797873 -4.3296719194496776 1 CAMERA 1 1395
1396 1 0.88935559758648264 -0.25322220303431586 0.38053355455523669 -0.010924778697755553 2.7687510906587973 -0.30498063994518027 -4.2979408385986355 1 CAMERA 1 1396
1397 1 0.88736357202316707 -0.26116485938020922 0.37986999905529922 -0.008808580415043404 2.765236619158403 -0.33611913905931895 -4.3073656042491573 1 CAMERA 1 1397
1398 1 0.90337794086724366 -0.24342919763193294 0.35305346895907685 -0.0019415845833684513 3.0068681845484933 -0.11045384916224611 -4.1622473528770634 1 CAMERA 1 1398
1399 1 0.92908289765969954 -0.21547589820506163 0.30011414133305692 -0.017510246740126172 3.486866305964186 0.023158034179346858 -3.775760858689702 1 CAMERA 1 1399
1400 1 0.94444237958717325 -0.19377111668211436 0.25928475207923396 -0.057033002013697008 3.8507079024557642 -0.15093944483685007 -3.4053849701352066 1 CAMERA 1 1400
1401 1 0.95025536161298108 -0.19192859656233488 0.22573875847051506 -0.096021739578000601 4.0967859911128857 -0.45380677374277734 -3.0808487169587999 1 CAMERA 1 1401
1402 1 0.95113270761133972 -0.19003886156641517 0.22190873742135844 -0.099941562237745474 4.1241800447685764 -0.47705786603079509 -3.0486779339532033 1 CAMERA 1 1402
1403 1 0.95161015474536825 -0.18388950501891368 0.23360600706400725 -0.077788153294741119 4.0484641885527912 -0.25955499148869648 -3.183753290617338 1 CAMERA 1 1403
1404 1 0.94672349906021014 -0.18900791576365344 0.25418671308634766 -0.058135522671003921 3.8955208514457347 -0.1315473757636294 -3.3874096479580564 1 CAMERA 1 1404
1405 1 0.93639160912160313 -0.20028800648278369 0.28364371531957799 -0.051006975851480389 3.6723875552324676 -0.16880647835515653 -3.6369482407971088 1 CAMERA 1 1405
1406 1 0.91959830926478026 -0.23341305074077978 0.31087711501835102 -0.056680831849108521 3.4445604640496734 -0.44302604920705696 -3.8407217980977948 1 CAMERA 1 1406
1407 1 0.90461502638674696 -0.25214610367919638 0.34073001249417867 -0.044688421547668063 3.1717641353951969 -0.50632826637525929 -4.0701778580566366 1 CAMERA 1 1407
1408 1 0.88598696860530124 -0.24749783704339767 0.39198176011925295 0.011054947048322595 2.6258162633110218 -0.12613489166645148 -4.4809068754535968 1 CAMERA 1 1408
1409 1 0.88675035970635374 -0.23963084509318747 0.39369919314379664 0.035380827555338799 2.5606746109033178 0.11547549328293433 -4.5340366405167662 1 CAMERA 1 1409
1410 1 0.88752436390393585 -0.24266116351857583 0.39072911196124399 0.027328085602596808 2.6066788117565549 0.036857158297486703 -4.5228266601034406 1 CAMERA 1 1410
1411 1 0.87968678472695316 -0.24910416697403992 0.4047409586770952 0.016823529417782222 2.4900110924151484 -0.12451640932410057 -4.5991451513909674 1 CAMERA 1 1411
1412 1 0.86712056045556729 -0.26892933007665537 0.41920381010191748 0.0068640116389616221 2.3500688017262368 -0.37494960630211049 -4.6707196085626856 1 CAMERA 1 1412
1413 1 0.85230628147478027 -0.28268168611526923 0.43974872369749674 0.01691528598882186 2.1069095132496378 -0.44789664129362078 -4.7906925816681856 1 CAMERA 1 1413
1414 1 0.8278604244511365 -0.30049841352444118 0.47326617645222058 0.019155869157356255 1.7233535682739904 -0.65710577611469545 -4.9293953694371462 1 CAMERA 1 1414
1415 1 0.8109079873529712 -0.2868972098134433 0.50791911935764456 0.046221155755449543 1.2795799932277803 -0.457979731702088 -5.0952361490491427 1 CAMERA 1 1415
1416 1 0.81713279194920241 -0.24496536862845833 0.51685303212964462 0.07175591733381817 1.1428954407953251 0.027005400962933804 -5.1572174569915123 1 CAMERA 1 1416
1417 1 0.8314762906338129 -0.21287152570387238 0.50625001635323053 0.083927424604204964 1.25477298935691 0.38987422259674936 -5.1233641070205476 1 CAMERA 1 1417
1418 1 0.85253734317086871 -0.18853167707216686 0.47842077397599325 0.093538485489792433 1.5519446121269822 0.70716545870927972 -5.0106397704119736 1 CAMERA 1 1418
1419 1 0.8750000408829266 -0.16586485328892842 0.44653898868623176 0.08641012950688283 1.9342486361587465 0.88526910602861608 -4.850905874282323 1 CAMERA 1 1419
1420 1 0.88901433568217292 -0.17639765603491492 0.42041223054265636 0.042319431791092078 2.3313557754054823 0.52085308207572956 -4.7371123887875433 1 CAMERA 1 1420
1421 1 0.90752985530082197 -0.19157603090541928 0.3735587865907623 -0.011917175883250317 2.8975175296465285 0.055593399085452085 -4.4561821162825277 1 CAMERA 1 1421
1422 1 0.91051839267432289 -0.20320910458214364 0.35825069468387771 -0.036314682639534683 3.0659608098860764 -0.2022619883202125 -4.3493650446168095 1 CAMERA 1 1422
1423 1 0.90258255837121848 -0.22656457818986667 0.36414202492526954 -0.037600570700963613 2.9925076959759567 -0.3693757656247118 -4.4009364005186917 1 CAMERA 1 1423
1424 1 0.90135550385172747 -0.22608510136144014 0.36794120985154294 -0.032604427790847296 2.951547992538559 -0.32998744878379627 -4.4431834592691022 1 CAMERA 1 1424
1425 1 0.8950119967670348 -0.24052177586488757 0.37386264426703608 -0.036462641148793933 2.8880669403231738 -0.46698059326719465 -4.482882619124247 1 CAMERA 1 1425
1426 1 0.88392420229099422 -0.26424618373864117 0.38399105584100013 -0.037454345781332929 2.76915224007548 -0.65373853934805226 -4.5431555497992608 1 CAMERA 1 1426
1427 1 0.90437230493618526 -0.23850329507514476 0.35084338321120012 -0.046215070698086821 3.1167776747641094 -0.49358211923553991 -4.3396319573581996 1 CAMERA 1 1427
1428 1 0.92877986582664451 -0.20925151982403795 0.29573240508349158 -0.078256673005593427 3.643751796444052 -0.51105168756764685 -3.9074386520308977 1 CAMERA 1 1428
1429 1 0.95166596459796216 -0.18074322869592355 0.21217572428084597 -0.12901642969909602 4.28126473452014 -0.7332441217388197 -3.1490532384330652 1 CAMERA 1 1429
1430 1 0.96707680407251473 -0.13819108649857917 0.12412068754420218 -0.17395325107852386 4.768400137811267 -0.92297889920176057 -2.2732797499993787 1 CAMERA 1 1430
1431 1 0.97088635899607223 -0.1134469406206641 0.058193220383900512 -0.20278811276924552 5.0025516578331191 -1.0972677306397511 -1.5847407860555456 1 CAMERA 1 1431
1432 1 0.9709697265309235 -0.10427022798966264 0.010674998318687803 -0.2150152416140392 5.1169184273702397 -1.1739573194174207 -1.0848348078362324 1 CAMERA 1 1432
1433 1 0.96993703081935845 -0.099743127359837758 -0.0058315186850856852 -0.22189965790787453 5.1412444586295054 -1.2282122987123565 -0.90948492889789945 1 CAMERA 1 1433
1434 1 0.97340229350034146 -0.11068854582456737 0.018680329581847514 -0.19971746573154678 5.1304153131028905 -1.0374409141707646 -1.1976711749567159 1 CAMERA 1 1434
1435 1 0.9703546370005488 -0.14985400981807484 0.056962915242010165 -0.18086149529435275 5.0341220779041027 -0.98072594098357735 -1.6240988987821166 1 CAMERA 1 1435
1436 1 0.96288372519899057 -0.17463073898833878 0.10571795516009191 -0.17658638312188848 4.8388670414118984 -1.0745013723495151 -2.1211538404054004 1 CAMERA 1 1436
1437 1 0.95144820166095756 -0.19654783241276519 0.16753232595183221 -0.16747593525979398 4.5227547463882676 -1.1496411628294436 -2.7254462127879959 1 CAMERA 1 1437
1438 1 0.93911682609247549 -0.21415570652805119 0.23148802779702815 -0.13641925559871959 4.1321390434773235 -1.0169831358230532 -3.3505005521256939 1 CAMERA 1 1438
1439 1 0.91841089644137908 -0.22188897656094902 0.31269426691465574 -0.097514115989344785 3.5025059649256294 -0.81776276408766635 -4.0675012772807362 1 CAMERA 1 1439
1440 1 0.8655613957119932 -0.25448448328702117 0.42321543770107639 -0.083245488230476575 2.3939705612331417 -1.0934480762847714 -4.7635011229088375 1 CAMERA 1 1440
1441 1 0.83389762066535245 -0.27284844590971785 0.47603842795204171 -0.059631358581407945 1.7738773758725139 -1.1400607454740992 -5.0285347780622001 1 CAMERA 1 1441
1442 1 0.81328682024771792 -0.28483651193746667 0.50538947936722745 -0.044879657124097971 1.4010292111935814 -1.1849287697267243 -5.1475675896050284 1 CAMERA 1 1442
1443 1 0.79563487341140038 -0.27612987099552372 0.53774579558223035 -0.039330673643536457 0.99789705295540854 -1.1447804116523508 -5.2629592355913921 1 CAMERA 1 1443
1444 1 0.78196625985813739 -0.27500541519333049 0.5581803819482154 -0.036543826646428655 0.72715731436769793 -1.1604282471451637 -5.3158694520760328 1 CAMERA 1 1444
1445 1 0.79286114497576343 -0.26952508794815172 0.54611621070853689 -0.022011727683474484 0.87476408491608648 -0.98203974125817339 -5.3393447992393108 1 CAMERA 1 1445
1446 1 0.79868010875502515 -0.26176600022408947 0.541210582145769 -0.026072030591824464 0.94915711897316379 -0.93576359578538904 -5.3437882170325244 1 CAMERA 1 1446
1447 1 0.79123588371819509 -0.24665834702642847 0.5590097600805678 -0.024769422551668103 0.72884279279127318 -0.83643773837184698 -5.4035896844052056 1 CAMERA 1 1447
1448 1 0.78579553587936501 -0.24812299941145449 0.56590466223078228 -0.026688316181231308 0.63331476146779797 -0.87717686025309549 -5.4173111594113221 1 CAMERA 1 1448
1449 1 0.78637178827116372 -0.26350279647075309 0.55845867671803462 -0.017595262477350188 0.69966254278227935 -0.92950292341072183 -5.4073788413919193 1 CAMERA 1 1449
1450 1 0.79026425091701924 -0.26399575975309775 0.5529261942364021 -0.0078279168490613411 0.75621472235625242 -0.85280014612691046 -5.4191177362730789 1 CAMERA 1 1450
1451 1 0.78482435668557926 -0.26217530158726232 0.56152900844632325 -0.00011429778595184947 0.63160618592610174 -0.80282880352886266 -5.4510977222089929 1 CAMERA 1 1451
1452 1 0.77389177507103935 -0.27050519174787202 0.57263235984101335 0.0032622350858192107 0.46907607778960503 -0.87996320922336624 -5.4654452505115962 1 CAMERA 1 1452
1453 1 0.76535446367101312 -0.26421900091169831 0.58686544722346079 0.0031323076616672019 0.28295615033969096 -0.85940640963270432 -5.4914635536669669 1 CAMERA 1 1453
1454 1 0.76371072101313786 -0.26057221181144907 0.59063201084248851 0.0013728836224674021 0.23782995512279992 -0.84769864129904993 -5.5045686536542471 1 CAMERA 1 1454
1455 1 0.76289236163566632 -0.26098133456995498 0.59150691066519512 0.0018873789651018028 0.22299693875536356 -0.85055935494471702 -5.5133681310007958 1 CAMERA 1 1455
1456 1 0.75499268238236206 -0.2867077710730449 0.58964374050528623 -0.010245137302502533 0.23296632856322932 -1.1631817290194075 -5.464001083933745 1 CAMERA 1 1456
1457 1 0.77639761433713306 -0.31138238161180359 0.54717333242192723 -0.02913934041210944 0.80049746919125042 -1.4091272128060681 -5.3609709232801537 1 CAMERA 1 1457
1458 1 0.80004082671112475 -0.30868928272937379 0.51163911472493351 -0.053581886929178445 1.2817844904637725 -1.4796412119743076 -5.2604252295167315 1 CAMERA 1 1458
1459 1 0.81867165126268027 -0.31101852311463307 0.47595543824073883 -0.080688453371564273 1.7296328707619537 -1.6276015789799259 -5.0968092561059253 1 CAMERA 1 1459
1460 1 0.84743663288123705 -0.30592823616193082 0.42201222441586522 -0.10082038490967418 2.3660018762868615 -1.6339603985271705 -4.8404252832606725 1 CAMERA 1 1460
1461 1 0.87087471882957956 -0.2974829051572524 0.37462298586455295 -0.11286613178730347 2.8852993552186481 -1.5766726993979321 -4.5770531741307883 1 CAMERA 1 1461
1462 1 0.89312004118927113 -0.27745261024582291 0.33529382652052836 -0.11373078295288419 3.303735202965048 -1.3688422312871771 -4.362769330483574 1 CAMERA 1 1462
1463 1 0.89931062398054973 -0.27558654740338029 0.31870890768141585 -0.11711997545473489 3.4630584361287768 -1.3558704759404538 -4.2489337803443439 1 CAMERA 1 1463
1464 1 0.90958191468120841 -0.25242724305861042 0.30650159538913185 -0.12246631973980938 3.5990408465321462 -1.2403101800031691 -4.179096037830071 1 CAMERA 1 1464
1465 1 0.9045622770240791 -0.29625234427406877 0.28802339741102112 -0.10509118916895457 3.7332228523858246 -1.3115578424377976 -4.0487897505424426 1 CAMERA 1 1465
1466 1 0.91307239693556674 -0.2792417719339596 0.27459218948011771 -0.11367480036506096 3.8674457471596213 -1.2617048386914163 -3.9501177056114365 1 CAMERA 1 1466
1467 1 0.91738456177859973 -0.27490155373142994 0.25426624589230146 -0.13484575546218769 4.0338908825078406 -1.3993399711189694 -3.7439238579764966 1 CAMERA 1 1467
1468 1 0.90797764534290715 -0.31314887406938641 0.26196786336825317 -0.094272036091822137 3.9583674562354232 -1.2563435515946357 -3.8870251429827132 1 CAMERA 1 1468
1469 1 0.90835986922904577 -0.30062731836804513 0.28268916783311554 -0.067767232604332914 3.7888458628714106 -0.98627352854359907 -4.1400990425962165 1 CAMERA 1 1469
1470 1 0.90495066903862098 -0.30741018585187802 0.28174131488902437 -0.084764943966652753 3.8012322789302289 -1.1905297992025556 -4.0866270538339213 1 CAMERA 1 1470
1471 1 0.90257096117559277 -0.3220428325227257 0.27107309700000021 -0.09040713548241007 3.8882555716951823 -1.3097347656192071 -3.9792434875306846 1 CAMERA 1 1471
1472 1 0.90391415224390748 -0.32099524285521419 0.26926035417421618 -0.086023956590451423 3.9106939709222317 -1.258628722152854 -3.9853070289943346 1 CAMERA 1 1472
1473 1 0.89404592358163615 -0.33062847828666758 0.29345390338636296 -0.072467250949714221 3.6918870239662525 -1.2618068680713452 -4.2010759088727756 1 CAMERA 1 1473
1474 1 0.88211125418117919 -0.33496637607465868 0.32480774097704501 -0.064631211869392441 3.3965830239802783 -1.3102091303768508 -4.4424199330151772 1 CAMERA 1 1474
1475 1 0.88068437972982438 -0.33859220647651889 0.32504776111588274 -0.06398667054011288 3.3956332146004633 -1.3317297866316591 -4.4464360433805084 1 CAMERA 1 1475
1476 1 0.89147933571535121 -0.32623446126678968 0.30979144580546653 -0.053525044420744065 3.5521902060589841 -1.108002636192718 -4.3937052388999254 1 CAMERA 1 1476
1477 1 0.88110041171752529 -0.35069636117695685 0.31257299875599975 -0.054518319646981894 3.5133190653533828 -1.2970443231584849 -4.3797674012967436 1 CAMERA 1 1477
1478 1 0.86794963128857094 -0.34811404841569632 0.35302113612419267 -0.029259601693333033 3.0970872925810013 -1.1853608105677589 -4.7171591446938965 1 CAMERA 1 1478
1479 1 0.84691946322465073 -0.34386678063532672 0.40534259457896632 -0.013432833161980059 2.5203806737715149 -1.1885063836866128 -5.0510633073178415 1 CAMERA 1 1479
1480 1 0.81805305925080762 -0.35068823619283029 0.45581013861278341 -0.0066385829927476337 1.9160124636246598 -1.3583779729197714 -5.270802604961851 1 CAMERA 1 1480
1481 1 0.81077191880397004 -0.33369974731143665 0.48087049452229513 0.007545980459524205 1.5981313608448853 -1.186441774976513 -5.4163785740970756 1 CAMERA 1 1481
1482 1 0.83002325339569083 -0.3127176411767566 0.46174749730274861 0.0076370448425042044 1.8532141014153629 -0.94586333541317191 -5.3824823505894654 1 CAMERA 1 1482
1483 1 0.85454505081341314 -0.25941149166422384 0.4499135784925764 0.0060171430802403014 2.048390861608735 -0.482194617080481 -5.3726380378499243 1 CAMERA 1 1483
1484 1 0.85059075911546744 -0.23843443972307723 0.46784040330780219 0.027744107376310927 1.8011310413254766 -0.17605335907270095 -5.4803868947220558 1 CAMERA 1 1484
1485 1 0.87307302195134895 -0.18301369655131394 0.4465806913628293 0.069391435474852117 1.9788633880934918 0.66759989908914519 -5.3837827347935683 1 CAMERA 1 1485
1486 1 0.88387362222557719 -0.16222333306701325 0.43250123691026582 0.073441747075874961 2.144831496095728 0.89707927283849953 -5.2898745798684912 1 CAMERA 1 1486
1487 1 0.88213324394848469 -0.17235509289509438 0.42930648901717572 0.088490679519326446 2.1156561731623911 0.94926690298469618 -5.2965152139629925 1 CAMERA 1 1487
