# Frame list with one line of data per frame:
#   FRAME_ID, RIG_ID, RIG_FROM_WORLD[QW, QX, QY, QZ, TX, TY, TZ], NUM_DATA_IDS, DATA_IDS[] as (SENSOR_TYPE, SENSOR_ID, DATA_ID)
# Number of frames: 1487
1 1 0.55199080877664686 0.18522280590099757 -0.80418063090669367 -0.11954987275098601 -5.7452452668162826 -1.6855970425212616 3.6582943621606479 1 CAMERA 1 1
2 1 0.55688750819791366 0.16338412360617616 -0.80776252032748075 -0.10344874151364308 -5.7588439946679451 -1.3884551185488774 3.7610212236877341 1 CAMERA 1 2
3 1 0.55047259992479936 0.17667828214931072 -0.8100631467701993 -0.097787522688545625 -5.7853746011236673 -1.5637128307788726 3.65011455964861 1 CAMERA 1 3
4 1 0.53586305513105148 0.22116635356978023 -0.80234150246033287 -0.14207161442018743 -5.7715757877832496 -2.1488493972092813 3.3637017975124772 1 CAMERA 1 4
5 1 0.52239557088630739 0.25360869414685988 -0.79554855233271826 -0.17288145838351096 -5.7608535694801599 -2.5525033693425949 3.0867092465438044 1 CAMERA 1 5
6 1 0.5175101207134325 0.25829107175745614 -0.79732002310221972 -0.17248123947209204 -5.7816456534281295 -2.6025761659674798 3.0014582449931684 1 CAMERA 1 6
7 1 0.5161565280096041 0.24423302379677639 -0.80654389242741387 -0.15303469628875138 -5.851732766634238 -2.4131237782590289 3.0231277369004079 1 CAMERA 1 7
8 1 0.5057117092848844 0.23639301184722236 -0.81652616943038092 -0.14717005699974581 -5.9690940078386019 -2.2801723203458129 2.8984597709390036 1 CAMERA 1 8
9 1 -0.49630185832298501 -0.23242209907025535 0.8208809957775286 0.16068237009772196 -6.0616776771271192 -2.1910688745436051 2.7776923116635257 1 CAMERA 1 9
10 1 0.50574624678712665 0.26392779298971686 -0.81219526638023476 -0.12207253261013178 -5.835032764821352 -2.6761616266693444 2.8376555348515913 1 CAMERA 1 10
11 1 0.50686660038664622 0.25491581522810164 -0.81469961834724935 -0.11986954752531069 -5.8672785904974472 -2.5572599032928935 2.8783061850746217 1 CAMERA 1 11
12 1 0.51540488784115002 0.21789764240277673 -0.81647977629068313 -0.14226452099198689 -5.9634156155292777 -2.0534794027018419 3.0834995718220468 1 CAMERA 1 12
13 1 0.51524848123616851 0.24574713789428879 -0.80253965676931938 -0.17337083409031145 -5.8597879050701236 -2.4244654873011862 3.0091232690621355 1 CAMERA 1 13
14 1 0.52394011285941777 0.21786403452400616 -0.80720411229437894 -0.16261470318770987 -5.8917724104111633 -2.0659841588850312 3.2066948333507801 1 CAMERA 1 14
15 1 0.53140282337226075 0.2156723377291036 -0.79600077674521352 -0.19359557193146207 -5.8261168766547478 -2.0565558510842954 3.3298299774495903 1 CAMERA 1 15
16 1 0.52977962060291595 0.22979964481066453 -0.79613609478562841 -0.18081204445006399 -5.794231661705501 -2.2514099372618928 3.2631836716849714 1 CAMERA 1 16
17 1 0.53289558483150035 0.2336603843143385 -0.79284768606128497 -0.18115647152788977 -5.7511021040852084 -2.3160235396032411 3.2977416776834225 1 CAMERA 1 17
18 1 0.53513374836875272 0.21705149427561798 -0.79723304342093015 -0.17589768238192119 -5.7924006015274427 -2.095874498865419 3.3735410280930518 1 CAMERA 1 18
19 1 0.52455736074507731 0.21588493194666458 -0.81098242997998327 -0.143320513920041 -5.8920788317515749 -2.0586794513732856 3.2157827719470813 1 CAMERA 1 19
20 1 -0.49226660369696507 -0.20728456804442244 0.83496953439350485 0.13241063163502415 -6.1707557827110318 -1.869912831606805 2.7705907098693872 1 CAMERA 1 20
21 1 -0.47847973251435477 -0.20807588694604645 0.8442594627034854 0.1224235699537868 -6.2539590556797826 -1.8594686117125487 2.5685161215341799 1 CAMERA 1 21
22 1 -0.44047011743211589 -0.20466857739417718 0.8699931411581755 0.084904554733609819 -6.4670068285084508 -1.7928296002787081 2.0156013660039886 1 CAMERA 1 22
23 1 -0.42723000394875715 -0.19323963027529448 0.87982564993478207 0.077716116307048194 -6.5583707508791207 -1.6282726619459515 1.8347355034873813 1 CAMERA 1 23
24 1 -0.41745511830164167 -0.18783735629642076 0.88530376885032658 0.081765448954564987 -6.6141489811687721 -1.5315563920782294 1.6966843007020396 1 CAMERA 1 24
25 1 -0.4058135400764814 -0.18772245711824631 0.89171435784729192 0.070150935796139471 -6.6505289743541347 -1.5409984829228369 1.5228508605326738 1 CAMERA 1 25
26 1 -0.39775323087958653 -0.18490370017949848 0.89648976569993943 0.062522707715264372 -6.6827860110963009 -1.5130075095226638 1.4051382501407439 1 CAMERA 1 26
27 1 -0.39747864798151816 -0.18643180880355073 0.89586145139091966 0.068455569362729715 -6.6813809358859686 -1.521352342421139 1.3995754009834602 1 CAMERA 1 27
28 1 -0.3985684652698358 -0.18670646241421793 0.8956626618203305 0.063814352665652344 -6.6742054926903762 -1.5401165103593375 1.4117439428403813 1 CAMERA 1 28
29 1 -0.39805396735584503 -0.17992640461741788 0.89869080489387754 0.039170973857125778 -6.6797110784145604 -1.512930754468746 1.4036427809546104 1 CAMERA 1 29
30 1 -0.39823935117027692 -0.17770854726656241 0.89843620664857315 0.051356343238272983 -6.6906619936941345 -1.4506834983811037 1.4023303439089121 1 CAMERA 1 30
31 1 -0.39939514141147275 -0.19242250585197535 0.8925980145675082 0.082011490955223365 -6.6609982989007603 -1.572916914052743 1.4056468708050267 1 CAMERA 1 31
32 1 -0.40555092945853377 -0.18828856909136707 0.89118087387324729 0.076632293501892004 -6.6479799506004156 -1.5402105099933656 1.5000548793810276 1 CAMERA 1 32
33 1 -0.43005196250066463 -0.18569139048598599 0.87952894522556135 0.083683042243453742 -6.5600623867485535 -1.5289730726016892 1.8697410614920955 1 CAMERA 1 33
34 1 -0.46845094547282584 -0.18327727545851827 0.85746879992132008 0.10821464386860626 -6.3765565812621086 -1.5277769459075941 2.451270808864503 1 CAMERA 1 34
35 1 -0.49824845212026264 -0.19612886442537078 0.83469449627087011 0.12871303894359395 -6.1524239642347771 -1.7478607571530711 2.8744732564794564 1 CAMERA 1 35
36 1 0.53372091194393734 0.19073042587285988 -0.81250928629176711 -0.13635451033879659 -5.8883875815147535 -1.7507305053227864 3.3947549421659726 1 CAMERA 1 36
37 1 0.5748713165351137 0.18144521624207618 -0.78447355570939736 -0.14560852763731438 -5.5192982954329537 -1.7190226188787698 3.9859238297734372 1 CAMERA 1 37
38 1 0.60335872945245195 0.16498382253530761 -0.76439208042808249 -0.15634362562633966 -5.2420388554433215 -1.5671244579536758 4.405647890918452 1 CAMERA 1 38
39 1 0.6283163545704169 0.16025468006326438 -0.74284778908797278 -0.1664756989601609 -4.9392015896993113 -1.5784773736666413 4.7425542505283831 1 CAMERA 1 39
40 1 0.64495950174843575 0.1675930750934326 -0.72978768429622265 -0.15280621104750178 -4.7160336958735991 -1.699626699638805 4.9285919522677784 1 CAMERA 1 40
41 1 0.66084935553069346 0.1659707645469527 -0.71608554411273706 -0.15150355812037081 -4.4996323258465933 -1.711555463086804 5.1268997471359006 1 CAMERA 1 41
42 1 0.68833326544780871 0.16087698388962485 -0.68761250501575644 -0.16584617776267982 -4.0750452244548976 -1.743968273105216 5.4622194484032329 1 CAMERA 1 42
43 1 0.69061023973293945 0.1487224769180604 -0.68412186042071255 -0.18142877867050755 -4.0412222881650335 -1.6263615861554475 5.5259430448223217 1 CAMERA 1 43
44 1 0.65710411754295617 0.16586684057255405 -0.71646410928401694 -0.16547371396820706 -4.5375815705545408 -1.7297177155538435 5.0938190657607025 1 CAMERA 1 44
45 1 0.59244136711732376 0.18017869945478551 -0.77155255144449242 -0.1457927403900228 -5.3484811642130206 -1.7358123675724195 4.2317249836526383 1 CAMERA 1 45
46 1 0.51649136646645133 0.1863807384885395 -0.82478164905154938 -0.13503377382674137 -6.0657617648821693 -1.6372462463288253 3.1617380305720553 1 CAMERA 1 46
47 1 -0.46222605315982912 -0.19758356015564052 0.85684370656152231 0.11457170271241178 -6.4082838560543545 -1.6889939925503681 2.3456209687471024 1 CAMERA 1 47
48 1 -0.42160943745429846 -0.203761556980391 0.87714862580533259 0.10647534171916806 -6.5950786478844741 -1.7012937520492777 1.7325166433719996 1 CAMERA 1 48
49 1 -0.45819698164224704 -0.20252063146671043 0.85767167871943972 0.11593192557202527 -6.4148978878463181 -1.7494161652239202 2.2752747908291808 1 CAMERA 1 49
50 1 0.50146428397164045 0.16904252221906974 -0.84233130744146778 -0.10215755521043431 -6.2228646954794904 -1.3954211376170307 2.9603486419399103 1 CAMERA 1 50
51 1 0.53567765103925824 0.1167156084056037 -0.83455907654423489 -0.054203954553211205 -6.0603930382861728 -0.75299358761280233 3.4854631325223733 1 CAMERA 1 51
52 1 0.55349410565551949 0.081503136341653584 -0.82881917762647273 0.007764313855584527 -5.9615065914862111 -0.30105661342512868 3.7141751997358239 1 CAMERA 1 52
53 1 0.55498528343384523 0.084482974489499513 -0.82672529669950801 0.037138201226924371 -5.9473772734807433 -0.36069005321703768 3.7286367346015061 1 CAMERA 1 53
54 1 0.55441141925659709 0.10510415998108998 -0.82532857259590264 0.020343082592495936 -5.9214891168409256 -0.64700196027223988 3.7300784090135921 1 CAMERA 1 54
55 1 0.56021509575381623 0.096391916197054811 -0.82267681469994081 0.0083966384084414921 -5.882605380380058 -0.52466839171028201 3.809192936603897 1 CAMERA 1 55
56 1 0.56866468597767439 0.036763105700032245 -0.81626267895336069 0.09478495623823506 -5.8693075921960132 0.28234111050009342 3.8566267472504907 1 CAMERA 1 56
57 1 0.57389303350026177 0.020447836187541903 -0.81005810863441241 0.11846743320741526 -5.8277976363674719 0.50754720523559016 3.9032910022772254 1 CAMERA 1 57
58 1 0.59115097320318777 -0.010252099299038822 -0.78859497483739771 0.16897747483641376 -5.6585129765235891 0.96762865075835958 4.069206007624337 1 CAMERA 1 58
59 1 0.59867282120483178 -0.040881509860832159 -0.77482686468484985 0.19890421077692608 -5.564315118987496 1.4159769060354841 4.0739084192589861 1 CAMERA 1 59
60 1 0.59580468121675856 -0.041386854279773469 -0.77971919255000055 0.18799439061364812 -5.5933005124433093 1.4157814549589005 4.0366058787473733 1 CAMERA 1 60
61 1 0.60067946680148787 0.005138198715717743 -0.78839812346601457 0.13261288019006684 -5.558390941677307 0.79208684054195333 4.2515454061609859 1 CAMERA 1 61
62 1 0.6078346165422881 0.032497782854004627 -0.78863735150177416 0.086787676882900622 -5.4698456062808187 0.42799010563026657 4.4172247131355906 1 CAMERA 1 62
63 1 0.58900933642215092 0.11603094895676141 -0.79847395828767698 -0.04521237029994972 -5.5540304028626446 -0.78864523754079696 4.2564048789805788 1 CAMERA 1 63
64 1 0.58033673421973597 0.17748336741717216 -0.78496145727294842 -0.12467734277470795 -5.4802587410745147 -1.6665742400370136 4.0888817876053638 1 CAMERA 1 64
65 1 0.56532688693649114 0.23220878312841467 -0.77007094686975353 -0.18296264299533427 -5.4356228574451961 -2.4114363428500889 3.7576951209418819 1 CAMERA 1 65
66 1 0.55179013039903324 0.26762407378711706 -0.7625924068143396 -0.20581017514427871 -5.4171984229331995 -2.8545672370445763 3.4569154506998117 1 CAMERA 1 66
67 1 0.55091718363388831 0.27668670796638689 -0.75568882038877838 -0.22106363145267649 -5.3792455814653 -2.9784050794980028 3.408765290861981 1 CAMERA 1 67
68 1 0.55331225763612635 0.2666973631607833 -0.76127765864106556 -0.20778447604832195 -5.405513600023947 -2.8416311561323373 3.4820405772955341 1 CAMERA 1 68
69 1 0.5489543296385655 0.27225973818485688 -0.75954670275064018 -0.21820308264370833 -5.421492662812561 -2.9034554428102521 3.401560785898587 1 CAMERA 1 69
70 1 0.55742524869302157 0.25457327777755995 -0.76536812628502049 -0.1966752898258177 -5.4206983296096016 -2.6841524459512471 3.5787941879881546 1 CAMERA 1 70
71 1 0.55487370321979723 0.25731638730084661 -0.77022608865944286 -0.18070756113114139 -5.4366291460033294 -2.7083042990068291 3.5387033565469128 1 CAMERA 1 71
72 1 0.5721843902490571 0.25893773726535657 -0.75775679327906997 -0.17709012963638829 -5.2395873952549579 -2.7830963210076485 3.7659309657871196 1 CAMERA 1 72
73 1 0.62153751969238236 0.26757513581090991 -0.71535529538536158 -0.17424540072706929 -4.5746003954863363 -3.0376502658801372 4.3635360734197253 1 CAMERA 1 73
74 1 0.67951952465312215 0.28795857110253736 -0.65850746908222346 -0.14731255922936193 -3.5672633832282661 -3.3836138346251392 4.9798878813284952 1 CAMERA 1 74
75 1 0.7248294698530231 0.3066257239132264 -0.60187568170485473 -0.13545688922897819 -2.5974186547879277 -3.6464664981730026 5.3609038175995813 1 CAMERA 1 75
76 1 0.76619262712298031 0.31172270602069513 -0.55138055461636448 -0.10843106881549905 -1.6798457131675686 -3.6212183548395029 5.7195345103861488 1 CAMERA 1 76
77 1 0.80016903282165985 0.30206035907663381 -0.51352646387633805 -0.069134863031675514 -0.95897507803400017 -3.3001162801208657 6.0613627956765086 1 CAMERA 1 77
78 1 0.82449871662392271 0.29869494766534066 -0.47953292568740091 -0.03211491408030881 -0.34635443964369667 -3.0167065014564693 6.2655230430770432 1 CAMERA 1 78
79 1 0.84271792032896076 0.27974319677000137 -0.45966515739972119 -0.016679139366916354 -0.013072274239104856 -2.661897491478336 6.4298373134834934 1 CAMERA 1 79
80 1 0.86952402647445881 0.25511453434124476 -0.42265972655741746 -0.01425823614280267 0.56615143749879149 -2.2818650110455532 6.5448992334032852 1 CAMERA 1 80
81 1 0.88923844768402227 0.25182474769887897 -0.38188763686334898 0.0010547122039257356 1.1968926474783663 -2.0553877191901337 6.5277767491957128 1 CAMERA 1 81
82 1 0.90271543738626892 0.24901826533153046 -0.35040126517853531 0.017711465130660242 1.6671277265279709 -1.8261922370076162 6.4854386929355838 1 CAMERA 1 82
83 1 0.91059642440066157 0.24834271426246107 -0.32771331385131885 0.041761609955447476 1.9888790634552622 -1.5730013274472885 6.4536041896995648 1 CAMERA 1 83
84 1 0.91361134012903211 0.24565077323855081 -0.31906304413368253 0.056292012427022413 2.1028794078569342 -1.4019866282391615 6.4499437511237838 1 CAMERA 1 84
85 1 0.9158997612683446 0.23941357598830071 -0.31671738072506056 0.059151227271635735 2.1320275552596333 -1.3013162141029542 6.45401313495171 1 CAMERA 1 85
86 1 0.91804931590514349 0.21743105315202535 -0.32452968211956912 0.067747148387741526 2.0030914332641645 -1.0063704961661553 6.5404058679595458 1 CAMERA 1 86
87 1 0.92471147915038276 0.20273180940883395 -0.3173402889078985 0.055710275687551512 2.1140917842168045 -0.91500673970441937 6.5153056506829747 1 CAMERA 1 87
88 1 0.93070345944904531 0.18471550199669648 -0.31178483435366966 0.049613213549845894 2.1918549331840524 -0.75138473532896422 6.5075457992195549 1 CAMERA 1 88
89 1 0.92328229567692022 0.19417705307207578 -0.32912983270732837 0.038969574950805545 1.9626307790810174 -0.98646073135864742 6.5428287825915197 1 CAMERA 1 89
90 1 0.92167226523111556 0.18104865410492157 -0.34121842874517305 0.036216077026863934 1.7888893223839633 -0.88679043582443262 6.5952468006025953 1 CAMERA 1 90
91 1 0.92468086592876364 0.17399548872935133 -0.33645133727977017 0.038618178746808764 1.8509325749531924 -0.77504235103501451 6.5721253393810297 1 CAMERA 1 91
92 1 0.92020855092060028 0.18616776548783531 -0.3426508099802667 0.033885222822675864 1.768795812848045 -0.9552132324943905 6.5450735605882695 1 CAMERA 1 92
93 1 0.91625722591286196 0.19451967139809415 -0.3485782207708692 0.033585970372452742 1.685196620511185 -1.0565835306160218 6.5285139876310812 1 CAMERA 1 93
94 1 0.91794496239397416 0.18695620953004577 -0.34832449663830778 0.033082726238212991 1.6871708061900141 -0.96653383751862709 6.52327847228121 1 CAMERA 1 94
95 1 0.91890588671547357 0.18113491193506323 -0.34757771106034124 0.044630144655602291 1.685284264028384 -0.8051020108852226 6.5302366139718133 1 CAMERA 1 95
96 1 0.92060962019166659 0.17050053756124811 -0.34712978656548632 0.053929631751762686 1.6762575043268841 -0.60808416838955481 6.5407999572683835 1 CAMERA 1 96
97 1 0.9240547795941938 0.16335499283442204 -0.34193639283500377 0.050173836610108928 1.7515003838554126 -0.54110405932972439 6.515498325337659 1 CAMERA 1 97
98 1 0.92676220790051422 0.15473487022512677 -0.33935284006353866 0.044817182916683553 1.7924640745027163 -0.47923398869111611 6.4998849638024812 1 CAMERA 1 98
99 1 0.92662715364002701 0.15467754939253472 -0.3399879221971584 0.042955635380712114 1.7851397504615838 -0.49396156149031883 6.4914610074261825 1 CAMERA 1 99
100 1 0.92538253293302752 0.14430425378653064 -0.34756214119033069 0.045210707722391177 1.6742112194311949 -0.3759520122071926 6.51779664396713 1 CAMERA 1 100
101 1 0.92924648918313857 0.12245759840771099 -0.34377735830557171 0.057638761692713446 1.7012550342951698 -0.032149130978775198 6.503956404488938 1 CAMERA 1 101
102 1 0.92789570617275519 0.11540569634764083 -0.35055441844182927 0.052940376156492726 1.613329223345261 0.0017701399887034334 6.5034214584276748 1 CAMERA 1 102
103 1 0.92452568952685488 0.12227380802804813 -0.35736407043899032 0.05091450122008459 1.5208957107246082 -0.099151618769605668 6.503692636648271 1 CAMERA 1 103
104 1 0.92315020594984387 0.12563711238077208 -0.35997264381967231 0.049281933290584543 1.4856618643747386 -0.15283796718711803 6.4928047801642155 1 CAMERA 1 104
105 1 0.92034677188061775 0.12507494166885874 -0.36780666901982095 0.04512574298559266 1.3810522607614117 -0.19027015045035472 6.4987116254735291 1 CAMERA 1 105
106 1 0.91834700772538169 0.12460981338911124 -0.37320280039558718 0.042788287951964425 1.3070155805006916 -0.20994388063946992 6.499038311693293 1 CAMERA 1 106
107 1 0.91527156509876606 0.12086469869665194 -0.38162674892651971 0.045063413479206893 1.1837318467502604 -0.16463867176243005 6.5111666334255007 1 CAMERA 1 107
108 1 0.91387818719904701 0.1214484904568324 -0.38506468717604497 0.042451264027765341 1.1377782358246753 -0.19516560168736882 6.5067112095118071 1 CAMERA 1 108
109 1 0.91169971448094766 0.12464814608835316 -0.38973144589592795 0.037092726672010599 1.0789765697640366 -0.2765063251335057 6.5043066854258642 1 CAMERA 1 109
110 1 0.90975352882091209 0.13129211198733917 -0.39280739244517165 0.02851754842595686 1.0456838941930615 -0.41761987591370708 6.494997569915312 1 CAMERA 1 110
111 1 0.91111803360261112 0.12234802122730853 -0.3922944406829067 0.031622181378879004 1.049003197673436 -0.29832016791787475 6.492063193326354 1 CAMERA 1 111
112 1 0.91124999175062282 0.10602797652424466 -0.39671718658675276 0.031575221224180834 0.98615299451056715 -0.12252429876432662 6.491384639502539 1 CAMERA 1 112
113 1 0.91465805889910745 0.076683781924851105 -0.39606075194765655 0.02561471544397316 1.0070766873476951 0.16636277683342426 6.4621092630334314 1 CAMERA 1 113
114 1 0.91226982019523783 0.082051620688702087 -0.39978991345948134 0.034631370162991698 0.93807807856478165 0.16954749792838184 6.4483701080671834 1 CAMERA 1 114
115 1 0.90926114942577707 0.091336772380000125 -0.40483964054113852 0.03172730058861839 0.87033314468069922 0.045346248922884212 6.4386013533857689 1 CAMERA 1 115
116 1 0.90711757102845691 0.088359578579721806 -0.4102895630453538 0.031508279240531394 0.79295737986050263 0.074855587665765833 6.4299402631434548 1 CAMERA 1 116
117 1 0.903842083523549 0.10062542039986175 -0.41420966409856158 0.037072455927791251 0.72590816427869786 -0.027630294795430221 6.4221901410315061 1 CAMERA 1 117
118 1 0.90284283248052433 0.11021946649586103 -0.41388937412624416 0.037710410091880434 0.72800727123008246 -0.12886022483903695 6.4063290076989672 1 CAMERA 1 118
119 1 0.90352938516766901 0.11412960579733136 -0.41166718675190728 0.033752193570935944 0.76456431937318747 -0.19232737879571568 6.3872864368767566 1 CAMERA 1 119
120 1 0.90425108076655747 0.1170537153216871 -0.40904883744735959 0.036158805910399973 0.79747978043140921 -0.20125035863343385 6.3710604843480816 1 CAMERA 1 120
121 1 0.9043987849403593 0.11153576875743139 -0.40990863194386956 0.039969032312479599 0.77903803553902284 -0.11348890776097774 6.364724338879757 1 CAMERA 1 121
122 1 0.90215541357326834 0.11644174731495115 -0.41324801957198037 0.042225626845820555 0.72774744121993806 -0.15602438934077958 6.3609337606014504 1 CAMERA 1 122
123 1 0.90211455671179164 0.11722697305160064 -0.41408628962506255 0.031300289174318256 0.73029235604204168 -0.23778337492198107 6.3504659522918558 1 CAMERA 1 123
124 1 0.90309551432173807 0.11444610304378609 -0.41212303427504365 0.038408151868811323 0.74755251440424408 -0.15917367846849531 6.3428780272276999 1 CAMERA 1 124
125 1 0.90493065085172886 0.093913023963073314 -0.41264781005900131 0.044750932199095386 0.73120207525144854 0.10448644137468556 6.3318761621177453 1 CAMERA 1 125
126 1 0.90905716475035625 0.08097085810608344 -0.40563852522498978 0.050161521178125917 0.81761203998260823 0.28709186560050792 6.290056389476403 1 CAMERA 1 126
127 1 0.90340975949256719 0.10544797231145471 -0.41283615422951425 0.047935804467740775 0.72046221789491993 -0.0025036414595178136 6.2816958203003743 1 CAMERA 1 127
128 1 0.9023563586379082 0.117004603577849 -0.41305716070014514 0.038035598610510056 0.73192240968574285 -0.19144093906855561 6.254033070081098 1 CAMERA 1 128
129 1 0.90308112380840089 0.11690225391297769 -0.41214162782065578 0.030292333491518088 0.7542684503349133 -0.23916458358987475 6.2293634476892086 1 CAMERA 1 129
130 1 0.901435780438814 0.11887975184640401 -0.4155874595170499 0.023836984661831172 0.71324418924661226 -0.30603322654909715 6.2128721807404883 1 CAMERA 1 130
131 1 0.90015938118215233 0.12133672535557134 -0.41764287182273213 0.023768028218853345 0.68305976962812931 -0.33547948410914896 6.1985877053491443 1 CAMERA 1 131
132 1 0.89880456065352876 0.1250925760076835 -0.41948714709915375 0.023081217359406721 0.65716547166648476 -0.38224190598561347 6.1840365425977568 1 CAMERA 1 132
133 1 0.89626211045656723 0.12587198026249499 -0.42428716694313162 0.02916974309296267 0.58430022513349378 -0.35708112325876468 6.1794799058215171 1 CAMERA 1 133
134 1 0.89415466286421408 0.12822576322052839 -0.42764141394777616 0.034182065494105289 0.53155046270645312 -0.35452145810256996 6.1717243854206592 1 CAMERA 1 134
135 1 0.89421115375282534 0.12512397953570106 -0.42818572494790785 0.037247646905879693 0.51999792067051043 -0.30218063087879132 6.1635262800395578 1 CAMERA 1 135
136 1 0.89143331074643373 0.1300662272728785 -0.43268905837383381 0.034779416013169633 0.46094614621718621 -0.37663202605164442 6.1525472481353916 1 CAMERA 1 136
137 1 0.89038362843012886 0.12702159625757287 -0.43574985826551904 0.034706906075832322 0.41872389820381006 -0.34712223507751205 6.1467574920391197 1 CAMERA 1 137
138 1 0.8905617835908235 0.12746959128883531 -0.43531309671181911 0.03396646486396835 0.42535382413198458 -0.35503158601951962 6.136342082031339 1 CAMERA 1 138
139 1 0.88995709703306991 0.13107500032283037 -0.43608063249656476 0.025087680088785105 0.424457934309382 -0.45008916854350878 6.1226721657496475 1 CAMERA 1 139
140 1 0.88931301197989943 0.13366502506017003 -0.43668494103953259 0.023712656287383827 0.4171841702450963 -0.4898982237598663 6.1130182364005021 1 CAMERA 1 140
141 1 0.89071460845023254 0.12219236606446041 -0.43697942999037792 0.027303657890514223 0.41030857549571575 -0.34545373783612554 6.1099391426691883 1 CAMERA 1 141
142 1 0.89566483430691646 0.11770749289767445 -0.42781966169119334 0.029996462660468678 0.53127967643598117 -0.26855243364869824 6.0790698441556081 1 CAMERA 1 142
143 1 0.89552167319832476 0.13705271769617064 -0.42169991274162683 0.037771272124076473 0.60261071824334445 -0.41310719268700524 6.0359308506043376 1 CAMERA 1 143
144 1 0.89405635197929378 0.14375632875463895 -0.42277737572199892 0.035449231389202612 0.59131773091011175 -0.49426443325277625 6.0061462218600381 1 CAMERA 1 144
145 1 0.89595210685269588 0.14451193723797517 -0.41933676434017003 0.023298074913171249 0.64825888846794222 -0.56772094927067118 5.971979629871476 1 CAMERA 1 145
146 1 0.89680958183629245 0.14170417451952011 -0.41877996619238611 0.016608454661996105 0.66017475964970451 -0.57407054454242079 5.9502022699901138 1 CAMERA 1 146
147 1 0.89381336445203496 0.14594726583651654 -0.42362561905864921 0.018395651631708622 0.59196692639247073 -0.60857327802211969 5.93625706839161 1 CAMERA 1 147
148 1 0.89122036504554958 0.14874847265825317 -0.42807590206383289 0.018739660673287854 0.53026283624078718 -0.63774093376394703 5.922897453328785 1 CAMERA 1 148
149 1 0.89201863479524435 0.14335584549075103 -0.42833413269917298 0.016784740287174988 0.52699058936623788 -0.59106211483720339 5.9131775129595594 1 CAMERA 1 149
150 1 0.89197295437108637 0.14559044470651267 -0.42754124539491578 0.019903632001231249 0.53339670490347757 -0.59222593893551012 5.897985686736857 1 CAMERA 1 150
151 1 0.89164571874847387 0.14307920217072806 -0.42891429777314344 0.022995201879451276 0.51162643017230724 -0.54443528038950273 5.8903176204296797 1 CAMERA 1 151
152 1 0.89066451842640892 0.13784406374626512 -0.43259382945795549 0.024048044017551323 0.46119698777449686 -0.48451924977814664 5.8870018710629548 1 CAMERA 1 152
153 1 0.89152297773547728 0.12953859471440293 -0.43361732024676281 0.0195589424842324 0.45101024854259919 -0.42397554403182525 5.8806608823806421 1 CAMERA 1 153
154 1 0.88946383629490411 0.12924700800536532 -0.43797196619513812 0.018161819082289653 0.39338661392760033 -0.43324364727457737 5.8728220224601309 1 CAMERA 1 154
155 1 0.89211907171197047 0.12729260436355469 -0.43290522023070083 0.022654471062558551 0.45541385984887789 -0.38155329372346447 5.861339483883472 1 CAMERA 1 155
156 1 0.89371916185062117 0.11907257077360939 -0.43205209414720325 0.020463884611761404 0.47027697352158687 -0.30974491645791968 5.8552766052894754 1 CAMERA 1 156
157 1 0.89539043173884159 0.11686325304020939 -0.42863525698568622 0.029845792135671088 0.50573167813404052 -0.23125481379358395 5.8490422585991579 1 CAMERA 1 157
158 1 0.8978915336760368 0.11156780443772737 -0.42466841615813211 0.031625228593371697 0.55649248571992049 -0.16545348387193903 5.8376289180639125 1 CAMERA 1 158
159 1 0.90263097170563378 0.091055443019419383 -0.41917254572831142 0.035505099942504011 0.62397577863167064 0.067301027051818674 5.8169902838157643 1 CAMERA 1 159
160 1 0.90544943954762958 0.090990626263058288 -0.41329747580364118 0.0326682544602349 0.70095738956938103 0.055829391334440266 5.7849743731830054 1 CAMERA 1 160
161 1 0.90225823463753507 0.091179518696387366 -0.42031796053039966 0.030808853510302808 0.6128503097778083 0.036778025707792907 5.7740042262771372 1 CAMERA 1 161
162 1 0.90129075028404193 0.097450975709412621 -0.42108395701462148 0.029437933531768823 0.60240809135078532 -0.033071819112890734 5.7569678997430849 1 CAMERA 1 162
163 1 0.899836999042679 0.099030997925166495 -0.42384573593754293 0.02900049536428825 0.56689413943836642 -0.053748203838931446 5.7440540476009838 1 CAMERA 1 163
164 1 0.89834424227897136 0.10790772862635911 -0.42487093371111773 0.02860479250692111 0.5514507343683398 -0.14624916743873898 5.7287197446220013 1 CAMERA 1 164
165 1 0.89585067017790343 0.11496537830949895 -0.42823978171916705 0.029072803185715323 0.50584645438800002 -0.21685396634888876 5.7168809435445196 1 CAMERA 1 165
166 1 0.89541221428314011 0.11600084631865402 -0.42895002884738598 0.027975755892322707 0.49678251187180761 -0.23245139346723032 5.7047675399778415 1 CAMERA 1 166
167 1 0.8956679370804711 0.1167846534529092 -0.42816797793688571 0.028503927331786996 0.50529169672109464 -0.2336136290746629 5.6929787304048514 1 CAMERA 1 167
168 1 0.89431180890778261 0.1161000947137738 -0.43104751988389006 0.030416969893298 0.46611076127139028 -0.21501984980174937 5.6867994951506029 1 CAMERA 1 168
169 1 0.89301570716310419 0.11755423467372508 -0.43332520332442226 0.030548597907333538 0.43582460491352731 -0.22660239735286114 5.6796907305338777 1 CAMERA 1 169
170 1 0.89516443339967888 0.10653442002151234 -0.43129720305483316 0.036246064117225932 0.45486507551556671 -0.079659609494556624 5.6754278382291101 1 CAMERA 1 170
171 1 0.89531681940322261 0.088908641111996381 -0.4340021363289232 0.046316218447174505 0.40762527586790631 0.15083162180526097 5.6683853646403026 1 CAMERA 1 171
172 1 0.90081272527181744 0.064338108845429121 -0.42618035086138389 0.052605610710478694 0.49627324458377337 0.43954431636192931 5.6282927365751521 1 CAMERA 1 172
173 1 0.90119643566896279 0.060905672953349019 -0.4259347590183038 0.052106279848751373 0.49844062241746367 0.4740517198085667 5.6041802714415105 1 CAMERA 1 173
174 1 0.89821605727092957 0.065585219503892164 -0.43075790628012001 0.057914761680074894 0.42473664608898465 0.45916355062126724 5.5928855683001855 1 CAMERA 1 174
175 1 0.89652884066242944 0.06351403897332529 -0.43451291031650136 0.058314110488451761 0.3755462205637527 0.47910705271085013 5.5783656610227812 1 CAMERA 1 175
176 1 0.8969207431099907 0.06319107653384208 -0.43421484633736857 0.054749754754990797 0.38469943856184141 0.46311779778701806 5.5639529124633986 1 CAMERA 1 176
177 1 0.89431027169973643 0.067577912913657431 -0.43878099286299971 0.055799676708186113 0.32513700384722788 0.42057399735045081 5.5576765562868289 1 CAMERA 1 177
178 1 0.89255463255752565 0.068440476020626292 -0.44136677335671948 0.06210877972435748 0.28005127686088005 0.44139900871940735 5.5449838800910713 1 CAMERA 1 178
179 1 0.89402374929611972 0.071389563276276255 -0.43850543387705399 0.057775863559343943 0.32239782295632113 0.39107629108960779 5.5309588556462019 1 CAMERA 1 179
180 1 0.89130516635319967 0.0757238020929073 -0.44412283743444908 0.050950088300839531 0.26440699963913666 0.30490977567390937 5.5242598888378129 1 CAMERA 1 180
181 1 0.88954498487187172 0.07545920489234223 -0.4481094395058991 0.047048469815988342 0.21991288363030079 0.2813925658529926 5.5140774766066034 1 CAMERA 1 181
182 1 0.88901534889862543 0.076104358435628502 -0.44948869673933978 0.042658499192148751 0.20832938819250948 0.2491224672669487 5.5038465839314101 1 CAMERA 1 182
183 1 0.88731357381892095 0.08446732977672701 -0.45187531518153456 0.036723173156371539 0.18559659982311991 0.13284916096456162 5.4982659277274299 1 CAMERA 1 183
184 1 0.88727302862295188 0.087295601054767344 -0.45151666244704125 0.035478926807696258 0.19085604679242682 0.097231136426785714 5.4908750211252055 1 CAMERA 1 184
185 1 0.88572382356623591 0.083442719512412167 -0.45438533349423627 0.045437755588409331 0.14112926454108701 0.18214913060792734 5.4821314414273887 1 CAMERA 1 185
186 1 0.88622319304654829 0.068275804881853447 -0.4546365166550253 0.05703073117101265 0.1187962000261918 0.38756991221494647 5.4557447860932342 1 CAMERA 1 186
187 1 0.88839905384624329 0.057701060368918304 -0.45188773169382346 0.056702616359504972 0.15186972212807817 0.48971630413147516 5.4213212855760879 1 CAMERA 1 187
188 1 0.88728645400239603 0.064640624476293138 -0.45457678562911163 0.04363810465949948 0.1386537508860323 0.35514857854333975 5.4076020301473724 1 CAMERA 1 188
189 1 0.88406471062523462 0.067090453845616529 -0.46037234541822092 0.044561889592293735 0.063494140334892507 0.33355364387170167 5.3893074242426504 1 CAMERA 1 189
190 1 0.88159473527536747 0.067701768631086581 -0.46444909798313622 0.049942253069209123 0.0034087912107285357 0.35261438421357849 5.3699307390777449 1 CAMERA 1 190
191 1 0.87977782543167027 0.072008726294969697 -0.46727447161272223 0.049601304369429874 -0.033127305244593674 0.30789743344655413 5.3564502484363956 1 CAMERA 1 191
192 1 0.8755392998062016 0.073637110046899767 -0.47516479227070002 0.047190366656231351 -0.1270197384636251 0.27366833673137542 5.3425205339738051 1 CAMERA 1 192
193 1 0.87584290585871716 0.075345053422171404 -0.47449087168361787 0.045615127651791793 -0.11809218902898441 0.25162129059205063 5.3305884392600973 1 CAMERA 1 193
194 1 0.88076490808992935 0.064490499600081366 -0.46662164340648904 0.04856329934526437 -0.025577918253397211 0.3780777525036908 5.3119266162030421 1 CAMERA 1 194
195 1 0.88261994695772805 0.067775916253114951 -0.46229207368634123 0.05171550072435227 0.019629663431849069 0.36863372256286747 5.297210012190507 1 CAMERA 1 195
196 1 0.88559883008621787 0.070985138291233221 -0.45587342747204468 0.0534344497172662 0.092430780737645643 0.35589335526552501 5.2802718057454578 1 CAMERA 1 196
197 1 0.8853734364782645 0.068929868239992115 -0.45585504531827559 0.059655082775560433 0.08089925346750293 0.40824525541668 5.2616990070691898 1 CAMERA 1 197
198 1 0.88961421318114309 0.065832766028538575 -0.44789551815238221 0.060350670602212567 0.17295073767368963 0.45104138250664749 5.2432752082083054 1 CAMERA 1 198
199 1 0.89955642964549354 0.056741056377080934 -0.42749902082591656 0.069449763120890698 0.39407022169518924 0.60135513265341234 5.2032170809493739 1 CAMERA 1 199
200 1 0.90243629124022262 0.047096175247854602 -0.4225200715359641 0.06976732529529317 0.45201376222063766 0.69549879358760247 5.1739578953985745 1 CAMERA 1 200
201 1 0.89990747092546697 0.052162679482683535 -0.42772310235494021 0.067071203609164048 0.39677842049383932 0.6291921592091867 5.1753413510832615 1 CAMERA 1 201
202 1 0.89939243047781414 0.066383270631299979 -0.42822762805736531 0.057511876580969602 0.40596615807747871 0.44462856562123687 5.1820230825479436 1 CAMERA 1 202
203 1 0.90171171975263986 0.069010113585717639 -0.4233765401294407 0.053906251508030335 0.46634897311067702 0.40037560684565032 5.1668903104527306 1 CAMERA 1 203
204 1 0.90550126183365487 0.046343925527548104 -0.41770370082454444 0.058679840676635564 0.52561610777785606 0.62757845026704551 5.1169400323729688 1 CAMERA 1 204
205 1 0.90985721757369553 0.049859141484873665 -0.4087345268007862 0.051088122302368699 0.63922767558394678 0.56190050276015557 5.0843642480644915 1 CAMERA 1 205
206 1 0.91022574557047042 0.063709818695855319 -0.40513335022394648 0.057420550665625875 0.66442140434109798 0.47681039032109668 5.0637228731745392 1 CAMERA 1 206
207 1 0.91013800898187858 0.078320977081885776 -0.40341263115250081 0.052658125508387645 0.68935555594147668 0.32539214914793313 5.0488532653726459 1 CAMERA 1 207
208 1 0.91239823703128387 0.084050992096383212 -0.39821909601016003 0.043433159713172007 0.75897867574904476 0.23034918876978855 5.0232028199350989 1 CAMERA 1 208
209 1 0.91069030449733135 0.092323896790607346 -0.40035784199333369 0.042814316885783243 0.73348399453208302 0.15360641489912075 5.010912597617093 1 CAMERA 1 209
210 1 0.91163835178698527 0.096067576103397154 -0.39720752511462992 0.04373463575974626 0.76402950426847605 0.13042948728203746 4.9892872394566306 1 CAMERA 1 210
211 1 0.91482313676706206 0.09657687720456086 -0.3895309564595909 0.045135010632156136 0.84437668747216854 0.1423186965554229 4.959370734540669 1 CAMERA 1 211
212 1 0.91722300686537239 0.099146300204786861 -0.38353688242400646 0.042088319674478424 0.91246113031847342 0.11108579239901087 4.9325849892057558 1 CAMERA 1 212
213 1 0.91558801161637293 0.096022336937565539 -0.38831396298073528 0.041116541046412068 0.8608539249107936 0.12820526709805682 4.9271877471114607 1 CAMERA 1 213
214 1 0.91343903579611674 0.094186411413325774 -0.39254350136737459 0.051649272242523664 0.79843893580914038 0.19601695906705452 4.9227370201192908 1 CAMERA 1 214
215 1 0.90953845019396673 0.097699541624364103 -0.40088396734000498 0.049866340500223365 0.71089305623450294 0.14760890692192671 4.9272237829913976 1 CAMERA 1 215
216 1 0.90050651873450016 0.081570300223111805 -0.4232042513217914 0.057727441493147902 0.46000251153214067 0.30239197540205304 4.9418789452965699 1 CAMERA 1 216
217 1 0.89403866224265038 0.099911630542162705 -0.43439490754159749 0.044873163468886958 0.35847430644882727 0.068801458117862327 4.945412336122029 1 CAMERA 1 217
218 1 0.88207015316463544 0.10657861439299739 -0.45005730811716654 0.089675321357188989 0.11668552840831671 0.20371382740259555 4.9344588969906198 1 CAMERA 1 218
219 1 0.8759944007930609 0.11177767336980071 -0.45568790831512407 0.11175013078572923 0.013563276255824434 0.24839896719943952 4.9162303197995803 1 CAMERA 1 219
220 1 0.87440816724043735 0.11294080910178939 -0.46189227259333265 0.096489684532695727 -0.021608742497304136 0.16122301789268051 4.9039645516675447 1 CAMERA 1 220
221 1 0.87305728085610501 0.11026183138009971 -0.46521168358220327 0.095871801607473842 -0.054627110854362892 0.17724660984306545 4.8891831329077275 1 CAMERA 1 221
222 1 0.86231725393038117 0.12306775720269002 -0.47634430991011378 0.11983062683355995 -0.21731250781005518 0.14567819987515374 4.8724230302560541 1 CAMERA 1 222
223 1 0.84208744945660619 0.13850899689205243 -0.51023922486822104 0.1065829191451536 -0.55681093319977659 -0.10698094567953513 4.8388127586396603 1 CAMERA 1 223
224 1 0.85022885155563666 0.10542746518972564 -0.50991597972149827 0.077341083459677884 -0.50201914694384686 0.071896674588975085 4.8413911087416706 1 CAMERA 1 224
225 1 0.86334468690710064 0.14418430619578051 -0.4832412197362515 0.018021126045325915 -0.13398646135923536 -0.49014313044940999 4.8315409392708855 1 CAMERA 1 225
226 1 0.8731250098981197 0.14165751804574678 -0.46605221090745891 -0.019524379114245916 0.077420677958996501 -0.62474872765974498 4.8095872346187942 1 CAMERA 1 226
227 1 0.874151999596398 0.16247854148682456 -0.4531368419804116 -0.064234006553794437 0.2031710384650243 -0.99990059839169909 4.7308061492163453 1 CAMERA 1 227
228 1 0.86784582903191543 0.12171590172782691 -0.48012342675161723 0.03886323947863804 -0.1088647552969354 -0.18501649262010614 4.8226978726848451 1 CAMERA 1 228
229 1 0.84911902587262988 0.11888533495852337 -0.5071428545485589 0.08757443755602988 -0.4729742381135113 0.0091099949228446529 4.7930425102172123 1 CAMERA 1 229
230 1 0.84936497058432359 0.10292335390140091 -0.51433638213715827 0.058685739119800864 -0.50827110885676374 0.024853685665028515 4.7804567450823452 1 CAMERA 1 230
231 1 0.85616019866822446 0.11119235936353489 -0.502517179262019 0.045852567889932555 -0.35660716389584002 -0.084214900467364365 4.7858767314131248 1 CAMERA 1 231
232 1 0.86761350824207339 0.12998214498759175 -0.47483329023052101 0.069891264040395404 -0.078123657730977181 -0.11254935488515573 4.7891814424351127 1 CAMERA 1 232
233 1 0.87765236722447215 0.13353599005854258 -0.45298423558099976 0.081851963809444664 0.14580241164657753 -0.059203759886628432 4.780427274608118 1 CAMERA 1 233
234 1 0.88514637336085311 0.12530976131975774 -0.4340634812222115 0.11136541524804426 0.29372532307945998 0.17390053784188722 4.7622221160260931 1 CAMERA 1 234
235 1 0.89723356260940645 0.12161073512969127 -0.41375933020109962 0.094794408590306578 0.53481519814461176 0.16155025383377358 4.7272571049103682 1 CAMERA 1 235
236 1 0.91247210257035705 0.084376702888597777 -0.39776940178828157 0.045329207377515592 0.7743195304377547 0.2357270358332349 4.676913217565712 1 CAMERA 1 236
237 1 0.93295346519461664 0.021580406336112894 -0.35932092098172713 0.0045380159287122185 1.2225289878352374 0.52746049319083166 4.5486937351384586 1 CAMERA 1 237
238 1 0.92961531703579225 0.01328975340877727 -0.3672788981518641 -0.027293877685846422 1.1728726441050064 0.4128478613119792 4.5683763339752179 1 CAMERA 1 238
239 1 0.91754984162579312 0.02491930493416741 -0.39351642847762724 -0.051245847561462152 0.91128152919940542 0.19541331663825914 4.6402653198468959 1 CAMERA 1 239
240 1 0.92302204395617693 0.0048996028167942029 -0.38012599120756202 -0.059249734781411975 1.0571626639415606 0.2974041955097696 4.5993879319483639 1 CAMERA 1 240
241 1 0.91753730150361223 0.027024488718311417 -0.39043078845154272 -0.070418582690154358 0.93650830603099366 0.066542550219900576 4.6265281872045962 1 CAMERA 1 241
242 1 0.91715635621695535 0.016808301898433225 -0.38557043607769226 -0.099383791741847138 0.9948205174210184 -0.015741952922808226 4.6025009192055713 1 CAMERA 1 242
243 1 0.91944474006654464 0.0081321687363892625 -0.36910400634781282 -0.13534204924413093 1.1506583536008816 -0.16595820216587076 4.5499377946024699 1 CAMERA 1 243
244 1 0.93105309143989923 0.004626116117791252 -0.33566216225079948 -0.14300228250971911 1.4679107737056851 -0.22020123081389131 4.4438884689883116 1 CAMERA 1 244
245 1 0.94211410340776414 0.014465365870490564 -0.30953059695921104 -0.12807255325202291 1.7090176871274467 -0.22886951545448303 4.3459668890913283 1 CAMERA 1 245
246 1 0.95118227866812655 0.021480502542548515 -0.28782857300677689 -0.10929580650286845 1.9090139549821055 -0.18247536794284494 4.255496535322087 1 CAMERA 1 246
247 1 0.95609062583738735 0.028740793102124292 -0.27343061278094205 -0.10149079757284674 2.0334625446500487 -0.19678747163662083 4.1897137854492748 1 CAMERA 1 247
248 1 0.95847859650122502 0.039963076557259537 -0.26131184099351273 -0.10694790469056364 2.124360888050139 -0.31601205411974631 4.1262462419755019 1 CAMERA 1 248
249 1 0.95684481800670895 0.030450892516133331 -0.25958688627116566 -0.12702513875103658 2.1296412939393257 -0.37665251264268457 4.1013512918646278 1 CAMERA 1 249
250 1 0.95909581244286657 0.02775591389885013 -0.25199797952703351 -0.12594383713580509 2.1913550345610502 -0.35461770747461646 4.054903379927735 1 CAMERA 1 250
251 1 0.96053764486177828 0.044699389796482775 -0.25697793351712794 -0.096600926706099946 2.1499141186517461 -0.2792339529596144 4.0710842772486338 1 CAMERA 1 251
252 1 0.96148944124919522 0.084452025583087703 -0.25214010712310575 -0.069507381774691401 2.1721136245248389 -0.37616123029072723 4.0446968876512788 1 CAMERA 1 252
253 1 0.96048168070335727 0.075805335437829996 -0.26223409055472929 -0.054422182089165376 2.0886797891088644 -0.22034109203889984 4.0942094036851975 1 CAMERA 1 253
254 1 0.96066629921360369 0.064790213809075792 -0.26591017191680444 -0.047056032779961753 2.0568933760879413 -0.09731382038709023 4.1072433909600132 1 CAMERA 1 254
255 1 0.95635511649598814 0.07673266010106089 -0.28185891651622041 -0.0072485313037977299 1.8888406166228886 0.058581441734204612 4.1779787943572257 1 CAMERA 1 255
256 1 0.93721722777324479 0.09461960771847891 -0.33471325249465533 0.025259382507972317 1.3752148897904888 0.085650891857473474 4.3592724910154699 1 CAMERA 1 256
257 1 0.93181387934705995 0.084099169490662387 -0.35168944542274144 0.03106055256121747 1.210188462840762 0.1845313649558786 4.3798379584080838 1 CAMERA 1 257
258 1 0.92938151106593458 0.08339979636635593 -0.35818005066071618 0.031646992962006522 1.1468957710524137 0.1924265954056803 4.3709755015264742 1 CAMERA 1 258
259 1 0.92716210739459237 0.082328498747161361 -0.36325073419288156 0.040513565801957509 1.0861213700732026 0.24637938507423221 4.3616673275714337 1 CAMERA 1 259
260 1 0.92776974536639556 0.079439130215462075 -0.36312540334615417 0.032751574283950112 1.0945720488768012 0.22863329214374434 4.340619071215766 1 CAMERA 1 260
261 1 0.92924644401059631 0.075241990434343417 -0.36051890317469776 0.029424643121926376 1.1211986974803387 0.24450694342701404 4.3150582615690594 1 CAMERA 1 261
262 1 0.92680198852300055 0.085819471242011253 -0.36443814374528005 0.029290473008269584 1.0816549439556122 0.16452519348920092 4.3119808782672022 1 CAMERA 1 262
263 1 0.92500738775017088 0.089117589738647585 -0.36872978864875589 0.021394643484366586 1.047675003263302 0.096704336064200952 4.305629564602981 1 CAMERA 1 263
264 1 0.92311094870728916 0.076857422813646187 -0.3760081787797025 0.024020042171995392 0.97702705089355413 0.19277680911097295 4.3045368836787965 1 CAMERA 1 264
265 1 0.92159140297800735 0.077099694019138271 -0.37947629307898079 0.026882450227217441 0.9382480485120448 0.19997766911373097 4.2993979784589857 1 CAMERA 1 265
266 1 0.92253487881996754 0.063370303488763033 -0.37921692356715114 0.033288539719182456 0.93367630332605078 0.3275287791245749 4.2815666110482447 1 CAMERA 1 266
267 1 0.92309577802756848 0.064022438782505922 -0.37791291296587087 0.031259272762950908 0.94857793615419683 0.30858393461126876 4.2714759824691528 1 CAMERA 1 267
268 1 0.92612026643229317 0.06676190103108591 -0.37076068523776734 0.019509355604812189 1.0276672113431271 0.2255188801464077 4.2505129813582867 1 CAMERA 1 268
269 1 0.92429443980069925 0.056062974500018396 -0.37707988978136736 0.018641034472202143 0.9719689917165889 0.28605735481399031 4.2483264581680196 1 CAMERA 1 269
270 1 0.92464716701531025 0.042989401276303768 -0.37778635055530718 0.021377587388865749 0.96365587546737297 0.38546350863824574 4.2239654022154101 1 CAMERA 1 270
271 1 0.91898489482009371 0.039345614028638114 -0.39205218151102056 0.014620968560963838 0.8406970774666529 0.36901802976199344 4.2304688533219048 1 CAMERA 1 271
272 1 0.9141949090060586 0.04458079723591047 -0.40224650627288017 0.02140021159887812 0.73559265352772041 0.35732651368778162 4.2332765235937053 1 CAMERA 1 272
273 1 0.91456609150040913 0.04387113040206244 -0.40128594531670331 0.024774549162202692 0.73944330843653649 0.37679331777196673 4.2156144801254385 1 CAMERA 1 273
274 1 0.91670589446763806 0.034819260021894213 -0.3969199457359221 0.029874384626431664 0.77476157003071822 0.46490560348794602 4.1860593144333205 1 CAMERA 1 274
275 1 0.91727092356579154 0.018098464279507693 -0.39658234113157481 0.03176389576362855 0.77937016837700956 0.59002618344694424 4.1548486482479818 1 CAMERA 1 275
276 1 0.91350609115388592 0.023771567180306683 -0.40243572665234612 0.054653636039505821 0.69070373534852758 0.65252875467080496 4.1473950235015185 1 CAMERA 1 276
277 1 0.91191552087746208 0.039719827299354464 -0.39921107200286249 0.086388298353549955 0.66380340240317925 0.68429265475270118 4.1341224965849044 1 CAMERA 1 277
278 1 0.91067499684919251 0.03462240949530012 -0.40261933309696518 0.08584877105129636 0.63438566058170809 0.7124057742337111 4.1225596169968011 1 CAMERA 1 278
279 1 0.9058975466892828 0.038205441869127138 -0.41399563323573529 0.080607659534724901 0.53928738455765712 0.6525206831356789 4.1363182187112537 1 CAMERA 1 279
280 1 0.89359410361634684 0.033741850122498238 -0.43988096146400918 0.082799790301108483 0.29476527725416113 0.67064896824862219 4.1514307020037231 1 CAMERA 1 280
281 1 0.88461811785399425 0.025472468741488011 -0.45750616370332253 0.086545069611962552 0.12198162819194555 0.72870374148502537 4.1414753994514317 1 CAMERA 1 281
282 1 0.88429746222576577 0.034782319065644419 -0.45486614370396855 0.099523765470197548 0.12545322733538306 0.71145021532680575 4.1295977018524468 1 CAMERA 1 282
283 1 0.88976321387775992 0.031271052963821482 -0.43918785272647382 0.12023965441551582 0.23224071199464355 0.83005090960996686 4.0853016376900708 1 CAMERA 1 283
284 1 0.89257647099822413 0.041586607662344149 -0.43140137131113959 0.12438108503451328 0.29923301038518246 0.77887051253545025 4.075463239466373 1 CAMERA 1 284
285 1 0.88819180595704039 0.047966463484817153 -0.4386995787728003 0.12789532358963934 0.22860634508926919 0.73564415605291289 4.0741559992408725 1 CAMERA 1 285
286 1 0.88404693708186544 0.044863255326008482 -0.44820889213196319 0.12472806569318694 0.15047028513806426 0.72898568843199973 4.0667474916752369 1 CAMERA 1 286
287 1 0.87632154053685041 0.053814477387994678 -0.4611948837233833 0.12831149146492421 0.026157593243946221 0.65479863726069565 4.0729272489840866 1 CAMERA 1 287
288 1 0.8709642687603204 0.070852575124002212 -0.47131643595818423 0.11942349993520171 -0.045195256529760662 0.4760729911615707 4.0889116990281078 1 CAMERA 1 288
289 1 0.86907296165058834 0.084008342393567956 -0.47331454131271811 0.1167395850519065 -0.054761846921266899 0.3609932861961283 4.0879791948171604 1 CAMERA 1 289
290 1 0.8741104007177235 0.09047974913941341 -0.46495547781182267 0.10752128164019197 0.042292237730211145 0.28686926356446907 4.0747450619092547 1 CAMERA 1 290
291 1 0.87588066282662624 0.087993126996234891 -0.46469166711389975 0.09566571278529773 0.06768469703449996 0.25884049138501436 4.0540342724560512 1 CAMERA 1 291
292 1 0.87075611814879861 0.079194589825526338 -0.47594993318607637 0.094782175270310451 -0.031751556812410618 0.30471866228870925 4.0315437832943504 1 CAMERA 1 292
293 1 0.86560193762276938 0.083480526036995684 -0.48270433411013297 0.10373433948113292 -0.10527470890403225 0.29832928599574071 4.0148486890843467 1 CAMERA 1 293
294 1 0.862565334519384 0.086249819450721424 -0.48646393294078211 0.1090635332178795 -0.14680360997024888 0.29181474131914187 3.9994117149585233 1 CAMERA 1 294
295 1 0.86214831813907533 0.065966851494019499 -0.48776464533078029 0.12014284331273434 -0.18081314401220436 0.47004372884736922 3.9654844823503024 1 CAMERA 1 295
296 1 0.86567456054238456 0.058337277486859705 -0.48329972292374535 0.11672915277256829 -0.13438437782907919 0.51231067959503374 3.9490136106286506 1 CAMERA 1 296
297 1 0.86528543629404586 0.052329402303861301 -0.4832316507844725 0.1225965703927191 -0.14567610440949619 0.57153687893370209 3.9307376262617719 1 CAMERA 1 297
298 1 0.85840738489259938 0.064902393439184705 -0.49650235218443806 0.11139952945607247 -0.24143149062131156 0.42537879161234998 3.9362544331062583 1 CAMERA 1 298
299 1 0.85783242233463153 0.049110747316694528 -0.49696336251330886 0.12140463751010457 -0.26535884823452049 0.5678255234661137 3.908438614130413 1 CAMERA 1 299
300 1 0.85968527108666482 0.039604802638725324 -0.49274428880157572 0.1287468839934568 -0.24234937155652969 0.66063708410551336 3.8804084928282121 1 CAMERA 1 300
301 1 0.85815939644211836 0.039659664534298499 -0.49476531697482612 0.13113673179519955 -0.26460614405374849 0.66119355185647033 3.8556220459133956 1 CAMERA 1 301
302 1 0.85245611779251629 0.033181283395609142 -0.50696760686921283 0.12329401954529365 -0.35749424503054517 0.6628510517438071 3.8253643812940279 1 CAMERA 1 302
303 1 0.84914975964897021 0.021834452369243505 -0.51306099074937728 0.12343565995731783 -0.41307429062536183 0.73234908361461026 3.7888676509978549 1 CAMERA 1 303
304 1 0.84561600364956668 0.023664838886067661 -0.51850892339906685 0.12458750389895958 -0.46386147206143391 0.71756666623027088 3.7699581199090173 1 CAMERA 1 304
305 1 0.83628424857290218 0.019484098193045848 -0.53633795189956979 0.11220796254560136 -0.59759576139449511 0.68949259005596619 3.7419865360407836 1 CAMERA 1 305
306 1 0.8366297148255557 0.021666044095090708 -0.53717532896164399 0.10499508921434662 -0.59140506797191472 0.65114078519852192 3.7377536413067496 1 CAMERA 1 306
307 1 0.82985962617938602 0.014829797132876625 -0.54706992406269239 0.10875466031599462 -0.68470816012395441 0.69844244627196528 3.6996538987570218 1 CAMERA 1 307
308 1 0.82581906332463362 0.026700816774075539 -0.55122475971533014 0.11602243451160073 -0.73273507740481481 0.62948070355415331 3.6897064103492037 1 CAMERA 1 308
309 1 0.82990920665893431 0.042628578957474003 -0.54352669159014888 0.11837334365418618 -0.66625432863066636 0.53233340391702455 3.7034487879846223 1 CAMERA 1 309
310 1 0.83251401448270146 0.039709502817172115 -0.53845216430273413 0.12414845079021637 -0.63094971763949437 0.57472646712861597 3.6878293491605088 1 CAMERA 1 310
311 1 0.83202346961637685 0.024675376840669311 -0.53999136531001868 0.12464909616968389 -0.6451913267688838 0.67645873533826184 3.6531168119205177 1 CAMERA 1 311
312 1 0.82396825243302596 0.019876078985235628 -0.55132245164720539 0.12932445544580076 -0.75345538490433206 0.70688992744790335 3.6126886607985127 1 CAMERA 1 312
313 1 0.81603276277845205 0.017994159055265958 -0.56361016803740305 0.12692643064748413 -0.8561530655820021 0.69598310876791691 3.5793293354111482 1 CAMERA 1 313
314 1 0.81202876595215812 0.016916070159076878 -0.56896352931075178 0.12885508197522405 -0.90614076563421719 0.69939598011410742 3.5559973957291016 1 CAMERA 1 314
315 1 0.80654876821942567 0.025645046970308415 -0.57414971588608343 0.13846847943682905 -0.96832049938641251 0.65343648881742378 3.5396904875318951 1 CAMERA 1 315
316 1 0.81641271523723447 0.030501667372405773 -0.56265692301303205 0.12632146956070767 -0.84155619871003562 0.59947927593474781 3.5719167369307678 1 CAMERA 1 316
317 1 0.81661191019139789 0.042193891998141178 -0.56429277335736205 0.11374677818849399 -0.83168186821002754 0.4815127813478155 3.5758800220813098 1 CAMERA 1 317
318 1 0.81678418758893589 0.034184847614381314 -0.56285454871648211 0.12202353907106996 -0.83241981099288953 0.55456843952489376 3.5407932220879488 1 CAMERA 1 318
319 1 0.82047474519868147 0.036695878763915071 -0.55508198208157367 0.13175203277860498 -0.78175652538229667 0.56830249694124324 3.5267792164032206 1 CAMERA 1 319
320 1 0.81706330072519751 0.027543465791817434 -0.55957416155764117 0.13610906588939437 -0.82753231620792689 0.63157734333257642 3.4847034644835038 1 CAMERA 1 320
321 1 0.81261177728773049 0.024654444068442208 -0.56693685093015356 0.13280385859737956 -0.88394157641857829 0.63043617216825365 3.4532268109949635 1 CAMERA 1 321
322 1 0.80876641210099198 0.032426516137222423 -0.57117417119452552 0.1364018983326041 -0.92504131781315724 0.58004692054247131 3.4349512325772 1 CAMERA 1 322
323 1 0.80953012289520854 0.036501849065487611 -0.56948492802013684 0.13789674360900928 -0.91234211978621882 0.55620254720969164 3.4276488541328227 1 CAMERA 1 323
324 1 0.81083377888222441 0.030334665737127252 -0.56897846094403448 0.13376061475616347 -0.8999147928874095 0.58541959419308631 3.4119338554320788 1 CAMERA 1 324
325 1 0.81380115093731065 0.018584392544055379 -0.56562706945449126 0.13209210948122857 -0.86877254007715621 0.65871316718470074 3.392971593196251 1 CAMERA 1 325
326 1 0.81231509358706666 0.017391248649835669 -0.56733411074137774 0.13406617765240089 -0.88686452209902533 0.66574176753123571 3.37489424966649 1 CAMERA 1 326
327 1 0.81311280452062973 0.016735992230511986 -0.56674695633069938 0.13177769605872175 -0.87755411899502755 0.66113600941854211 3.3661924599685564 1 CAMERA 1 327
328 1 0.81636108531107276 0.010755991785506288 -0.56458641519356523 0.12116545221025998 -0.84009281095830224 0.67343288479295249 3.3617155313208951 1 CAMERA 1 328
329 1 0.81669299917240812 0.002724029108842911 -0.56613060198273046 0.11180906164914496 -0.83584654700000771 0.6981219182126458 3.3475950260344733 1 CAMERA 1 329
330 1 0.8121260336463082 0.0054337400498707901 -0.5749705497354094 0.099149618657596944 -0.88758723550106433 0.63806460170705337 3.3391539480540393 1 CAMERA 1 330
331 1 0.8135143892970842 0.00631100696678304 -0.57469208221123891 0.088789189890257136 -0.8690992902171828 0.60153122869568043 3.3446243051385638 1 CAMERA 1 331
332 1 0.81641341494443476 0.011583567442869964 -0.57069569012455412 0.087415022377859281 -0.83425701332942193 0.56023722372141382 3.3514039282759178 1 CAMERA 1 332
333 1 0.81450083817231667 -0.011021451918610405 -0.57197261418381817 0.096510314671171701 -0.85675457835556534 0.71731663999498818 3.2979743235672672 1 CAMERA 1 333
334 1 0.81937915777456583 -0.014557181152452593 -0.56517155783402528 0.094799760004965233 -0.79963380113863547 0.73342958925928903 3.283780508789516 1 CAMERA 1 334
335 1 0.81371530866827857 -0.011975742950997192 -0.57459599092341995 0.086967955215658255 -0.86529389214909636 0.68843271561248309 3.2529635083554256 1 CAMERA 1 335
336 1 0.81178451211845515 -0.0077537639472892708 -0.57704308689271522 0.089258393995061247 -0.89031370952572308 0.66108167437730858 3.2308146985040684 1 CAMERA 1 336
337 1 0.81437979731730981 -0.0042152733124591422 -0.57339088618244149 0.089390541083681732 -0.86210432357252453 0.63802617417794483 3.2242492498738478 1 CAMERA 1 337
338 1 0.81418915530598501 0.0012506722506758924 -0.57347044589291207 0.090697865953024509 -0.86592127502878957 0.60444041116712344 3.2134727540367742 1 CAMERA 1 338
339 1 0.81153577916358544 0.0082899583945804638 -0.57751367264614417 0.088424621197552719 -0.89670467731536518 0.55021856770160782 3.2005958063891704 1 CAMERA 1 339
340 1 0.80978325844487131 0.0022913293570640185 -0.57959905455898353 0.091163370421002143 -0.91763248300136757 0.59027024932528016 3.1743525714332752 1 CAMERA 1 340
341 1 0.80744680880553799 0.0047677501484226234 -0.5837224711447071 0.085293588205632001 -0.94329649499928259 0.55731558204183418 3.160020300198862 1 CAMERA 1 341
342 1 0.80821175802650469 0.013956903210355661 -0.58217511774506026 0.087584766478017398 -0.93618597981289109 0.50444815583508174 3.1599202712287431 1 CAMERA 1 342
343 1 0.81355606252937795 0.020769609656140442 -0.57470718723488545 0.086062799030664619 -0.87600664171739639 0.46253036210156201 3.1733093519438147 1 CAMERA 1 343
344 1 0.8140939525361458 0.024454100153090068 -0.57411163329102499 0.083957524675814438 -0.86852911336718974 0.43380657130659483 3.1699504558518701 1 CAMERA 1 344
345 1 0.81101850344552895 0.032098533764847545 -0.57786741049581847 0.085369356832406013 -0.90090837041895044 0.38473992367036103 3.1600911399571459 1 CAMERA 1 345
346 1 0.81223197081313514 0.038959043532363076 -0.57579734781373593 0.084963714412221586 -0.88552785362829289 0.33962732185847844 3.1624143505276905 1 CAMERA 1 346
347 1 0.81564885174430823 0.033380702907399869 -0.57201049881508081 0.080041667692032734 -0.84946646089827427 0.36284174373660227 3.1598420495217838 1 CAMERA 1 347
348 1 0.82137066601795805 0.017734495177087715 -0.56342558980904645 0.087105231957432264 -0.79054717546948849 0.47660082116049757 3.1449535509897664 1 CAMERA 1 348
349 1 0.82460942559820616 0.023010999525329145 -0.55842036023850927 0.087501373626562198 -0.752698310611012 0.44714869782106159 3.1396663882597644 1 CAMERA 1 349
350 1 0.82677549948850948 0.028673425609450544 -0.5548548532776344 0.088069290354811994 -0.72668842525251287 0.4148113461881997 3.1322983340205397 1 CAMERA 1 350
351 1 0.83287766186553691 0.008652450137937303 -0.54634582933232367 0.088012330063363994 -0.66165086628967917 0.53583963637569421 3.1123836239970601 1 CAMERA 1 351
352 1 0.83378523871782018 0.0031520470689079508 -0.54481413691157365 0.089273716831103703 -0.6518573957268442 0.56888480738021407 3.094796636998713 1 CAMERA 1 352
353 1 0.83593362595150278 0.001052931128423591 -0.54013285095920405 0.097315813999032247 -0.62867946851005319 0.59998268095329388 3.0809734327633196 1 CAMERA 1 353
354 1 0.83371495269423102 -0.0058034094102943114 -0.54361232656381742 0.096805663579907789 -0.65448381439227288 0.63264351941839569 3.0574145510864352 1 CAMERA 1 354
355 1 0.82823483620270844 -0.0043835591859447774 -0.5513314556245158 0.10020711825059439 -0.71877150489098884 0.62433364308369299 3.0344456621104809 1 CAMERA 1 355
356 1 0.82611455043074444 -0.0012159724341698397 -0.55264468396648259 0.11007781003106389 -0.74450309927703573 0.62500555524518819 3.0185579844974852 1 CAMERA 1 356
357 1 0.82593806492351285 -0.0030102042115600523 -0.55351210347684598 0.1069654284600639 -0.74654512312511934 0.62501486116998406 3.0088695161292232 1 CAMERA 1 357
358 1 0.82672438421516681 -0.0088772653098311803 -0.55406990644103993 0.097234384253150397 -0.7363982281157766 0.63450880653463471 3.0015490072685935 1 CAMERA 1 358
359 1 0.82632228527261975 -0.0011521580100066723 -0.55598704980289959 0.08982512925247349 -0.74125716757238347 0.56888361113164676 3.0074971153106538 1 CAMERA 1 359
360 1 0.82943705644263277 0.00067349149040106223 -0.55146021587981076 0.08902441300444229 -0.70722397266103432 0.55493639074429613 3.0131436851129014 1 CAMERA 1 360
361 1 0.82258839235386361 0.0034583580129865388 -0.56020477454405171 0.097503779940001589 -0.78288148442786953 0.54675344702142636 2.9896313662026479 1 CAMERA 1 361
362 1 0.83547801660958287 0.011249895103368998 -0.53985162866417202 0.10203010659075908 -0.64167584021832347 0.52316213292925917 3.0149676614595746 1 CAMERA 1 362
363 1 0.83913209516850584 0.0066480252261912273 -0.53488257504053072 0.098558416874038143 -0.60176946852408886 0.54234012250434305 3.0013878881509197 1 CAMERA 1 363
364 1 0.84657949721737968 0.02083356768097731 -0.52469208042075599 0.086990448283646965 -0.51524330943310026 0.44091517994564716 3.0150961519723984 1 CAMERA 1 364
365 1 0.84728565401465017 0.0096179762044793105 -0.52494699724022642 0.080281785749735948 -0.50907655958519571 0.48678690211692055 2.9929373349007959 1 CAMERA 1 365
366 1 0.84546610445257198 0.011823152399824167 -0.52848137856048016 0.075859816793460683 -0.53097779179600413 0.46249466299548797 2.9790422742285929 1 CAMERA 1 366
367 1 0.84335704767171127 0.01374967614400001 -0.53072822832436872 0.082990265742838659 -0.55654285202100295 0.46640268056406808 2.9616955203900743 1 CAMERA 1 367
368 1 0.84278983745985114 0.017944819206779993 -0.53159270736217368 0.082416423226127911 -0.56343406588372369 0.44081485567074291 2.9536465031235628 1 CAMERA 1 368
369 1 0.8411423195150427 0.01752932599213201 -0.53434721607731028 0.081519161683273805 -0.58307388261692084 0.43929482859807473 2.9400554558923004 1 CAMERA 1 369
370 1 0.84050019957857769 0.012426487420934969 -0.53542733435553624 0.081991258946750425 -0.59203204373747287 0.4668497461805648 2.9252704176347293 1 CAMERA 1 370
371 1 0.83938230523724222 0.0064092334474428695 -0.53741870885890031 0.0811011636763731 -0.60575056453446141 0.49434333071993281 2.9101750172020271 1 CAMERA 1 371
372 1 0.84050065171961863 0.010122568676379951 -0.53497267521161285 0.085208126603150663 -0.59471060740387638 0.47969763981469854 2.906128688299884 1 CAMERA 1 372
373 1 0.83816962407896167 0.015035942675206852 -0.53886583295751378 0.082880732201187496 -0.62009418428444352 0.44066151246038665 2.8936920958613954 1 CAMERA 1 373
374 1 0.83683350814718349 0.021926589916753409 -0.53939318799289038 0.091015894455675692 -0.63416853468080758 0.41685989853863559 2.8777248144840599 1 CAMERA 1 374
375 1 0.83625059431861881 0.017998264167142116 -0.53977221594902902 0.094905009763456449 -0.64169421443410579 0.44312155808758796 2.8574098878672833 1 CAMERA 1 375
376 1 0.83709419891830428 0.012305692010879901 -0.53909941087530799 0.09216125691065491 -0.63429747386586832 0.46513087405649284 2.8426539049009896 1 CAMERA 1 376
377 1 0.83739685768146532 0.013648402182775002 -0.53808395366994821 0.095109845263159187 -0.63086190334662429 0.46047429945792306 2.8320691979365367 1 CAMERA 1 377
378 1 0.83855991686315567 0.014649048086669263 -0.53572076979534722 0.098009836396622196 -0.61846669278401989 0.45933045789017535 2.8235553457298037 1 CAMERA 1 378
379 1 0.83711483877452508 0.013511413989190087 -0.53818036770465139 0.097046793933647651 -0.63395630681012172 0.45829231098093104 2.8102222659473028 1 CAMERA 1 379
380 1 0.8360009751144295 0.014136045403028796 -0.54008942283296257 0.095947679346839496 -0.64634073266156777 0.44785647672670004 2.8002813782524734 1 CAMERA 1 380
381 1 0.83440965016289437 0.013963704854293974 -0.5422255796394011 0.097759763944548453 -0.66329560030538837 0.44797244476545817 2.7881759617317856 1 CAMERA 1 381
382 1 0.83110550754772938 0.011159783348046379 -0.54757072698719789 0.096464467583496166 -0.69796281675601501 0.45448653214459017 2.7716449928306628 1 CAMERA 1 382
383 1 0.82874153318720167 0.012458803906294683 -0.55156107746715266 0.093875594267223278 -0.72229046839624955 0.43668344590217328 2.7631534142745493 1 CAMERA 1 383
384 1 0.82674431654931557 0.018808238110423463 -0.55393293382584963 0.096428160076161312 -0.74172610940684525 0.40068624012183041 2.7577931550080952 1 CAMERA 1 384
385 1 0.82799134567469979 0.02564922078360719 -0.5511569581686262 0.099992281818653161 -0.72741171441343022 0.36818798866215918 2.7545112018493993 1 CAMERA 1 385
386 1 0.82716971504596359 0.026788933921285493 -0.55424509555761958 0.088797463817756772 -0.73591713773111034 0.3373146197016047 2.7372724909230106 1 CAMERA 1 386
387 1 0.82016627131078457 0.046141971400345178 -0.56472573721502028 0.079265677354112218 -0.79724654466254274 0.20866886899911954 2.7149158203559982 1 CAMERA 1 387
388 1 0.81889642337868607 0.046304580109293079 -0.56723943173916924 0.074188683225424004 -0.8100602731303358 0.19754295538696492 2.6972269187130111 1 CAMERA 1 388
389 1 0.81803149071546843 0.04539716448575061 -0.56753925393636806 0.081625810230790338 -0.81843154209849478 0.21552097060097009 2.6803573291610863 1 CAMERA 1 389
390 1 0.8141492339439822 0.045732098666473306 -0.57271439190940798 0.084070359341588907 -0.8559038761819886 0.21515217596022601 2.6575392269577942 1 CAMERA 1 390
391 1 0.80673640975579608 0.041181908221328972 -0.58414799862933176 0.079066625746420413 -0.9280254635880294 0.22451089693774001 2.6227209755990715 1 CAMERA 1 391
392 1 0.80512749935934591 0.039730838164555998 -0.5869243321639358 0.075571149177621588 -0.94380358132504494 0.22531131124548859 2.6084855168499441 1 CAMERA 1 392
393 1 0.79968483899829257 0.042342225897326863 -0.59477251686811727 0.070405591828346256 -0.99036352282200468 0.19868111479925937 2.5859128682109631 1 CAMERA 1 393
394 1 0.79643259246465159 0.055522565373199141 -0.59876157107910333 0.06400743232857288 -1.0121773446956277 0.11491254740113346 2.5763330320872075 1 CAMERA 1 394
395 1 0.79728568770662167 0.058867762177073284 -0.59621820041483986 0.073443694409615234 -1.002534793824746 0.11106593019922614 2.5735871930534002 1 CAMERA 1 395
396 1 0.80372143697223997 0.052570240303129304 -0.58813178356423113 0.073275007658173907 -0.94928216640638408 0.1490999549715232 2.5834226272367213 1 CAMERA 1 396
397 1 0.81494758124858013 0.050977029133064608 -0.57286854780032281 0.071298031242138613 -0.84823242464698756 0.16385516281917481 2.6062648653692424 1 CAMERA 1 397
398 1 0.82211775038340584 0.060883035586562356 -0.56190396146936183 0.068407591445186211 -0.7750056164307304 0.11483507462882524 2.6148813392927002 1 CAMERA 1 398
399 1 0.82671041257095135 0.069110540588510419 -0.55437435323562967 0.066653607561096437 -0.72570263352161113 0.076573440374220952 2.6140123211394495 1 CAMERA 1 399
400 1 0.82997219213849627 0.060119564102730498 -0.54983610626209556 0.072194560317619255 -0.70264581987479713 0.13854961527528625 2.604476342830977 1 CAMERA 1 400
401 1 0.8369018237491993 0.045464473625210416 -0.53964803737307809 0.079424900394219067 -0.64542187612116275 0.23386821538485769 2.5998164833984307 1 CAMERA 1 401
402 1 0.83688724305398754 0.041772151805553999 -0.53947487234722269 0.082714520206416092 -0.64793576019192689 0.25934903624698197 2.5857354141935986 1 CAMERA 1 402
403 1 0.84182979739251929 0.044623624891668226 -0.53110485059680779 0.085199542229641281 -0.59992693440821954 0.25367657207503091 2.5876983158050466 1 CAMERA 1 403
404 1 0.84019613505149848 0.033693899820247619 -0.53325999562825199 0.092568638436481845 -0.6205876092946635 0.31804903127373391 2.5661700649000068 1 CAMERA 1 404
405 1 0.84062347545840244 0.032206858171704114 -0.53323752418856452 0.08928960517436807 -0.61785587918887863 0.31812938820137432 2.5581118108453391 1 CAMERA 1 405
406 1 0.84023043824255839 0.038598473626740605 -0.53362452300862728 0.088135333029489768 -0.61962775632076106 0.28051755588648242 2.5538239788265678 1 CAMERA 1 406
407 1 0.84454913189050196 0.032931970348525054 -0.52639651113563857 0.092514659466439012 -0.58023451563673989 0.31714871176266751 2.5503416449757834 1 CAMERA 1 407
408 1 0.84471672728625558 0.04032659694528918 -0.52767693816407057 0.079902848205816585 -0.57557098538256024 0.25535139553276842 2.551729074502016 1 CAMERA 1 408
409 1 0.8418894569692239 0.023963155135842334 -0.53278655195429681 0.082379606072452261 -0.60928786312776062 0.3325300489808401 2.5298836284481996 1 CAMERA 1 409
410 1 0.842710425013112 0.033361380901005787 -0.53091313582413224 0.082809420043765611 -0.59909258596183945 0.28555064616623588 2.5290037324337158 1 CAMERA 1 410
411 1 0.84379982428178024 0.032295076336176176 -0.52776741627829249 0.09176294950257996 -0.58892192864416204 0.3071563242886986 2.5135943124135043 1 CAMERA 1 411
412 1 0.84618700626010834 0.029539004652794829 -0.52376930469818195 0.09359868106261246 -0.56699661490770203 0.32562622949768372 2.5012004094553735 1 CAMERA 1 412
413 1 0.85283087290485915 0.022064762646533721 -0.51384851293801026 0.090290388309518396 -0.50474731134275785 0.36010710504212212 2.4961442495452211 1 CAMERA 1 413
414 1 0.86077367872713328 0.022389358464103525 -0.50170400499510881 0.08282802671796477 -0.4249310591137489 0.35022597214863266 2.4999170502194601 1 CAMERA 1 414
415 1 0.86247195460229154 0.018610313233407848 -0.49906241228310627 0.08205176665998197 -0.40833406287623608 0.36531282012916638 2.4894848562553311 1 CAMERA 1 415
416 1 0.86262169009875378 0.023729912345871511 -0.49813483325181079 0.084749034994019104 -0.40680184684078324 0.34351996881673508 2.4833781000935162 1 CAMERA 1 416
417 1 0.85811127969098466 -0.0025741083279537964 -0.50083489285538796 0.11314952820029341 -0.45456526980561612 0.51092592753814314 2.4377040399423713 1 CAMERA 1 417
418 1 0.86089627935422197 0.03307610575063135 -0.49845774208638072 0.09645437665848873 -0.42259219304364221 0.31632644672703253 2.4690844048368001 1 CAMERA 1 418
419 1 0.86120075211625247 0.057162244709020517 -0.49858531582295279 0.080488664915959615 -0.40780095353580714 0.17396004968921533 2.4789236369196463 1 CAMERA 1 419
420 1 0.86050190598753407 0.057980285106335197 -0.49988311789410861 0.079319762829159174 -0.41427938135134473 0.16482497384708703 2.4705827575529473 1 CAMERA 1 420
421 1 0.86340440192161794 0.053162010840953046 -0.49549353275243924 0.078694334905551805 -0.39021012909034469 0.18761089590060664 2.4592298206663057 1 CAMERA 1 421
422 1 0.86450750182514824 0.070213577139743619 -0.49254828663434425 0.071365385214785387 -0.36891928498240234 0.09770865699082186 2.4488476062920883 1 CAMERA 1 422
423 1 0.86598543180524201 0.074398769047635996 -0.49036550925912209 0.063841384652331315 -0.35245815698569377 0.069332491963201917 2.4343144812599031 1 CAMERA 1 423
424 1 0.86480084989157169 0.062524485595155777 -0.49443185535301531 0.06121535052624863 -0.37534238553709881 0.12094420962405308 2.4131046803680007 1 CAMERA 1 424
425 1 0.86213613588571536 0.056788525693913003 -0.49950904557872744 0.063143170134133397 -0.40683640408941296 0.14985478981056183 2.3924172559158965 1 CAMERA 1 425
426 1 0.86215180168430883 0.059268136266164374 -0.49903649393237748 0.064374968735648699 -0.40620648103390289 0.14131500147240961 2.380347425724203 1 CAMERA 1 426
427 1 0.86157975094866035 0.068783317232663108 -0.49896342654165227 0.063124377220914518 -0.40542646341902527 0.096501352111277069 2.3721165453684554 1 CAMERA 1 427
428 1 0.85747933664085563 0.071249580062694454 -0.50560958576627013 0.063337440397514835 -0.44329681213177752 0.082897536408535324 2.3564688584941824 1 CAMERA 1 428
429 1 0.85173526925202336 0.07156751778397806 -0.51577573714039615 0.058313896180107516 -0.49806242589171762 0.068097517901699711 2.3377417883629596 1 CAMERA 1 429
430 1 0.8464540416570081 0.074224699920966655 -0.52466162495091395 0.052310884030237523 -0.54463558457022454 0.041716475105597853 2.3218870297138507 1 CAMERA 1 430
431 1 0.84961986943130219 0.080885132547957775 -0.51854921620825933 0.052061340455625112 -0.51115140452208996 0.012830331004197938 2.3247893026098372 1 CAMERA 1 431
432 1 0.85041343214157583 0.08807267137682763 -0.51586195064760165 0.054098492250582317 -0.49657803600770506 -0.01638139783933576 2.3245599168212236 1 CAMERA 1 432
433 1 0.85034870882104041 0.095076109421165747 -0.51428543600123611 0.058121400023937557 -0.49018071085325116 -0.041893520632425393 2.3217618727027713 1 CAMERA 1 433
434 1 0.84763830517655681 0.10004454571122638 -0.51640344067115751 0.069482939876195568 -0.50809738216513334 -0.048383551091005526 2.313376510570349 1 CAMERA 1 434
435 1 0.84919314227169529 0.088874544049427989 -0.51565211314974901 0.071240583538662347 -0.50658477513287614 0.0061049419935313804 2.305285404917798 1 CAMERA 1 435
436 1 0.85580266586508391 0.096545744275864626 -0.50214541811588675 0.078298757497524796 -0.43784530302176611 -0.0073988359665059563 2.3033141681899871 1 CAMERA 1 436
437 1 0.8559881667044682 0.10383763226853895 -0.50073509488284695 0.075936613958312624 -0.42775659366792684 -0.0385337792932074 2.288652358340117 1 CAMERA 1 437
438 1 0.85336672590544249 0.085768440065602344 -0.50931030682154443 0.070795601356885951 -0.4727313278137838 0.032045203311828495 2.2661529735611174 1 CAMERA 1 438
439 1 0.85217887295056716 0.074854417715572732 -0.51246571864467649 0.074611472704665727 -0.49423364634948769 0.085974561706283162 2.2483070019502787 1 CAMERA 1 439
440 1 0.8519763792902515 0.070222031281720443 -0.51296116472386177 0.077948437696221506 -0.49942045701170612 0.11207319403615747 2.2349249980395913 1 CAMERA 1 440
441 1 0.85618992406684602 0.074595144367750568 -0.50657073210637649 0.068996171896508307 -0.4599408059951175 0.085941651430992735 2.2342193314647658 1 CAMERA 1 441
442 1 0.85511797406457513 0.066013241725534744 -0.50918971705023963 0.071703098948926611 -0.47591000679959156 0.12686867765396517 2.2185109208077036 1 CAMERA 1 442
443 1 0.85463121971955525 0.056093161934579888 -0.5117040175815295 0.067956117132808039 -0.48677774537025609 0.16301132177524882 2.2018711282741612 1 CAMERA 1 443
444 1 0.85320579392568852 0.052432662903756921 -0.51335067775840248 0.075906328573089099 -0.50146545803167308 0.18778864349862578 2.1848714997182626 1 CAMERA 1 444
445 1 0.8513843058951629 0.050258830430482175 -0.51652107151295945 0.076320353263568813 -0.51877564679326049 0.19493507852128147 2.1692574301582779 1 CAMERA 1 445
446 1 0.84895806928403761 0.047849819354668727 -0.52070311446133744 0.076477826691848272 -0.54101767563826275 0.2020111353129028 2.1530655452068688 1 CAMERA 1 446
447 1 0.84880394920498592 0.051101776374048974 -0.52064494521474769 0.076480751093127575 -0.54072436377361954 0.18608678426341549 2.1452605980226718 1 CAMERA 1 447
448 1 0.84836922441177653 0.052902661812990012 -0.5216193985563653 0.073376907087700338 -0.54267879935939811 0.17221741974693719 2.137266782837222 1 CAMERA 1 448
449 1 0.84677413154946246 0.054796429806344124 -0.52409357179628413 0.07277945741035366 -0.55482174156056596 0.16052346285823449 2.12821908007033 1 CAMERA 1 449
450 1 0.84430011879243849 0.054256916014831777 -0.52840419140568706 0.070728402898241907 -0.5752232052290005 0.15710214540613962 2.1171875770941346 1 CAMERA 1 450
451 1 0.84341833023790524 0.066866121432498329 -0.52695786851378656 0.080559585616394189 -0.57446446231743487 0.11469687555524961 2.1118937238794198 1 CAMERA 1 451
452 1 0.84568438238851396 0.070884557174579851 -0.52298144182580364 0.079269896203571749 -0.55295986990579982 0.097470528768552125 2.1054596920364568 1 CAMERA 1 452
453 1 0.84378608749308825 0.061086576648675964 -0.52877674730090163 0.068473500132023926 -0.57520992342256227 0.12371315340540459 2.0814134909863902 1 CAMERA 1 453
454 1 0.84134202580897666 0.052736014105506553 -0.53218570843892032 0.078363768141121989 -0.60051399025446595 0.17089261011133824 2.0571330347746488 1 CAMERA 1 454
455 1 0.83940223327854668 0.04628217624276474 -0.53509240445770401 0.083294475332370541 -0.61888554295981424 0.20423500010167089 2.0363463059642122 1 CAMERA 1 455
456 1 0.84239404306271737 0.050071112068375147 -0.52850620995807163 0.092446449279784931 -0.59509767525480983 0.20485982121126844 2.0323890211703857 1 CAMERA 1 456
457 1 0.84875744856419877 0.075902486835692687 -0.51709159210069267 0.080410766553490789 -0.53112460379277304 0.093968768975833936 2.0475745625489377 1 CAMERA 1 457
458 1 0.83896494909235275 0.062999340768753659 -0.53400262479179683 0.083726303947086897 -0.61474122653747554 0.14340302909877853 2.0102979210132905 1 CAMERA 1 458
459 1 0.82864289127458068 0.068556324889583548 -0.54719021883199759 0.096092941844487079 -0.68641098929224675 0.1275011646790721 1.9774023500188702 1 CAMERA 1 459
460 1 0.82745069529949977 0.062503917920416915 -0.55064889125550254 0.090578174258802907 -0.70014122754010388 0.14592590168691005 1.9620352321795498 1 CAMERA 1 460
461 1 0.82706514580056401 0.050767686714618718 -0.55250208071115514 0.090151746502120308 -0.70934560645125955 0.19358840791615342 1.945646451107135 1 CAMERA 1 461
462 1 0.8220950602349345 0.051155430130141406 -0.55599818032982673 0.11139505094680457 -0.74324007852393248 0.20882134510866279 1.9209939467972086 1 CAMERA 1 462
463 1 0.82575786478074709 0.066484185817770616 -0.54918190549357815 0.11001380125844391 -0.70940836316786626 0.14970627879148279 1.9261366655490446 1 CAMERA 1 463
464 1 0.82631691778796035 0.060931689982896053 -0.55048527014975179 0.10224308231556914 -0.70915254146649354 0.16542867211214127 1.9132624414312562 1 CAMERA 1 464
465 1 0.81965732322790186 0.050613981406756901 -0.56218267480220407 0.097727874822215316 -0.75873582373401238 0.19669656842876215 1.8805839320868265 1 CAMERA 1 465
466 1 0.81508485949813181 0.049155522354245487 -0.56674643294175597 0.10963068542514882 -0.78865969972573813 0.20835830103340486 1.8585858524665029 1 CAMERA 1 466
467 1 0.82241428854507082 0.059330413829058376 -0.55589126554713175 0.10535435861978333 -0.73544732313610273 0.16757780565658167 1.8757964048129911 1 CAMERA 1 467
468 1 0.82847789377397263 0.055437979742333686 -0.54905985054305761 0.095311544167356446 -0.69660329798615106 0.17643641736696394 1.8766200584686497 1 CAMERA 1 468
469 1 0.83425261891247782 0.048726473359755329 -0.53836352526392939 0.10868768696125455 -0.6596564328690524 0.21928882362169472 1.871719438261942 1 CAMERA 1 469
470 1 0.84161230098211692 0.056479462169458892 -0.52470806780822332 0.11480526453780945 -0.60253920604231348 0.20135599596791964 1.8802171273181514 1 CAMERA 1 470
471 1 0.84229547406587024 0.056878841086471697 -0.52528309640186699 0.10668083445154453 -0.59814837597000015 0.19036385483041682 1.8712955513323155 1 CAMERA 1 471
472 1 0.8430823247147502 0.062596914942276469 -0.52398194866995784 0.10361822938708998 -0.59096531347963865 0.16583673666789822 1.8660783550924251 1 CAMERA 1 472
473 1 0.84674578568343495 0.061045916721527302 -0.51838991849985128 0.10279524734484756 -0.56795528433966946 0.1741966056124889 1.863541205573658 1 CAMERA 1 473
474 1 0.85754171192150697 0.069550238788903374 -0.50017642929436801 0.098023039013661273 -0.48642919876801216 0.14819831585562232 1.8803511290808577 1 CAMERA 1 474
475 1 0.87729380444463145 0.078687098913830453 -0.46344287891437552 0.096874243899734869 -0.32789254091343706 0.13326895541111761 1.908173996266934 1 CAMERA 1 475
476 1 0.89219836649168716 0.074826877648795878 -0.43648219593670207 0.088692197183133162 -0.2077268196955131 0.15121959057704587 1.9166716128080272 1 CAMERA 1 476
477 1 0.90593134796561958 0.083554789656342665 -0.40671477641661724 0.083006509040322612 -0.077743202717520443 0.12537345831540211 1.9217893916848048 1 CAMERA 1 477
478 1 0.9171580217428067 0.08872057750096457 -0.38021764112463202 0.079902238130964656 0.034140544771796434 0.11419545572243096 1.9166882585582667 1 CAMERA 1 478
479 1 0.93176985436731075 0.070509057069076606 -0.34953816418029893 0.068238428652898697 0.16397415313773958 0.17360073919436275 1.895370378361152 1 CAMERA 1 479
480 1 0.94918530282836377 0.067259969962639082 -0.29885707203797096 0.072165142750107006 0.35534801583961934 0.21325046002980452 1.8499136770189764 1 CAMERA 1 480
481 1 0.95119925141178285 0.065616454670690091 -0.29208092795497065 0.074854502303309936 0.37299685383700409 0.22766749564292624 1.830091230530779 1 CAMERA 1 481
482 1 0.95087187875041079 0.066908734498575512 -0.29321195707096648 0.073434594572836243 0.36372922919327899 0.22182985063565661 1.8204919568163449 1 CAMERA 1 482
483 1 0.94994049791860158 0.076705968662513446 -0.29533422009547461 0.067133771131247563 0.35512407445421168 0.17932290724536351 1.8159900044805797 1 CAMERA 1 483
484 1 0.953248485639967 0.06418333293618439 -0.28811484798331716 0.06471212227908188 0.37870365448183246 0.22055869072630813 1.7970626409861437 1 CAMERA 1 484
485 1 0.95737749436111541 0.052821063910623682 -0.27621132324080649 0.06592096337088027 0.41804967016936834 0.26469408817824747 1.7733808494210619 1 CAMERA 1 485
486 1 0.95996635642814143 0.051540737417676459 -0.26767067294153213 0.064502385688811156 0.44885185026071828 0.27066076803332423 1.7570864715011216 1 CAMERA 1 486
487 1 0.96165390050184429 0.060305366060229973 -0.26135541565492099 0.057257184542850517 0.47584509926140017 0.23153258906582497 1.7485005832130431 1 CAMERA 1 487
488 1 0.9637000536229211 0.04425294494770797 -0.25718328131209678 0.05639719252034707 0.4890584005157898 0.27918668071958946 1.7306709245666554 1 CAMERA 1 488
489 1 0.96742696965386643 0.037115355371460809 -0.24378535793504058 0.057238169419291926 0.53195088379714817 0.30485942013655165 1.7029212613741214 1 CAMERA 1 489
490 1 0.97189715958172185 0.028442952039434803 -0.22663868778595886 0.056936937702356021 0.58695884228480988 0.33365818514992607 1.6648626791218637 1 CAMERA 1 490
491 1 0.97303129010046197 0.02743069042417438 -0.22165533233556906 0.057676506096437395 0.59873850582386956 0.33797232424168683 1.6462171398905867 1 CAMERA 1 491
492 1 0.975681803431107 0.0273052409334772 -0.21098746132672414 0.052761097732056006 0.6349845630636366 0.3290753849009076 1.6222038486108965 1 CAMERA 1 492
493 1 0.97772725646104364 0.024707534176652612 -0.20408255755397384 0.042299638654475606 0.66256247118468903 0.31490426137087951 1.6030914047137195 1 CAMERA 1 493
494 1 0.97889096572505918 0.023338674382183656 -0.19861760102327472 0.04217620257565606 0.67653883290847927 0.31746507673027863 1.586991626525375 1 CAMERA 1 494
495 1 0.97933176866783223 0.019131171425007514 -0.196972877038495 0.041772848466683381 0.67890535761366977 0.32645326606131264 1.5751495449498529 1 CAMERA 1 495
496 1 0.97876415624682001 0.017536614812690688 -0.20131994539219122 0.034401644941007378 0.66678097648767642 0.31252818879618549 1.5747663565841679 1 CAMERA 1 496
497 1 0.97710320113488069 0.013056786825452067 -0.2097283937731946 0.033359488831207977 0.63615028629956138 0.31899195048985007 1.5782114503979614 1 CAMERA 1 497
498 1 0.97319381920540682 0.013767847683742418 -0.22778942224705725 0.028569489720736922 0.57608802317822583 0.30301495950698154 1.5970680939958715 1 CAMERA 1 498
499 1 0.97111017571392411 0.021554040336696115 -0.23597719390116084 0.028199537736807456 0.545719245388539 0.27666392624708391 1.6062686871307779 1 CAMERA 1 499
500 1 0.97070861931354391 0.011737909643686543 -0.23673003659982494 0.03931777764619547 0.53283788727619685 0.32320848838303778 1.5926203418581524 1 CAMERA 1 500
501 1 0.97275059580236845 0.020506482740517872 -0.22786525068001792 0.037592420303602679 0.55915079738595841 0.29485344669325286 1.5747128834521422 1 CAMERA 1 501
502 1 0.96862561407972447 0.025446646627400222 -0.24338430672667669 0.043370118322089708 0.49917631389617245 0.28920354220509265 1.5809264369138747 1 CAMERA 1 502
503 1 0.96847654229839286 0.019915343642165798 -0.24385778539535446 0.046796865359093998 0.49136848584162757 0.31035075979008231 1.566089996884295 1 CAMERA 1 503
504 1 0.96729542049176276 0.019144969956134093 -0.24884262444852517 0.045281208890807549 0.47345596622376368 0.30887414124614132 1.5604048542964688 1 CAMERA 1 504
505 1 0.96431300714939872 0.026579545992893822 -0.25818064298600485 0.052313550487695842 0.43615751170820971 0.29818935663847673 1.5632821611477918 1 CAMERA 1 505
506 1 0.95988074168031079 0.026739564412044094 -0.27402637084061521 0.053136668414874563 0.3816723784101691 0.29592747453077667 1.5688739292077254 1 CAMERA 1 506
507 1 0.95433590827441195 0.028514769317123687 -0.29249713167813096 0.053621917803364401 0.31768499189857041 0.28694408275115896 1.5769555119540415 1 CAMERA 1 507
508 1 0.95182625102040064 0.021889694874116978 -0.30094266402340591 0.054599836055275901 0.28744148395603564 0.30447699113067078 1.5727553170703441 1 CAMERA 1 508
509 1 0.95115963501221412 0.020226572203926464 -0.30279230617703778 0.05659552827125041 0.27890345001571953 0.31131306012218707 1.5679291609063584 1 CAMERA 1 509
510 1 0.94969386516292076 0.023579486887136937 -0.30634367319559824 0.060655784250801606 0.26316934403053194 0.30623452622032837 1.5667191986639619 1 CAMERA 1 510
511 1 0.95060408183838341 0.01395969658960601 -0.30399883791967797 0.061169543130677045 0.26998049571862798 0.33311202799290096 1.5531955079399551 1 CAMERA 1 511
512 1 0.95534508451185673 0.0082797667372559239 -0.28885814086073197 0.061710529249810374 0.31769780206757503 0.35147870017657784 1.5282512114685216 1 CAMERA 1 512
513 1 0.95453348498202961 0.023904394644768748 -0.29208584990217529 0.054591778242266444 0.30988016780841149 0.2971758684814802 1.5268332667825859 1 CAMERA 1 513
514 1 0.95115630185022215 0.02838588788592359 -0.30366742961970095 0.047770524465416971 0.27453034905097579 0.27480708063933063 1.5248905021716785 1 CAMERA 1 514
515 1 0.94912122963600332 0.022307330623631345 -0.31163211054265433 0.03945506473724493 0.25291111990751025 0.2807724472121107 1.5165341354240569 1 CAMERA 1 515
516 1 0.94525368522029096 0.026716254505975149 -0.32201870976695035 0.045669058263333367 0.21308807664159418 0.277089926408286 1.5143270649637268 1 CAMERA 1 516
517 1 0.94619379010178961 0.024023658082853235 -0.31835251317377106 0.052837986156485044 0.21896122354404521 0.29611263479132754 1.5013483192972339 1 CAMERA 1 517
518 1 0.94859485224776197 0.024535303104689401 -0.310827719339766 0.054331888248498467 0.24146749831275061 0.29825716019849374 1.4897674429008836 1 CAMERA 1 518
519 1 0.95263386094956271 0.022820228926465024 -0.2990908220572881 0.050126283376773155 0.28034966070582662 0.29972864097763324 1.4724872700751235 1 CAMERA 1 519
520 1 0.95078734961394518 0.030461491985189357 -0.30345384475877252 0.054692571901902409 0.26116499207925664 0.28666031642531908 1.4682025031620141 1 CAMERA 1 520
521 1 0.95013779775552709 0.02897879608585888 -0.30511562351752541 0.057470435348993501 0.25197102567216956 0.29585359769489689 1.4587863901636842 1 CAMERA 1 521
522 1 0.9488223297324917 0.027669914640454048 -0.31015855859553532 0.052651979589915604 0.23803815285467073 0.29329620442938692 1.4530201183454967 1 CAMERA 1 522
523 1 0.94770877225167804 0.02684837058659759 -0.31350007837982347 0.053338061924917343 0.22577558349015031 0.2967942992491876 1.4466802284621469 1 CAMERA 1 523
524 1 0.94621837641542239 0.022779266162437216 -0.31873110821519196 0.050619856013015482 0.21010149217868498 0.30352213933296313 1.4408035802534709 1 CAMERA 1 524
525 1 0.94476470920419808 0.015473811841963498 -0.32304283106782261 0.05313694275240944 0.19367187160283858 0.32550285262458878 1.4320487172817835 1 CAMERA 1 525
526 1 0.9408435836576361 0.029615979958007434 -0.33447877471581183 0.045389360933954369 0.16168404377207363 0.2752402706040879 1.4427530160453141 1 CAMERA 1 526
527 1 0.939777793853392 0.02442803510167332 -0.33783131101142205 0.045727175524263447 0.15053757893375774 0.28452675670999528 1.4412629863195392 1 CAMERA 1 527
528 1 0.94189978772478522 0.025837329892390078 -0.33136339450126662 0.048533731080911406 0.16716512351703247 0.27968215911766903 1.4409213759795323 1 CAMERA 1 528
529 1 0.9342183033349365 0.061056809705288935 -0.34822595126547373 0.047401630434625516 0.11521803472369768 0.17541139259577751 1.466749553329743 1 CAMERA 1 529
530 1 0.9481090360273069 0.028708605276063979 -0.3044008817134613 0.087207654472194446 0.22622530714358535 0.31754361347828114 1.4342829086513125 1 CAMERA 1 530
531 1 0.95240495301041261 0.057604360277783276 -0.29041291923997603 0.072573269850106648 0.28017927353379968 0.22196588729589556 1.4416721640457641 1 CAMERA 1 531
532 1 0.94939277155723445 0.058234370176811961 -0.30378852389992878 0.054540408796464407 0.25110516660689153 0.18850229999082133 1.4492031379029449 1 CAMERA 1 532
533 1 0.95013332829182262 0.050608231514191353 -0.30436183335386896 0.045269634078282973 0.25434311849750002 0.1930096817527942 1.4411414585077571 1 CAMERA 1 533
534 1 0.941808012392647 0.093695878911495306 -0.32280324910106234 -0.0041002972833133495 0.21558789658234218 0.013673747367822967 1.4439987124411917 1 CAMERA 1 534
535 1 0.94060968653939936 0.072671046374844159 -0.33126870870435393 0.015276754903713731 0.18470655340766073 0.097346279880942993 1.4286050087148066 1 CAMERA 1 535
536 1 0.94234007592449864 0.047798345483963403 -0.32644115526340733 0.056095201451619302 0.17928340866557774 0.21818104138893313 1.4004478627286405 1 CAMERA 1 536
537 1 0.94008502988888831 0.038462286563579764 -0.33107135920431802 0.071781224604450647 0.15445015253589023 0.26256050216040289 1.3824957257869197 1 CAMERA 1 537
538 1 0.93557821686996334 0.042829896168666892 -0.34067124578993657 0.082474859227122194 0.11650510344392079 0.26419160467691111 1.3748183895946415 1 CAMERA 1 538
539 1 0.92826581794905072 0.04482844164974345 -0.35335476331395471 0.10702052742336136 0.058834427852223779 0.28413190584806586 1.3645905547510098 1 CAMERA 1 539
540 1 0.92228649971784138 0.049782123806026007 -0.3663780718091717 0.11258979121113601 0.0157988853446882 0.27435578293143809 1.3584201381245569 1 CAMERA 1 540
541 1 0.92017787154630593 0.029179759042220723 -0.37446377934097008 0.11044502859081314 -0.0066581302090715075 0.32079633256329282 1.3399054360700271 1 CAMERA 1 541
542 1 0.91934053077337008 0.019108428151094332 -0.37892669203314078 0.10422292701586459 -0.014577856995499355 0.33800607026868362 1.3275886071191871 1 CAMERA 1 542
543 1 0.91584380772864249 0.032252698183753953 -0.38726410911586995 0.10107617471818237 -0.036356360936452919 0.29920627896832136 1.3295003429618424 1 CAMERA 1 543
544 1 0.90974927612001444 0.034795667471934306 -0.39791426894631815 0.11318016916938109 -0.07707375855775378 0.29916287782593309 1.3223768200817982 1 CAMERA 1 544
545 1 0.907213178333244 0.028189564684593674 -0.4027199510680684 0.11826342846848072 -0.095476537758839464 0.3164341712617596 1.3116084055441624 1 CAMERA 1 545
546 1 0.90789904209603167 0.01885200293181543 -0.40027201667664264 0.12307007764757724 -0.091448459340228549 0.34372697709924971 1.2973570451122478 1 CAMERA 1 546
547 1 0.91332196631371976 0.0095011632833053791 -0.38859002111672863 0.1214516744783911 -0.05489256211141455 0.36821683092461222 1.2801261243886402 1 CAMERA 1 547
548 1 0.91696941441307001 0.018650967125038914 -0.38064207245501536 0.1180290097111853 -0.029857221607878362 0.34601996572748273 1.2706912277778206 1 CAMERA 1 548
549 1 0.92126147077887344 0.025076777962798748 -0.37257182846765008 0.10880574570133425 0.0002397344903594631 0.32629945698192558 1.2615567557952729 1 CAMERA 1 549
550 1 0.92092971965630677 0.025479831068011077 -0.3755148642482069 0.1011326672799283 -0.0017473249884547859 0.31878924291659244 1.2503641682901048 1 CAMERA 1 550
551 1 0.92045940340875143 0.021927190796272346 -0.37774701166772967 0.097881970537425603 -0.0049761695177573612 0.32496703116952147 1.2379701297212082 1 CAMERA 1 551
552 1 0.92008367758395238 0.034196537730973142 -0.37742229226907958 0.099141496605392301 -0.0056583440546743545 0.30000997281237463 1.2345260417006179 1 CAMERA 1 552
553 1 0.92208246075689348 0.026453224928659189 -0.37295200626174213 0.099854711860418194 0.0058311275234319802 0.3219436606456888 1.2199770348989294 1 CAMERA 1 553
554 1 0.92162504383620258 0.015963230921506207 -0.37419567782619634 0.10163684631401054 0.0013494785359899461 0.347601332738118 1.2048501762006523 1 CAMERA 1 554
555 1 0.91969700808783295 0.015157168916879567 -0.37810553897617033 0.10470852372301657 -0.012041781052288319 0.3507497013887344 1.196318817619856 1 CAMERA 1 555
556 1 0.91955440495764362 0.0079685602566275816 -0.37896984977459286 0.10362456915352136 -0.014426148681910745 0.36444899767349725 1.184480106723466 1 CAMERA 1 556
557 1 0.91780990269673657 0.0053835083280522186 -0.38573251347394677 0.093842572422969645 -0.025082087515110315 0.35880056382098302 1.1746761845684881 1 CAMERA 1 557
558 1 0.91598692468387122 0.0083615063650617615 -0.38986227329771495 0.094368675303984198 -0.036671155107466075 0.35041080789681089 1.1638645908185654 1 CAMERA 1 558
559 1 0.91519987598639774 0.0085583037363346805 -0.39108344414330343 0.096900372283343639 -0.041997762402279197 0.35065996600103916 1.1520257392698618 1 CAMERA 1 559
560 1 0.91725877032781955 0.016767843876636261 -0.38840137561481469 0.086599994739865224 -0.028449198186628933 0.32527261749287101 1.1492942575954461 1 CAMERA 1 560
561 1 0.9197983388517148 0.0035909768070017754 -0.38116854603107009 0.093105640257493072 -0.013594754451618337 0.36145745579574895 1.1290846677062765 1 CAMERA 1 561
562 1 0.9223609243903832 -0.00014818607305060565 -0.37337682308962616 0.09919703210330337 0.0024174798908714041 0.37728572887676098 1.1161217053107511 1 CAMERA 1 562
563 1 0.92257936294789067 -0.0030135989059502863 -0.37040272148065684 0.10788911531763283 0.0036184392615917368 0.39319115912633867 1.1042032470927878 1 CAMERA 1 563
564 1 0.92327869295365028 -0.019270927627707421 -0.36335634269073652 0.12311480297908541 0.0078215017850122946 0.4435921393146649 1.0786340519848825 1 CAMERA 1 564
565 1 0.91318988445831972 -0.032830072180359091 -0.38300276801028116 0.13533403481791212 -0.050552420793950129 0.47725632110841698 1.0550714114680597 1 CAMERA 1 565
566 1 0.89990101503675579 -0.046537104321407972 -0.41145532298280668 0.13681000784412345 -0.12006510987346912 0.49884489730736475 1.0311082893297425 1 CAMERA 1 566
567 1 0.88487960988644165 -0.042749678861151531 -0.43927982536697235 0.14897575638354638 -0.20079204631671477 0.48995797898712079 1.0151561845312831 1 CAMERA 1 567
568 1 0.86353424251093847 -0.037491766965210158 -0.47863112738786301 0.1543218173697726 -0.30079264025999047 0.46854763455667547 0.99399996362647847 1 CAMERA 1 568
569 1 0.84098710345958361 -0.050194342029273892 -0.51151965152610601 0.16902327042605356 -0.39108597075152379 0.48695012977235735 0.94718358951115755 1 CAMERA 1 569
570 1 0.81762319529111527 -0.056403385200253182 -0.53723979833322066 0.19920935657438177 -0.47933304891453749 0.4957056494207327 0.89583096101345983 1 CAMERA 1 570
571 1 0.82077991531064465 -0.076441624923113224 -0.5178146933354526 0.22879019202683559 -0.46319318213624883 0.55104425310432692 0.86622949446796849 1 CAMERA 1 571
572 1 0.83956866301980793 -0.12414925400628828 -0.46509913993062224 0.25178207410498865 -0.36810030748044803 0.66912512492225229 0.81973825569334224 1 CAMERA 1 572
573 1 0.87095918841453668 -0.14891072577805145 -0.40995520304506672 0.22625741835534111 -0.20999417197217915 0.72796359777285691 0.81451882451054969 1 CAMERA 1 573
574 1 0.91072539443103251 -0.17439764734575974 -0.33325469552501313 0.17060487815193134 0.028779079761074629 0.75796787642759822 0.8031594307565384 1 CAMERA 1 574
575 1 0.94409206394026224 -0.16380052360876421 -0.26680739294148226 0.10331204354904679 0.24368879670936239 0.69082248499321142 0.81724781274355229 1 CAMERA 1 575
576 1 0.9707786635922897 -0.12649326993481097 -0.19775682801044944 0.049804376819839957 0.42851788145021225 0.57368860920264209 0.82405690521335573 1 CAMERA 1 576
577 1 0.98489603376780843 -0.080647122106106112 -0.15290829216509075 -0.0097415887614922016 0.55378077275052728 0.42115051996689262 0.83393785379433594 1 CAMERA 1 577
578 1 0.99113511117073405 -0.0065609838455970284 -0.12564480695774419 -0.042679355432171176 0.60931947211875692 0.25457775202745864 0.85524837453360647 1 CAMERA 1 578
579 1 0.98832459053760569 0.072761262110861993 -0.11551417850702725 -0.067651881263978336 0.62401982838553494 0.087316932060509556 0.87089939619978884 1 CAMERA 1 579
580 1 0.98268601297949165 0.12504255969282235 -0.10873840717172396 -0.082876516370403566 0.62854995327267904 -0.021838895316390473 0.86350195392540607 1 CAMERA 1 580
581 1 0.97899042464078123 0.1681377144135352 -0.08935923739999814 -0.072954671850033292 0.64955929222049802 -0.074312145005600599 0.83344526322892787 1 CAMERA 1 581
582 1 0.97679318313739394 0.18330660420267314 -0.094168387845671803 -0.058361639477909448 0.63256147677205188 -0.077005744361764675 0.83490257556833369 1 CAMERA 1 582
583 1 0.98090291833598131 0.14328401104845145 -0.11635026737218415 -0.061333288353421653 0.59369084571606523 -0.01719993929440029 0.85626133770632662 1 CAMERA 1 583
584 1 0.98128197509967285 0.076032499150252494 -0.16613549088938265 -0.060858385489559241 0.5078538691295561 0.092790074110011278 0.89673204961418496 1 CAMERA 1 584
585 1 0.96760607901307827 0.043774124825380338 -0.2459686404513014 -0.036355601593796402 0.34635408462256123 0.1783542413708667 0.95176597352313275 1 CAMERA 1 585
586 1 0.93505112963452919 0.027153504718746474 -0.35279794400092168 0.021810154960536936 0.097730325765751178 0.26283549027579534 0.98460294457793029 1 CAMERA 1 586
587 1 0.89841719298567868 0.080583971606301819 -0.43042103582856178 0.033022761607058707 -0.089253511379812897 0.16125488370901056 1.0028506646796786 1 CAMERA 1 587
588 1 0.8774118681484494 0.12517412022714275 -0.46152828871607926 0.038360030923034395 -0.17042287442603241 0.069930790464754922 0.9993011925937183 1 CAMERA 1 588
589 1 0.86956720298858015 0.1356011714665295 -0.47302930353285605 0.041333760810548244 -0.19804380432973304 0.047529691281147875 0.98879742205514254 1 CAMERA 1 589
590 1 0.87269642449405427 0.15437639753474613 -0.46225661497169729 0.029794302717053835 -0.1686035835210124 0.0079260574455773201 0.98356269562339005 1 CAMERA 1 590
591 1 0.88102481421504475 0.14970786665390065 -0.4481483636770483 0.023363979388538278 -0.13288923961864646 0.018196315806307324 0.97514019429343757 1 CAMERA 1 591
592 1 0.88625252561745094 0.14598129237244964 -0.43893846719912444 0.024061278578701249 -0.1116242094580838 0.030472594621364511 0.96592604376451086 1 CAMERA 1 592
593 1 0.89044126766080345 0.13203955058619002 -0.43423814926561011 0.033423579251723574 -0.10245825621263968 0.066412873046882578 0.95436218345684587 1 CAMERA 1 593
594 1 0.89523861084254808 0.11337135432488966 -0.42929420155085352 0.03743332993550471 -0.091009935847921761 0.10473371866085904 0.94215529488943539 1 CAMERA 1 594
595 1 0.90251875227686151 0.084960123565980386 -0.4199340160914769 0.043555726621808032 -0.070678612475979674 0.16052397688633949 0.927046520515864 1 CAMERA 1 595
596 1 0.90539402677927505 0.081028758309900847 -0.41436304146941283 0.044713157609174548 -0.058945314604235369 0.16889563091837262 0.91761499006170577 1 CAMERA 1 596
597 1 0.91032913149709227 0.072863414737662932 -0.40384707118777519 0.053845503373758125 -0.040878007752969243 0.19102587594509335 0.90457103007086748 1 CAMERA 1 597
598 1 0.91352762473930027 0.085441179648828275 -0.39466231734407453 0.049078905112012669 -0.020775969160622826 0.16856602518878891 0.89948663798144601 1 CAMERA 1 598
599 1 0.91515787812232496 0.082748695582086002 -0.39120270810875823 0.050981885591657131 -0.014035629064076263 0.17429450325309251 0.88856243132906532 1 CAMERA 1 599
600 1 0.91548326438142213 0.083409474755776272 -0.3907341869742178 0.047539954649724291 -0.011630751386497147 0.16931638236423938 0.88018756396792286 1 CAMERA 1 600
601 1 0.91650698704906619 0.079512510220504734 -0.3891033123241282 0.047867690011834607 -0.0088912204077646901 0.17423296764825344 0.87044222278512617 1 CAMERA 1 601
602 1 0.91704482220293926 0.077195496337142636 -0.38811625699186214 0.049349979479921542 -0.0077260131303725282 0.17723939081427534 0.86164841159090522 1 CAMERA 1 602
603 1 0.91850615008229353 0.076203949232197588 -0.38490099719080639 0.048894097230064951 -0.0015936992741267264 0.17673682289192746 0.85431593627310143 1 CAMERA 1 603
604 1 0.91963892189629171 0.070790362253769723 -0.3831611763655593 0.049401324593246261 0.0020021351379379726 0.18384498066504729 0.84648159308369286 1 CAMERA 1 604
605 1 0.92065668607492912 0.049822708472881574 -0.38263585786590176 0.059150354024143509 -0.00077639344869613852 0.2200820289498884 0.83135765578030285 1 CAMERA 1 605
606 1 0.91719941193827514 0.059697321108327733 -0.388182914598389 0.067048440746010116 -0.017057397795194894 0.20578118230822379 0.82721859447103574 1 CAMERA 1 606
607 1 0.91896656583186942 0.066865299156703958 -0.38240830065068537 0.069234198524429039 -0.0079359899695566685 0.1930935411593892 0.81705299923389607 1 CAMERA 1 607
608 1 0.92331646191119943 0.065178205700526695 -0.37390306763668724 0.05860894707567571 0.012242580637257949 0.18808645252534473 0.79813170900235908 1 CAMERA 1 608
609 1 0.92112171525126951 0.064597926517116197 -0.38008450495289614 0.053829942197259915 0.003096005841194089 0.18510768971978817 0.77934864150108007 1 CAMERA 1 609
610 1 0.92106559608495053 0.064675506323992313 -0.38004415552803306 0.054969868468045031 0.0021622526182074045 0.18573610363614804 0.76243629072400154 1 CAMERA 1 610
611 1 0.91750592129684438 0.064013355092344182 -0.38848999426898195 0.056220095232367422 -0.012595819233419467 0.18564549931693072 0.74742605551602348 1 CAMERA 1 611
612 1 0.91561267003847624 0.071819484250618515 -0.39025227566140402 0.064796307673226847 -0.021635079789469699 0.17894139938091222 0.73533496291941469 1 CAMERA 1 612
613 1 0.91351632461378729 0.072752110870550488 -0.39445712589118637 0.067813205658349612 -0.030353712781682394 0.17762557218228892 0.72300071699966162 1 CAMERA 1 613
614 1 0.91271157726974483 0.071887060331356958 -0.39662859792897293 0.066899795063868353 -0.033723380532286344 0.177261242037071 0.71158806044202982 1 CAMERA 1 614
615 1 0.91194967048448994 0.062279814776569013 -0.40028351241609522 0.065131657912725641 -0.038446993348104724 0.18921580672056634 0.69781217826756725 1 CAMERA 1 615
616 1 0.90510428497763262 0.056113148649375819 -0.41485579696775549 0.074378865183801421 -0.065590363691730505 0.20020036056133525 0.68394805447734519 1 CAMERA 1 616
617 1 0.89210725091742304 0.051439274972103384 -0.44300147096286624 0.072445500727369244 -0.10772873774611427 0.20220785062285368 0.6711398472558664 1 CAMERA 1 617
618 1 0.87088712751384201 0.046741743931798432 -0.4825402950160011 0.080781707030577285 -0.1712237439811235 0.20670725332972911 0.65105669018592827 1 CAMERA 1 618
619 1 0.85386483458462736 0.04448475046100224 -0.51438093678183872 0.065940906208723588 -0.21183090185988149 0.20111303610811596 0.63563332847447562 1 CAMERA 1 619
620 1 0.8284519385796596 0.043599260697840862 -0.55188883542814349 0.08476557827310123 -0.27527576093301426 0.20253886657571019 0.60333244874625058 1 CAMERA 1 620
621 1 0.80370217037135361 0.039239801245608295 -0.58620240343069518 0.094285744153913401 -0.32703492253998545 0.20609479361454131 0.56761740413487183 1 CAMERA 1 621
622 1 0.78012997088586411 0.038688580763624823 -0.61444216083422587 0.11118117301721916 -0.37208696112230932 0.20250505476224834 0.52946119199329422 1 CAMERA 1 622
623 1 0.77558530362477185 0.045187245373712465 -0.61459439274673788 0.13674531824188679 -0.3794251773902807 0.19253747016164985 0.51346484782692681 1 CAMERA 1 623
624 1 0.79654791777744138 0.042895380221196454 -0.58850767624660261 0.13164389860120948 -0.33341083623949608 0.19805765743760986 0.52704582842727188 1 CAMERA 1 624
625 1 0.82497274030805279 0.053290123020058346 -0.5517589225562789 0.11019179604972129 -0.26834187111902008 0.18714756826373319 0.55534061993168704 1 CAMERA 1 625
626 1 0.84643311987261327 0.095324373633161402 -0.51556949111796446 0.093017940218663914 -0.21016810155268742 0.13319564673354789 0.58335177113139558 1 CAMERA 1 626
627 1 0.85978179090387297 0.11149031759450481 -0.48684991072061723 0.10640651081645465 -0.17338021266981718 0.11619408108587977 0.59028582692309028 1 CAMERA 1 627
628 1 0.85843729238383515 0.12819304416006497 -0.47920076580789422 0.13045529702857375 -0.17148806940107789 0.097453497240777801 0.58797533849430261 1 CAMERA 1 628
629 1 0.8529927885510491 0.14020611890004636 -0.48294748042891456 0.13966845760677124 -0.17769984120971671 0.078972039596402574 0.58201471899708668 1 CAMERA 1 629
630 1 0.85710732452209371 0.126075036511061 -0.47547375076386256 0.15296022932075309 -0.16815654417440482 0.09724739086046906 0.57148008836893027 1 CAMERA 1 630
631 1 0.86454292236929142 0.12609538818976504 -0.46687518766706571 0.1367225204539472 -0.14506164631296509 0.093890819925246005 0.56365170285076027 1 CAMERA 1 631
632 1 0.86347800798980157 0.15333034048979891 -0.46378947934975751 0.12567758450784866 -0.13300345304372185 0.062050945299394679 0.55499593542277625 1 CAMERA 1 632
633 1 0.85641442310554405 0.14819071774522805 -0.47440865898894852 0.1397507472153903 -0.14674501036708246 0.07078689572618016 0.53584004186379164 1 CAMERA 1 633
634 1 0.85016796813133333 0.14790472251189643 -0.48789555157904391 0.13151634792488584 -0.15559135152932874 0.068184689661734549 0.52066175932808534 1 CAMERA 1 634
635 1 0.85082528872074381 0.12638669982034434 -0.48981031783435897 0.14215689474939144 -0.15745443893574948 0.095154772121329737 0.50565011137466254 1 CAMERA 1 635
636 1 0.85201198895481822 0.12193613305066937 -0.49020647890965724 0.13749457505261803 -0.15289449775556482 0.10012876342593166 0.49666755848512567 1 CAMERA 1 636
637 1 0.84747999948137365 0.11597591061247742 -0.49768618695519862 0.1436513068184648 -0.16123291483590066 0.10601788419403435 0.48455604124337048 1 CAMERA 1 637
638 1 0.83803594482204868 0.11572061340129047 -0.51102608446639175 0.15217370277151551 -0.17705205195207629 0.10397121909404479 0.4710275659827512 1 CAMERA 1 638
639 1 0.83108505944477096 0.11736388741275948 -0.52737498615321921 0.13190513969871978 -0.18452857178656065 0.094282869268852515 0.4610400466419966 1 CAMERA 1 639
640 1 0.82789587724221636 0.11722966619454041 -0.53375729146101447 0.12628846194906082 -0.18654500238198413 0.090351713528080468 0.45403203465051567 1 CAMERA 1 640
641 1 0.83058947510331804 0.12033023177266321 -0.52605520769541536 0.13750519126805766 -0.18009121254396229 0.088720044930919381 0.4519726837093978 1 CAMERA 1 641
642 1 0.83474174820669178 0.11321733209559419 -0.5210322548359525 0.13752613909564612 -0.17067019255274349 0.097593812640420372 0.44487084593177989 1 CAMERA 1 642
643 1 0.84304018830859651 0.10509194545084825 -0.5053541335688595 0.15118241823317186 -0.15426435290460858 0.11159428440884872 0.4330991559430436 1 CAMERA 1 643
644 1 0.84660544481705757 0.11131554657250535 -0.49527212984990587 0.15991743898435379 -0.14172029282689627 0.11114987337249251 0.41940836172871609 1 CAMERA 1 644
645 1 0.8434605151558261 0.11162125872230236 -0.50391117551208942 0.14895832023872235 -0.14051122732250768 0.11065011803225734 0.40393644194012979 1 CAMERA 1 645
646 1 0.8521138535908751 0.10274137955047052 -0.48801631063132406 0.15870182735043042 -0.1230376638694274 0.12612806815352004 0.39125177858108179 1 CAMERA 1 646
647 1 0.86861386000485363 0.091984520440343512 -0.46254309067901289 0.15199572188695001 -0.090154947037128896 0.14051724229436507 0.38321878805375331 1 CAMERA 1 647
648 1 0.88806370080519337 0.085339458981785479 -0.42634685335330347 0.14929300281197783 -0.052334469700556996 0.15088288970820823 0.37618864067511942 1 CAMERA 1 648
649 1 0.89612643106318068 0.086625797119988315 -0.41110589955705179 0.14298716786019711 -0.034074899737824037 0.14917280579809772 0.36899458135333674 1 CAMERA 1 649
650 1 0.90088058230174728 0.078274999091146477 -0.41108704557731934 0.11530239332926596 -0.021705024348915195 0.1457692761484693 0.36090752355840156 1 CAMERA 1 650
651 1 0.90474246627367583 0.065344282967397735 -0.4075583926340331 0.10520147811730841 -0.012560296127330626 0.15002658379187878 0.34851574397160007 1 CAMERA 1 651
652 1 0.90706034807863534 0.075885755508972558 -0.3992393783087147 0.10995815504985734 -0.0072185493061633242 0.14326892465850949 0.34033458372960251 1 CAMERA 1 652
653 1 0.9033410979422698 0.078226904190191238 -0.4028986212152213 0.12461185036803935 -0.014542480915362335 0.14263061630671475 0.32972889056749266 1 CAMERA 1 653
654 1 0.89642299257812674 0.07724993147729374 -0.41945259870768969 0.12048976679118936 -0.024315768434355602 0.13826320820569871 0.3209491022158153 1 CAMERA 1 654
655 1 0.89417741779557469 0.077580870430724522 -0.42559691401519367 0.11530490374824985 -0.026049761020287922 0.13454932091188812 0.31372728667926686 1 CAMERA 1 655
656 1 0.89109878254171748 0.076644044483361692 -0.42967607755416248 0.12428643761718712 -0.030106607104066489 0.13442089690168291 0.30569268019598062 1 CAMERA 1 656
657 1 0.8873040556316647 0.080211496308057822 -0.43254935532728123 0.13841489777323676 -0.035537144101308128 0.13293208110961585 0.29864979280439075 1 CAMERA 1 657
658 1 0.88374962725228967 0.088963922516893362 -0.43525374361079106 0.1470584764460687 -0.040959299585321018 0.12692961260864535 0.29403153449622105 1 CAMERA 1 658
659 1 0.87699075855830555 0.091489462569759969 -0.44925634002844089 0.14382499291247841 -0.049761151506949999 0.1210044849530465 0.289450321969213 1 CAMERA 1 659
660 1 0.8714535184933816 0.096137034695269297 -0.45940211373817463 0.14239428906526982 -0.057269985379249551 0.11402116516159304 0.28556351924900453 1 CAMERA 1 660
661 1 0.8734345901004521 0.093606020151366112 -0.45638574337616816 0.14164032988686467 -0.052140086917161398 0.11422446079026558 0.27778994929356327 1 CAMERA 1 661
662 1 0.88339872242100081 0.086517380528964641 -0.44803706475354782 0.10669690107203263 -0.031605013041386416 0.1126363956244449 0.26841263805782706 1 CAMERA 1 662
663 1 0.88761043115720928 0.090733721173773957 -0.43860813328789988 0.10741517470346927 -0.02345618673648437 0.11207671238251599 0.25530140617950098 1 CAMERA 1 663
664 1 0.87978913683054927 0.089725022874269353 -0.44835129070306778 0.13000621181336736 -0.033374635821123148 0.11572999929380005 0.23970878118393857 1 CAMERA 1 664
665 1 0.87144974357809213 0.095086216999945739 -0.46576068800587594 0.12083433809397819 -0.038516683114944786 0.11076029790751479 0.22985071176020666 1 CAMERA 1 665
666 1 0.86895144506561106 0.093527586803661716 -0.46934412240435247 0.12606375922349108 -0.04134400357015737 0.11273547452610516 0.21916761654454389 1 CAMERA 1 666
667 1 0.8631499588179451 0.086681220524383124 -0.48424772820046741 0.11385364435831365 -0.042875954158611868 0.11372999553345443 0.20991803566746609 1 CAMERA 1 667
668 1 0.8574794348862288 0.084398465616050813 -0.49262139813080447 0.12218868954408796 -0.046803772075857064 0.11543310465225767 0.20058175114392873 1 CAMERA 1 668
669 1 0.8620637837951094 0.084912660721568112 -0.4842320778589283 0.12310632595633583 -0.040885558652678976 0.11600535664823863 0.19229555800026285 1 CAMERA 1 669
670 1 0.86676492647905978 0.092422820572176226 -0.47595894879208661 0.11678897006124093 -0.034849543863918801 0.11310675376340885 0.18351740058754207 1 CAMERA 1 670
671 1 0.85971411845920065 0.09140982330072403 -0.48882697614735832 0.116550701914146 -0.039669770714365345 0.11242383201034049 0.17217948931060031 1 CAMERA 1 671
672 1 0.85300354029802905 0.087901332249055664 -0.49841421572341221 0.12744247954542523 -0.045174023057182683 0.11323740681320096 0.15956734414401916 1 CAMERA 1 672
673 1 0.85175049364796374 0.080484477629785639 -0.50654055568214928 0.10705144034682561 -0.041287695376586567 0.11333200792319503 0.15113343036619914 1 CAMERA 1 673
674 1 0.84197428774867955 0.079597386180629198 -0.5208709474003369 0.11591812212760837 -0.046892868810162879 0.11284908670496195 0.1405623669198777 1 CAMERA 1 674
675 1 0.83461583569180031 0.078779597849968477 -0.53037490964054812 0.12614530113664743 -0.050651137395342445 0.11168513491824558 0.13090096398013762 1 CAMERA 1 675
676 1 0.83540311936693978 0.073007006821551368 -0.5300760444299214 0.12566221480012491 -0.048734339954332011 0.1108502829396692 0.12283420657975541 1 CAMERA 1 676
677 1 0.83587452675913498 0.074578322095744359 -0.53133526718728474 0.11590808095897538 -0.044251874508635158 0.10792664324180647 0.11258306047007603 1 CAMERA 1 677
678 1 0.83855913919476355 0.072840379524554591 -0.52597048708985683 0.12193398170368604 -0.040175379895383292 0.10907705418721712 0.09835442534687848 1 CAMERA 1 678
679 1 0.83688672433605082 0.06734272963439196 -0.52989449768319197 0.11957168862461524 -0.035875799337101409 0.11021643765269538 0.085375545663088193 1 CAMERA 1 679
680 1 0.83208377218749785 0.063960304559799508 -0.53740412762648948 0.12141861106458894 -0.03451890000008867 0.11004272090739602 0.074244635360400726 1 CAMERA 1 680
681 1 0.83595370639222544 0.068883743527491534 -0.53143662827619598 0.11837035428336043 -0.031913074632745536 0.10749434242697663 0.067064000213382921 1 CAMERA 1 681
682 1 0.83418716810690563 0.050610683416407364 -0.53457135715780002 0.12571313136014561 -0.030999305986382588 0.10699142937538214 0.052392065638344476 1 CAMERA 1 682
683 1 0.82825030695515012 0.0581023156378246 -0.5390069823868282 0.14176396892182405 -0.033839769334002484 0.10288180680145662 0.042762904224555469 1 CAMERA 1 683
684 1 0.83367184391987059 0.087657654741438551 -0.53478036665842432 0.10638304215031202 -0.028036666533873888 0.096917016512666862 0.044081678392729612 1 CAMERA 1 684
685 1 0.84283153892524865 0.043020360579818416 -0.53048240639526689 0.079828955107570349 -0.018168569724908063 0.098913576353341331 0.031431559647241612 1 CAMERA 1 685
686 1 0.84333032786355056 0.028156344476412319 -0.53190786485378183 0.07124044973168675 -0.014258759972075184 0.098885692192759306 0.019951742183936059 1 CAMERA 1 686
687 1 0.84422080054396464 0.044644681852873895 -0.52832924532092396 0.078525797352119467 -0.015638712473946548 0.095731655337144603 0.0048888540208773951 1 CAMERA 1 687
688 1 0.84856754717330218 0.063426514561809227 -0.52001417031310648 0.074131355096193341 -0.014924893570827527 0.096320757721436903 -0.0091137117183046797 1 CAMERA 1 688
689 1 0.85259766227618528 0.049379299400421788 -0.51559886936179966 0.069258335128282958 -0.011342186140014771 0.097013419199281498 -0.026435335548942226 1 CAMERA 1 689
690 1 0.8504568819914039 0.042157907370268727 -0.52033841825939942 0.064759039546039024 -0.0095988157712738175 0.097528432793668463 -0.041432004114689516 1 CAMERA 1 690
691 1 0.84974968590571409 0.047779606865873417 -0.52152971696815764 0.060409724299953775 -0.010150583571673848 0.098604404992149383 -0.052070484998892538 1 CAMERA 1 691
692 1 0.85087566108296042 0.033359748077618823 -0.5198668796957483 0.068089382287104636 -0.010903515428671516 0.096720937477863242 -0.066256127119280001 1 CAMERA 1 692
693 1 0.85004294044029627 0.030731870569829876 -0.52129407426800445 0.068811624540904032 -0.010724554976347538 0.096671017258314632 -0.07752252168594112 1 CAMERA 1 693
694 1 0.84955212300550786 0.023221915833684822 -0.5227395361074153 0.066822977425823007 -0.0091964014075580566 0.095298035078494853 -0.088461008643247394 1 CAMERA 1 694
695 1 0.84902283083704699 0.018300416380138577 -0.52414891461251245 0.063978455657241917 -0.0082187176673004583 0.093286964959470239 -0.09846715917035391 1 CAMERA 1 695
696 1 0.84934236544964403 0.015191532720006557 -0.52316623233623682 0.068438709288874661 -0.0090592136733350492 0.090472079851364615 -0.10840513167390262 1 CAMERA 1 696
697 1 0.8541218472772153 0.015859769948167977 -0.51565056000704235 0.065793902949833477 -0.010188213428526006 0.088890552958031999 -0.11713943747316292 1 CAMERA 1 697
698 1 0.85604836331991196 0.0019875752990134378 -0.51333906276884234 0.060500048242439479 -0.0079768650618074598 0.084503451961269196 -0.12810789616772858 1 CAMERA 1 698
699 1 0.8552269281012348 0.0014337922658645742 -0.51403886224066653 0.065946143151700998 -0.0085940232339513922 0.080606278825524277 -0.13866145853354897 1 CAMERA 1 699
700 1 0.84797875909901677 0.014050364698116062 -0.52523994957332476 0.069696533206128744 -0.0076830762663872565 0.080100325494475641 -0.14651752454686751 1 CAMERA 1 700
701 1 0.84717734298739777 0.0082219356770906419 -0.52700496662485641 0.06699786903528171 -0.0073758229207421776 0.076096835675331917 -0.15554115549829811 1 CAMERA 1 701
702 1 0.85018443316128467 0.0042644364762705247 -0.5229994938634529 0.060330536300757999 -0.0071157927613628635 0.073204081233429877 -0.16309734858739214 1 CAMERA 1 702
703 1 0.85425193268512833 0.0046414488835732366 -0.5159705899871917 0.063296466917620253 -0.0086478090961897031 0.070605513420289048 -0.16995871928435105 1 CAMERA 1 703
704 1 0.85830251104897104 0.0073018621174481425 -0.50904955812586816 0.064280865803962223 -0.010490970546168623 0.068773889021065918 -0.17519052033029467 1 CAMERA 1 704
705 1 0.86047072868663343 0.0089202472683461535 -0.5050175308318281 0.066841961481463277 -0.012082422616992352 0.066552494351973537 -0.18054391240464451 1 CAMERA 1 705
706 1 0.8618152741483287 0.0036562631240466843 -0.50210646839188455 0.071764610941872198 -0.013353229601266959 0.059749613646673395 -0.18888457511663823 1 CAMERA 1 706
707 1 0.86054392274166502 0.0023117642797014404 -0.50637102221016672 0.055201455090724348 -0.010653259335508184 0.05994349484251809 -0.20313680223430877 1 CAMERA 1 707
708 1 0.86191167979991279 0.011538083966148411 -0.50483612559429891 0.045995816525202342 -0.011538600389733842 0.063353475530762052 -0.21836906370043802 1 CAMERA 1 708
709 1 0.8558828903615564 0.0082040968982357108 -0.51469548645176277 0.049857065764201798 -0.0079349635250065761 0.061069403764936879 -0.23451059761269119 1 CAMERA 1 709
710 1 0.85589570753917577 0.016567940116375923 -0.51452331053577749 0.049333600026937596 -0.0094541070125354794 0.064360569438309964 -0.2461485613584006 1 CAMERA 1 710
711 1 0.85151969078215006 0.015726013184862567 -0.52152111058332629 0.051794207547902968 -0.0059421013471345416 0.063059048916128513 -0.25713737375714169 1 CAMERA 1 711
712 1 0.84548737552124087 0.022172896876868992 -0.53049027981735497 0.05691681208216532 -0.0025976365611208251 0.064777812531603404 -0.26711080977159285 1 CAMERA 1 712
713 1 0.84029809074002892 0.016105113136790864 -0.53818066597248482 0.063255946779146546 0.0011220452225375595 0.059895172741006475 -0.27760861270151849 1 CAMERA 1 713
714 1 0.84110726345730646 0.016736747876212901 -0.53728442564192158 0.059865671235858675 0.00055667971302481695 0.059892165271219246 -0.28619242551332785 1 CAMERA 1 714
715 1 0.8531087909519901 0.022984186702361832 -0.51727866894016472 0.064030435119216689 -0.01166041477535941 0.059848730264535077 -0.29496380551495499 1 CAMERA 1 715
716 1 0.86619669544371558 0.026362198106113083 -0.49530320754094853 0.0606881529876254 -0.023511936837792822 0.061488300849958349 -0.30443531203993746 1 CAMERA 1 716
717 1 0.87064974336275403 0.025013501150452869 -0.48822560958601996 0.054581162381597721 -0.02670836027220911 0.063645679594031571 -0.31370424446606271 1 CAMERA 1 717
718 1 0.86867952807915705 0.028911937662560967 -0.49184161927508313 0.051495620256810093 -0.025057043714901008 0.068172992876312608 -0.32180289156487585 1 CAMERA 1 718
719 1 0.86728264463811722 0.03469181408741067 -0.49389250616864427 0.051840955771412019 -0.025207475382143268 0.07217568880012587 -0.32903661181512622 1 CAMERA 1 719
720 1 0.86688888189211688 0.039100974977343522 -0.49467280382371476 0.047682254192113235 -0.025157869194801633 0.07661716785680886 -0.33580331961117332 1 CAMERA 1 720
721 1 0.86697425424031971 0.042654198276679475 -0.49413532410764194 0.048647130674387501 -0.025947644707377072 0.078633784853997621 -0.34225947781606081 1 CAMERA 1 721
722 1 0.86842018944453092 0.045303977208031879 -0.49076091834651997 0.054292220786588345 -0.029167181496267944 0.077648302652718701 -0.34792108944252931 1 CAMERA 1 722
723 1 0.86769293770230771 0.043940058215847656 -0.49205252927888821 0.055340270832153794 -0.027958968320633937 0.075443249148161695 -0.35305791035217654 1 CAMERA 1 723
724 1 0.86559929062263763 0.050933690300976241 -0.49567265620820239 0.04952014896399163 -0.025459339840689557 0.079573147428045901 -0.35740859240504763 1 CAMERA 1 724
725 1 0.86957440179455647 0.045888548157614818 -0.48964163577974112 0.04456085055926548 -0.029792944274975999 0.074220407242654524 -0.36734624846996994 1 CAMERA 1 725
726 1 0.86772795153488202 0.045028998758131884 -0.49347348312082445 0.038788050383064619 -0.027140571584963625 0.072103126727454378 -0.38377257989898372 1 CAMERA 1 726
727 1 0.86276013168178356 0.05262790270887531 -0.5020294341999747 0.02901217388873412 -0.020721037247715325 0.080350689895347285 -0.39967490547221263 1 CAMERA 1 727
728 1 0.85976464033284417 0.047252496512356086 -0.5074724131577607 0.032306573487824029 -0.016601786023502412 0.074163269226649481 -0.41588840539569838 1 CAMERA 1 728
729 1 0.86177477089694465 0.043580628310947091 -0.5042150236704882 0.03481641834696439 -0.020265401973701091 0.068687965474899318 -0.4294635332967387 1 CAMERA 1 729
730 1 0.85968923576923717 0.046637551423168368 -0.50721538683527601 0.038625225660150184 -0.018162092313236202 0.06730805926552505 -0.44129151549777279 1 CAMERA 1 730
731 1 0.86107419180281453 0.049239424530354702 -0.50443121383845069 0.040937339783095675 -0.021834344908934263 0.065268863711527514 -0.45189214658475751 1 CAMERA 1 731
732 1 0.86305268244362487 0.057835955090147419 -0.50057059795315695 0.034987799166181749 -0.025383620638476035 0.072322097705305913 -0.46071679089474848 1 CAMERA 1 732
733 1 0.8686780452720313 0.051901223639119851 -0.49198529947893799 0.025596518195739347 -0.032756310728291445 0.07121372180588971 -0.47171222057856121 1 CAMERA 1 733
734 1 0.87110552010441367 0.046549008648061052 -0.48844602371699591 0.02070856230060068 -0.035189133609536745 0.068316608452915886 -0.48201701886912396 1 CAMERA 1 734
735 1 0.87059231543260651 0.042523781211258958 -0.48992073248473494 0.015440991639498391 -0.03303519675361944 0.066720287400867787 -0.49149324490119894 1 CAMERA 1 735
736 1 0.86834745647419931 0.04374016894016905 -0.49375857421001218 0.016185266447294473 -0.029879948466246913 0.066605329080631187 -0.50031739584089019 1 CAMERA 1 736
737 1 0.86544480365207566 0.04791299403246839 -0.49848865960717842 0.014788275000950746 -0.025631824649849179 0.069796331762146904 -0.50753075726370389 1 CAMERA 1 737
738 1 0.86226502091964163 0.054199184195986377 -0.50340010412792391 0.012239987538192445 -0.020773339029077374 0.075412973308832232 -0.51291413871038616 1 CAMERA 1 738
739 1 0.86041045169164454 0.056490668759706313 -0.50632931973621742 0.011544649770383828 -0.018144916190267927 0.076895647906461348 -0.51759385789488066 1 CAMERA 1 739
740 1 0.85957887277087264 0.059326414814676418 -0.50747343587106986 0.008674668662498445 -0.016771624067551262 0.079374973160611623 -0.52282244521954835 1 CAMERA 1 740
741 1 0.85972272948838402 0.066291713943389743 -0.50616754712125611 0.016632838144517915 -0.019918319425896648 0.079071702940776908 -0.53092878586345027 1 CAMERA 1 741
742 1 0.85333946690692841 0.078726246123847501 -0.51536053870460141 0.0041770248203350365 -0.0095750581692429712 0.097118254377211471 -0.54292108339992673 1 CAMERA 1 742
743 1 0.85348053370728238 0.082136209441835611 -0.51461094872833646 -0.00043946579040586055 -0.011518776606095611 0.10376858337395965 -0.55712521625526257 1 CAMERA 1 743
744 1 0.85497570958055868 0.071462153024823463 -0.51372141930553894 -7.6798207962648217e-06 -0.011943733850387861 0.094831482996968558 -0.57284102677199267 1 CAMERA 1 744
745 1 0.85700801344783739 0.059326160865668408 -0.5118730158279724 0.001920205798564752 -0.014406346044761605 0.082672123144658508 -0.58705823412524016 1 CAMERA 1 745
746 1 0.85594659913744653 0.053352412014188125 -0.5142413725104783 0.0080467605809652204 -0.011360222847463566 0.074002809946239326 -0.59864177957083353 1 CAMERA 1 746
747 1 0.85170438398451587 0.05562135951918918 -0.52089464437598876 0.013216509645360683 -0.0039260587744163137 0.074481054336880084 -0.60852722738100906 1 CAMERA 1 747
748 1 0.84899229027375345 0.052113539076690023 -0.52566847077714862 0.01299726630654241 0.0016943374219623934 0.071821751445645329 -0.61787978239221719 1 CAMERA 1 748
749 1 0.85540950808687843 0.049803001410550642 -0.51540699090768904 0.012242068801761995 -0.012787815729048918 0.070255554128502637 -0.62859214947235609 1 CAMERA 1 749
750 1 0.85668525221566572 0.040489804133754373 -0.51318118378646393 0.033106298568629511 -0.016029432279646743 0.049650035075869639 -0.64171726262440532 1 CAMERA 1 750
751 1 0.85932787916528686 0.037778540949828292 -0.50849839977087241 0.039468409689957629 -0.023442249398468624 0.044985263489967293 -0.65235355668162465 1 CAMERA 1 751
752 1 0.85743459331052874 0.030174081638612616 -0.5115363961664452 0.047180063466684963 -0.018457408919469141 0.033434615166251604 -0.6626437539345662 1 CAMERA 1 752
753 1 0.85426104306292683 0.049142795272127074 -0.5156464275012036 0.043952449114109046 -0.013152373442601511 0.059770259716685072 -0.66950227765253267 1 CAMERA 1 753
754 1 0.85263762276641852 0.07551244695968766 -0.51496368601868892 0.046036471187920244 -0.015822901765864636 0.088757622334979011 -0.67403921482832507 1 CAMERA 1 754
755 1 0.86427876385605984 0.044652227020594577 -0.49410344703550363 0.083007111726501548 -0.04377555895941334 0.023643020933718305 -0.68412800241024507 1 CAMERA 1 755
756 1 0.85019364860608948 0.071081582753861644 -0.51713867221574383 0.06845262713737528 -0.0099927799910801713 0.064680348746306807 -0.68773900473003136 1 CAMERA 1 756
757 1 0.84336620916440286 0.077402076257306024 -0.52697452246709009 0.070994425846718792 0.0045433596145688301 0.070697313250841748 -0.69203599118382242 1 CAMERA 1 757
758 1 0.85085173106531875 0.089398023239207453 -0.51559392908083745 0.04714048662304187 -0.016072115462235113 0.097894813151169241 -0.6993848861445332 1 CAMERA 1 758
759 1 0.84944286433241079 0.07403106724880687 -0.52107446863341012 0.038047594604148187 -0.0055489772893912662 0.085471636513992949 -0.71480144713879201 1 CAMERA 1 759
760 1 0.84914655812195672 0.064964870716953477 -0.52336428561599979 0.028627136497007859 -0.0011541808413685468 0.079620791110291522 -0.72779446845170448 1 CAMERA 1 760
761 1 0.85110703027259893 0.061815968718092328 -0.52040842759952821 0.031155697960209349 -0.0072197810957212961 0.070658025875479022 -0.73964723028503321 1 CAMERA 1 761
762 1 0.85234274476071803 0.063824436581823019 -0.51799722075995391 0.03342403377424822 -0.011754207805651217 0.068021249859420249 -0.74989509579714342 1 CAMERA 1 762
763 1 0.85272522857754529 0.063493005515302917 -0.51783047688410189 0.026075275798934414 -0.012445527568005739 0.070191265561711791 -0.7588348602777496 1 CAMERA 1 763
764 1 0.85226067077485412 0.06328881225042883 -0.51865143287967841 0.025435535500205803 -0.01168578253486244 0.067751223346764061 -0.76738376540885544 1 CAMERA 1 764
765 1 0.85120617293448309 0.063565829279196739 -0.52034714098964285 0.025422221975738839 -0.0094595426140751306 0.065641793184308489 -0.77530438408231284 1 CAMERA 1 765
766 1 0.85053756045248086 0.06639598772009378 -0.52120654882885864 0.022829028278186822 -0.0086369685347745459 0.068858462595644265 -0.7819405013637768 1 CAMERA 1 766
767 1 0.84054138334310036 0.084722029691560147 -0.53426273103295729 0.029592140879221622 0.013441794509490677 0.088738590729673369 -0.78548722783948355 1 CAMERA 1 767
768 1 0.83583386112495472 0.06518666881618132 -0.54271705508804979 0.050898456972232289 0.031845430937628962 0.043831663160837732 -0.79398739189699707 1 CAMERA 1 768
769 1 0.83409829668451596 0.066833398117450579 -0.54594833684665989 0.041877701207560722 0.037611967352125381 0.051713635241788868 -0.79926197912329722 1 CAMERA 1 769
770 1 0.8270602484264824 0.059790316183246803 -0.55495337616167095 0.066507246599115416 0.058532931496010493 0.021247548200439795 -0.80882358350867689 1 CAMERA 1 770
771 1 0.83243605445791613 0.084763667104407414 -0.54387456584116045 0.063763568035671542 0.03569474044722231 0.056048600042771686 -0.82207573310489312 1 CAMERA 1 771
772 1 0.83309294984876447 0.07452253190653689 -0.54575381963080938 0.050549950632073487 0.037989632403265743 0.052469222948092246 -0.83537912792679059 1 CAMERA 1 772
773 1 0.83053151599096298 0.077235300808656204 -0.54951500881562143 0.047805484425081271 0.044959259234719974 0.059722267364285854 -0.84712024528120566 1 CAMERA 1 773
774 1 0.82887738436153446 0.077999230665928718 -0.55224253413129631 0.043664461587754298 0.049922666441238314 0.064888917255557135 -0.85758303571273442 1 CAMERA 1 774
775 1 0.82745476977782029 0.082942069156623097 -0.55343118297304938 0.04640197031381145 0.052134651499098073 0.070967153739575281 -0.86694751359740674 1 CAMERA 1 775
776 1 0.82425947072129169 0.084602218983980876 -0.55799816936636815 0.045572277242034921 0.06166578467483208 0.075763233482484704 -0.8746803964726082 1 CAMERA 1 776
777 1 0.82325619626705915 0.079710458749793989 -0.56053740517875894 0.04114967155707018 0.06727238254337807 0.073554053722905355 -0.88160429359705816 1 CAMERA 1 777
778 1 0.82380330196124596 0.08325472836191089 -0.55947091617000921 0.037537499157815818 0.064633735662115263 0.081287141008383135 -0.88659999650835586 1 CAMERA 1 778
779 1 0.8252645003279403 0.099995284039728585 -0.55464427123658233 0.036182593228367102 0.05368719133152889 0.10681984330965269 -0.88982292076854497 1 CAMERA 1 779
780 1 0.82776388083754682 0.092336801880920902 -0.55105060189014521 0.051226035916083615 0.048235913837012062 0.080397952703147021 -0.89767352173077852 1 CAMERA 1 780
781 1 0.82889641169422956 0.092504163048686458 -0.54862043605003219 0.05821800105950857 0.043830123356493299 0.075159231294019205 -0.90353652431283182 1 CAMERA 1 781
782 1 0.83686023573689294 0.078420521535543269 -0.53926424335933265 0.052050393644734405 0.023691652655248373 0.057117807042952037 -0.91328776147662538 1 CAMERA 1 782
783 1 0.83724665830314948 0.059826672151046832 -0.54201012970622064 0.040789971259934867 0.029229153488001348 0.039503918042673947 -0.92635357843133226 1 CAMERA 1 783
784 1 0.83688930702693887 0.050946996348927416 -0.54419365979231438 0.029562678986168888 0.033010793377362506 0.037352815204675351 -0.93953428979355191 1 CAMERA 1 784
785 1 0.84134579711004975 0.06240442105358697 -0.53617933463289269 0.027471058058440967 0.013589420659936548 0.056801629274615913 -0.95020764204768315 1 CAMERA 1 785
786 1 0.853128727316395 0.050190890359375184 -0.51819470112278909 0.033563386013699785 -0.025871172186264925 0.028776374049081579 -0.96150791136932912 1 CAMERA 1 786
787 1 0.85562528907472357 0.042308534946624933 -0.51537845873356014 0.022369551624611999 -0.033293272000052263 0.026832754764618782 -0.97129539102408313 1 CAMERA 1 787
788 1 0.85464621426492227 0.033799878924390472 -0.51796280858748711 0.012326619467453068 -0.02902518595921514 0.02288226274569486 -0.9806993644626234 1 CAMERA 1 788
789 1 0.85309058717128938 0.03632783470520061 -0.52036946043375487 0.011504918655051212 -0.025722838703445085 0.025983459794694568 -0.98872051896240587 1 CAMERA 1 789
790 1 0.85221915555055916 0.049513188351978217 -0.52076064649406661 0.0089052880355003101 -0.026802479997213597 0.047233050017041665 -0.99512053259398792 1 CAMERA 1 790
791 1 0.85007623323097814 0.052609032695989606 -0.52402017795985512 0.002353819352882348 -0.020022781782854347 0.056098414616875043 -1.0023895598387642 1 CAMERA 1 791
792 1 0.85235836826085476 0.045174244113371238 -0.5209989874253127 0.0021342038978209125 -0.027850647174724515 0.040549547298643102 -1.0128743655672543 1 CAMERA 1 792
793 1 0.85339204112080691 0.050290017433136665 -0.51879897052311308 0.0063691822392045218 -0.033859593224942031 0.043203627565720618 -1.023311888103867 1 CAMERA 1 793
794 1 0.8555969133364163 0.046159733218199696 -0.51551569073418635 0.0081715069158799277 -0.042277417933595463 0.033597014749665886 -1.033173634306628 1 CAMERA 1 794
795 1 0.85517987679760654 0.045680068736173245 -0.516272635495169 0.0065784101089488975 -0.041309510534529824 0.033873045877585703 -1.0420393792695086 1 CAMERA 1 795
796 1 0.85335435642518431 0.048429356093185778 -0.5190328665737588 0.0067692876128464755 -0.035560815882953845 0.037839178049442888 -1.0501964831806392 1 CAMERA 1 796
797 1 0.84992222514872262 0.049606000869254811 -0.52456247301865433 0.0023807092550742685 -0.023604057663216507 0.044692604402445213 -1.05775449820973 1 CAMERA 1 797
798 1 0.85066245306400623 0.050419493183775914 -0.52328281512780572 -0.0025221114442598291 -0.027442470383195725 0.05078287417934519 -1.0639484697405857 1 CAMERA 1 798
799 1 0.84584355306304571 0.058469979982112813 -0.53018036889962716 -0.0062226695259505324 -0.010661807775890771 0.067898545736050586 -1.0697417877365092 1 CAMERA 1 799
800 1 0.84427427020896462 0.068062089746036072 -0.53146560232712903 -0.010621776950444405 -0.0079912835907232933 0.090320725743595925 -1.0749700471683652 1 CAMERA 1 800
801 1 0.84227686157144743 0.051117649458622863 -0.53661590040260743 -0.00022318216099656088 0.0048922120671038138 0.047808159733713759 -1.0862031989637353 1 CAMERA 1 801
802 1 0.84801489853469092 0.040936344617999457 -0.52838621719114387 -0.0017184396840681389 -0.017004868133540969 0.02951197544058428 -1.0998243271161892 1 CAMERA 1 802
803 1 0.84937243751045421 0.034371569587893523 -0.52665617173842538 -0.004281865415963172 -0.023032015015418256 0.020598700746607811 -1.1140180030152267 1 CAMERA 1 803
804 1 0.84830746800585788 0.038588889658828007 -0.52807122132858308 -0.0051110199498876178 -0.020268178556276537 0.030285218927255952 -1.126424616595973 1 CAMERA 1 804
805 1 0.84914879518754582 0.041829174376921872 -0.52649352220357193 0.0011022160230086139 -0.025100422183632943 0.029698951079738568 -1.1379162885374967 1 CAMERA 1 805
806 1 0.8503957519031301 0.051733421132872992 -0.52359403314802611 8.2065722775749307e-05 -0.033777405687972432 0.049846342134262436 -1.1472807386957642 1 CAMERA 1 806
807 1 0.84887322810102928 0.054683341608458579 -0.52569173385678847 -0.0084956293771614351 -0.029027802702123694 0.065861415891601285 -1.1558387700711545 1 CAMERA 1 807
808 1 0.84584530274297454 0.051738138246131951 -0.53081813175522174 -0.010049869569598215 -0.016011114466697268 0.062668622915688768 -1.1650082339902894 1 CAMERA 1 808
809 1 0.84583334568694257 0.057220963996832373 -0.53022556124965248 -0.012351793424345725 -0.018345112205324053 0.076895829065195848 -1.1722915545027124 1 CAMERA 1 809
810 1 0.85023294830689555 0.055079460296377461 -0.52328258298140828 -0.015669237860509579 -0.037957208132379232 0.077473223309380501 -1.1792673314486677 1 CAMERA 1 810
811 1 0.85438025465407352 0.069630904222854895 -0.5146703679508936 -0.017330031380241001 -0.061196289658602458 0.10856811373412814 -1.1824121225654671 1 CAMERA 1 811
812 1 0.85497743668387316 0.070386763293428231 -0.5136394999049495 -0.015288899631490832 -0.06430170150296631 0.1084272612164566 -1.1878591286399365 1 CAMERA 1 812
813 1 0.85585413908671459 0.071730802639247415 -0.51208558355665867 -0.011693574060322736 -0.070108504809086147 0.10681887800331784 -1.192319692626034 1 CAMERA 1 813
814 1 0.87032886201662918 0.066296103804768539 -0.48797049867735348 -0.004158242624191978 -0.13864182347223003 0.083893503854291715 -1.1938972080574237 1 CAMERA 1 814
815 1 0.88216829960807086 0.073377637099862614 -0.46518157446193442 0.00095724676114715792 -0.20288028688542858 0.087995194309878469 -1.1933045159317532 1 CAMERA 1 815
816 1 0.88636670693215591 0.069777847411541208 -0.4575737193698215 0.010554818564288953 -0.22548314290202398 0.065439633054042393 -1.2030535304877918 1 CAMERA 1 816
817 1 0.88612298795246636 0.072328878791979939 -0.45754436347884847 0.014413152452657153 -0.22773335699137159 0.063481573083240386 -1.2151798683558386 1 CAMERA 1 817
818 1 0.88712533622911327 0.077732428520796634 -0.45474062132965887 0.013314454151710092 -0.23789250436349063 0.073648760320107323 -1.2241356426172532 1 CAMERA 1 818
819 1 0.89182772392551379 0.07518461001433828 -0.44594270402508029 0.011211154339725419 -0.26351363375880976 0.068015309616937886 -1.2298895614765031 1 CAMERA 1 819
820 1 0.89218043956307957 0.07563571850096186 -0.44517995862241361 0.010397393366580495 -0.26690427714764975 0.067211763889710119 -1.2388671618409746 1 CAMERA 1 820
821 1 0.89291564313642524 0.079365279894953705 -0.44307622570994171 0.0092878845865344544 -0.27436202792514169 0.073486380713034247 -1.2456504353901647 1 CAMERA 1 821
822 1 0.89470018794974915 0.082732130384381708 -0.4387615374392061 0.012461201736961929 -0.28718966950399866 0.071955284708346362 -1.2512056970631018 1 CAMERA 1 822
823 1 0.89547175127188094 0.079543159833892457 -0.43780079762689539 0.011562438971281301 -0.29152652533792467 0.064488622977599885 -1.2589072035749063 1 CAMERA 1 823
824 1 0.89548018067525514 0.068726123421762486 -0.43964006060262545 0.010420321038664717 -0.2887294259183934 0.042233633925976496 -1.2681358729326355 1 CAMERA 1 824
825 1 0.89597448872701868 0.066491698175542499 -0.43898230363971563 0.010154147687462711 -0.29285947271471019 0.035788872419240572 -1.2748571755753821 1 CAMERA 1 825
826 1 0.89617264779857397 0.071057841123492532 -0.43784406973521978 0.010859979293795239 -0.29767999268040224 0.041140935165525541 -1.2804318743314718 1 CAMERA 1 826
827 1 0.89577710053480453 0.069762283694894164 -0.43884678922877646 0.011406380439290082 -0.29626729318890455 0.035901560001970194 -1.2875288485676111 1 CAMERA 1 827
828 1 0.89477400597167867 0.069408059521811047 -0.44094876120183102 0.011233410229391699 -0.29185622911924136 0.034667597941509053 -1.2948367707524253 1 CAMERA 1 828
829 1 0.89746861034356462 0.057886651970478147 -0.43703919844463729 0.013998856900078051 -0.30390392705553843 0.0054389800698218249 -1.2978059111408804 1 CAMERA 1 829
830 1 0.90405060335859588 0.050899858504876112 -0.4238250215113929 0.021772967459892649 -0.34112259573091835 -0.025001929345863833 -1.2938628178005045 1 CAMERA 1 830
831 1 0.89465973356883088 0.053381854794029911 -0.44329360208575125 0.015004034761937847 -0.2878220721153254 -0.0073295724998357478 -1.3127772890171989 1 CAMERA 1 831
832 1 0.88637011630650553 0.055286625496952291 -0.45962557102693552 -0.0059783290403750758 -0.24387973223581838 0.030140973125867401 -1.3260048885269502 1 CAMERA 1 832
833 1 0.88857410678407522 0.016366834510455806 -0.45841564142693308 -0.0048252643579117186 -0.25221134453372918 -0.057193169961724175 -1.3337864699912205 1 CAMERA 1 833
834 1 0.90122555194563292 0.026990251582755736 -0.43247238727975956 -0.0056271733876389349 -0.32934431359308991 -0.035636703746965523 -1.3341682425461281 1 CAMERA 1 834
835 1 0.90864754179704299 0.049127302966236748 -0.41461474003077015 -0.0063851576857152925 -0.38037919350206884 0.011368401144508654 -1.3363347300209854 1 CAMERA 1 835
836 1 0.90807781706390744 0.050383327541469132 -0.41575565647240598 -0.001852720566161852 -0.37848562022778265 0.0075072605506054258 -1.3508893476904396 1 CAMERA 1 836
837 1 0.9122584610263631 0.046118511923233886 -0.40699802656883205 -0.0031921016390741739 -0.40612581459229741 0.00037333398424369869 -1.3548723985165676 1 CAMERA 1 837
838 1 0.91485661239758387 0.046845369525479422 -0.40100602851189898 -0.0060872985430612415 -0.42523571474351635 0.0072397886216480078 -1.3596230546759518 1 CAMERA 1 838
839 1 0.91757288894625311 0.044929353766793217 -0.39490821632790829 -0.0094258855093557869 -0.44492071778157732 0.009258133193534435 -1.3631418044695729 1 CAMERA 1 839
840 1 0.917716307781966 0.048050158388285295 -0.39424188526240445 -0.0078292154550580143 -0.44833821712736582 0.013392721892894175 -1.3713389696904277 1 CAMERA 1 840
841 1 0.91883590355015643 0.053951115829523062 -0.39088855611996848 -0.0059996785216618045 -0.46004853304951793 0.022710422073678335 -1.3762027886427435 1 CAMERA 1 841
842 1 0.92091761962784846 0.050478296609061765 -0.38646872333522392 -0.0021459995497304144 -0.47462537094022167 0.0073403682063330833 -1.3796291514869305 1 CAMERA 1 842
843 1 0.92162991274141548 0.050886360276302424 -0.38471580328194244 -0.0016226469766683631 -0.48104926381902785 0.006874287410560051 -1.3853007660117314 1 CAMERA 1 843
844 1 0.92499696863466618 0.042518257243957205 -0.37758753590224942 0.00067716237541349839 -0.50421423046755265 -0.017513768816846843 -1.3852289082415548 1 CAMERA 1 844
845 1 0.92701128949905232 0.029403445628150671 -0.37386593355242415 -0.003125740787550691 -0.51783387671374503 -0.039494666298868553 -1.3891961684425991 1 CAMERA 1 845
846 1 0.93110207503981568 0.024885885876265321 -0.36367659294979021 -0.012998241463202411 -0.55058707514734895 -0.029640853669487488 -1.386124677084587 1 CAMERA 1 846
847 1 0.93011541626362415 0.036137592426643037 -0.36528856132082221 -0.011985566758184867 -0.54595220174798265 -0.0067521279057651809 -1.3983808397085604 1 CAMERA 1 847
848 1 0.92792650074708471 0.033161106336649489 -0.37119063924273399 -0.008382098566025677 -0.52864905113242677 -0.022790424490848442 -1.4133379820540612 1 CAMERA 1 848
849 1 0.9313237423637396 0.043659365337506251 -0.36132806633388354 -0.013113931803306779 -0.55931315345678945 0.0069391718778281991 -1.409532908900653 1 CAMERA 1 849
850 1 0.93410105913735553 0.041137109253066462 -0.35460786660914539 0.0040262264817792423 -0.57843706012986573 -0.037260812624256734 -1.4085340953358514 1 CAMERA 1 850
851 1 0.93263461556597083 0.047349712405482913 -0.35769755392505304 0.0017715810073775299 -0.57085265775933536 -0.021733569654780325 -1.4189746338806684 1 CAMERA 1 851
852 1 0.93032402667685943 0.052117745733510759 -0.36297370742921481 -0.0055707883196307552 -0.55733504827960278 0.0022865071078223857 -1.4315610017465701 1 CAMERA 1 852
853 1 0.92784758309303428 0.048332138941649679 -0.36980177550233895 -0.0030844333446888037 -0.53739659443188514 -0.013670938011799184 -1.4455088941005843 1 CAMERA 1 853
854 1 0.93028220038923215 0.050937513205951128 -0.36302504940292374 0.013900032135463189 -0.55491644366964477 -0.046081079279246581 -1.4439158176944384 1 CAMERA 1 854
855 1 0.93367801611772705 0.062959390197293102 -0.35199315106717194 0.01955246803484844 -0.58747064202508892 -0.035113608544102413 -1.4377847590994195 1 CAMERA 1 855
856 1 0.93854232434666229 0.051915436902454204 -0.33985679620267073 0.03066677185567766 -0.62167602461977989 -0.087685250611667834 -1.4301564507576823 1 CAMERA 1 856
857 1 0.94331297707337258 0.0585805387005668 -0.32532991903102981 0.029822668455147094 -0.66662050374520643 -0.074588944350084452 -1.4211961330620981 1 CAMERA 1 857
858 1 0.94551363955714229 0.059030336807517785 -0.31823674856580331 0.035280995026546205 -0.68778979002005847 -0.088440890809875147 -1.420739190039805 1 CAMERA 1 858
859 1 0.94289813327991978 0.058637986585466831 -0.32663058619611163 0.028585957175331654 -0.66602121680622595 -0.074637364629749417 -1.4413963024198002 1 CAMERA 1 859
860 1 0.94008434565703713 0.052611642435714423 -0.3359336427769623 0.024940444691253179 -0.6394897257938128 -0.079741509910286626 -1.4612333263022752 1 CAMERA 1 860
861 1 0.93843152836182564 0.060241835905946457 -0.33965226401873505 0.018802322466028112 -0.63013181271877794 -0.048767714317947478 -1.4731380618527585 1 CAMERA 1 861
862 1 0.93858967893668455 0.069129477092533642 -0.33716010716015921 0.024363746226604848 -0.63692728890743611 -0.041387234031856991 -1.476120609961737 1 CAMERA 1 862
863 1 0.94014382543244146 0.078390348422514716 -0.33067756405893556 0.025236667836713592 -0.65676334122443758 -0.023514556843584444 -1.4750433395998799 1 CAMERA 1 863
864 1 0.94606867253685512 0.084975623542680845 -0.31194661558881126 0.020555273546510509 -0.715147520857078 -0.00078966803813474958 -1.4591163869461159 1 CAMERA 1 864
865 1 0.94906431813085979 0.089455961884483626 -0.30063501092383277 0.029885467052647014 -0.7482296526233212 -0.011895641840191462 -1.4547158267382532 1 CAMERA 1 865
866 1 0.95192244501027024 0.08474026449796665 -0.29144153291913405 0.041528052545587744 -0.77292419391474187 -0.049846481440765256 -1.4518508345617143 1 CAMERA 1 866
867 1 0.95022268213743921 0.074247284348426007 -0.30038958450419173 0.036473176990964876 -0.74815156516974801 -0.058846387411211197 -1.4750437156474927 1 CAMERA 1 867
868 1 0.95181851529068573 0.065792303682359568 -0.29657662922017924 0.041894984501716213 -0.75782486573913965 -0.09197349748046707 -1.4773583862947797 1 CAMERA 1 868
869 1 0.95281463554703527 0.076334934812257726 -0.29041358009611146 0.044465722869851454 -0.77618097842221434 -0.075496392732410475 -1.4773640760420925 1 CAMERA 1 869
870 1 0.95248232629878371 0.074489281725553608 -0.29217313537710909 0.043169711145408518 -0.77178086834320514 -0.077112810143463301 -1.4866861627178583 1 CAMERA 1 870
871 1 0.95180873019544032 0.072999441295053258 -0.29525394173061009 0.039450381327577791 -0.76457654599321745 -0.073332690344569518 -1.496797831096625 1 CAMERA 1 871
872 1 0.95374950370918365 0.073230005212362656 -0.28760613731380136 0.047769868018639895 -0.78577113785642683 -0.097813188425165579 -1.491386628570337 1 CAMERA 1 872
873 1 0.95713827393072493 0.073298895096554378 -0.27488368932074153 0.054337407924513068 -0.82169219212514433 -0.1195023864632974 -1.4800615522005949 1 CAMERA 1 873
874 1 0.95567260190903536 0.08578903585383843 -0.2757889345885513 0.057189009837513828 -0.81851145106188916 -0.09802726002543749 -1.4950173367266602 1 CAMERA 1 874
875 1 0.95383495805235141 0.082993974245410204 -0.28229237489031261 0.060182124547148275 -0.79804061235774226 -0.11201234716813124 -1.5162808471784543 1 CAMERA 1 875
876 1 0.9563463623391012 0.074177649200739285 -0.27600652786397251 0.060989410361921167 -0.81846074005972413 -0.14066955091032401 -1.5136594446880165 1 CAMERA 1 876
877 1 0.95658432437455976 0.075266620965284178 -0.27641430582719967 0.053632990438748362 -0.8219197666937389 -0.12382625138842365 -1.5227960345822122 1 CAMERA 1 877
878 1 0.95755285305880933 0.075852042969897587 -0.27388447990034637 0.048231658129739542 -0.83333117154700487 -0.11447165260405603 -1.5260226626375775 1 CAMERA 1 878
879 1 0.95709027680727321 0.070593815751770594 -0.27686708808982319 0.048366628487464168 -0.82496226871881684 -0.13061184977942181 -1.5386050220208798 1 CAMERA 1 879
880 1 0.95796235620727599 0.066480732183617094 -0.27360533473390125 0.055032328165219087 -0.83239677852007887 -0.16050028160876267 -1.5408437411576408 1 CAMERA 1 880
881 1 0.95855271056101499 0.054957139606291595 -0.27533222136961405 0.048462168318179469 -0.83085949841082518 -0.17464991385859455 -1.5485927707006331 1 CAMERA 1 881
882 1 0.95733846167564451 0.053782927272182562 -0.2799683695873168 0.047203586316773273 -0.8176107406217018 -0.17546589718034672 -1.5636767184000173 1 CAMERA 1 882
883 1 0.9565872012645924 0.054295452418653363 -0.28278911660997152 0.044980504114339251 -0.81092874032577078 -0.17049616367963918 -1.5752775068328373 1 CAMERA 1 883
884 1 0.95447718697917316 0.055417747758997958 -0.2907345236061471 0.037089210737780619 -0.78973349184016162 -0.14892812307163433 -1.5947708574782951 1 CAMERA 1 884
885 1 0.95293952596476827 0.064783956249074209 -0.29510328423734794 0.024966988186242718 -0.78128264046680707 -0.098235010711085646 -1.6077469721484581 1 CAMERA 1 885
886 1 0.95286829194947653 0.066297869244437632 -0.29461192356896593 0.029162051058328406 -0.78188248920759695 -0.10943072700609684 -1.6119857890321985 1 CAMERA 1 886
887 1 0.95894975949676475 0.066393141141052131 -0.27412967941451993 0.02932965111647513 -0.84899181089574693 -0.11637284452048133 -1.5863071466306204 1 CAMERA 1 887
888 1 0.96450594231684605 0.045190133654317559 -0.25837430018605095 0.030477205566888769 -0.90056800451095231 -0.17835281137327896 -1.5657717819267434 1 CAMERA 1 888
889 1 0.96198494199632389 0.054959624080225554 -0.26616815481041861 0.026812766699964481 -0.87827049701344129 -0.14306199240239068 -1.5966534539587123 1 CAMERA 1 889
890 1 0.95725503698123005 0.057110207055871942 -0.28229673513881515 0.026641541886029841 -0.82725465074894156 -0.13401486322937109 -1.6375897007601117 1 CAMERA 1 890
891 1 0.95611626584844811 0.059407528235575963 -0.28617832580902225 0.020356758241530944 -0.81867088325668258 -0.11195729848506115 -1.6548073147245188 1 CAMERA 1 891
892 1 0.95772177769533284 0.059533942939228243 -0.28106600230795975 0.015053521608658062 -0.8386244118005789 -0.099440204826662673 -1.6551071563334103 1 CAMERA 1 892
893 1 0.95956843358165256 0.068580467506214063 -0.27244519980270965 0.017284497526520812 -0.86678861234058702 -0.082457930534852356 -1.6499421658879063 1 CAMERA 1 893
894 1 0.96083434623034814 0.070894830939030998 -0.26698743401337732 0.022113166421344855 -0.88435230852114266 -0.090031411712238468 -1.6483819281215286 1 CAMERA 1 894
895 1 0.96406540366367588 0.080670555544851738 -0.25116198932577577 0.031429509140259285 -0.9345378276366697 -0.092233261267970587 -1.6284183665615946 1 CAMERA 1 895
896 1 0.96090176961932383 0.086660508929437996 -0.26177424440469604 0.025139417274337141 -0.90292956035487748 -0.056947984959351543 -1.6548062742780365 1 CAMERA 1 896
897 1 0.96148610136746648 0.082262239957014288 -0.26169304482692485 0.017150832156420368 -0.9081020104506714 -0.048894454290546618 -1.6584490034972046 1 CAMERA 1 897
898 1 0.96162742736170359 0.068377583498074615 -0.26557381041671163 0.00823093198999531 -0.90043385256067632 -0.063819989234514291 -1.6697294627452093 1 CAMERA 1 898
899 1 0.96252204281023668 0.071275161686663521 -0.26160525910488486 0.005818663043603651 -0.91594155057684856 -0.050950266487971192 -1.6721740424982108 1 CAMERA 1 899
900 1 0.96073610819342026 0.075629215961079022 -0.26654546018244618 0.014828006022437943 -0.89731771974068875 -0.06163569520580673 -1.6930728229612086 1 CAMERA 1 900
901 1 0.96264369614196199 0.082689273081749726 -0.25709505476450428 0.019537942854618413 -0.92994431847032299 -0.057426030021409086 -1.6854937262103669 1 CAMERA 1 901
902 1 0.96378151398601342 0.075627015581183912 -0.25523800059384177 0.016103132178834929 -0.93889193670568438 -0.069516245142822536 -1.68907164397548 1 CAMERA 1 902
903 1 0.96219364785514527 0.080335759365054507 -0.26019965834996972 0.0050682925140497796 -0.92671077350879516 -0.026829159937447333 -1.7060735287601827 1 CAMERA 1 903
904 1 0.95973360042541367 0.072160297045551963 -0.2711626379960852 0.01323372584627336 -0.8878152958540616 -0.070577769627160433 -1.7341041838035547 1 CAMERA 1 904
905 1 0.95368681012521006 0.089126754594038501 -0.28571550806077839 0.030075542593724292 -0.83017364186655918 -0.062176958199937432 -1.7722497776501489 1 CAMERA 1 905
906 1 0.95318810852649127 0.086390663945284704 -0.28811423239805894 0.030972117080695735 -0.82277128437161084 -0.072528842199631557 -1.7847726437437046 1 CAMERA 1 906
907 1 0.95255543955241073 0.094245854748338881 -0.28838435701889803 0.024296420902373411 -0.82543865048568166 -0.033005850550335225 -1.7934637037563426 1 CAMERA 1 907
908 1 0.95171182479125926 0.088666126070955573 -0.29305299692519404 0.022424576545011548 -0.80984657940268145 -0.043126954911496748 -1.8087149460208247 1 CAMERA 1 908
909 1 0.95036815549907561 0.093115153302712458 -0.29621595951278651 0.019647966017289725 -0.80048846807335516 -0.02181362414331104 -1.8215051511920879 1 CAMERA 1 909
910 1 0.94899989299848386 0.09416232282854814 -0.30057994078299993 0.013577895539693427 -0.78728948570328083 -0.0022085863685455749 -1.83493366966365 1 CAMERA 1 910
911 1 0.95830814389247221 0.10090658863717188 -0.26688757738512503 0.01530956421562958 -0.91256110415238112 0.0029412847666335042 -1.782793055842494 1 CAMERA 1 911
912 1 0.97542364554224481 0.11823638660613986 -0.18480728288115328 0.020374905974902782 -1.1920901027747099 0.0077191077359372176 -1.6138007691278333 1 CAMERA 1 912
913 1 0.9831552921793808 0.10906567639937989 -0.14509754886195519 0.021378751260883878 -1.3137755912506557 -0.035368443075141379 -1.5216374745974874 1 CAMERA 1 913
914 1 0.98779126505042436 0.1126261290553679 -0.10368200477886307 0.02887583122824355 -1.429819461387515 -0.065530600821750565 -1.418311417178725 1 CAMERA 1 914
915 1 0.99285537715914907 0.10633411343468625 -0.047081567861565941 0.026731672860481538 -1.5774829115587421 -0.097914341292111323 -1.2542081604238147 1 CAMERA 1 915
916 1 0.9927766017608729 0.11420286370446898 0.023982017400655982 0.027878087438462106 -1.7357701870961004 -0.11483859544814083 -1.0273171909837868 1 CAMERA 1 916
917 1 0.98444953227791754 0.13415031599376956 0.10728288311118064 0.036785786764917901 -1.8770619734573022 -0.14833370668622692 -0.73857197894957993 1 CAMERA 1 917
918 1 0.97846856433265539 0.13486189829806899 0.1523528314874848 0.034643206231230697 -1.9360216025734505 -0.16545762393531463 -0.57025789712205122 1 CAMERA 1 918
919 1 0.98196887120190113 0.11515436994724187 0.1493856542138535 0.012670177094938223 -1.9424044138546481 -0.11911140277679962 -0.57299870529077912 1 CAMERA 1 919
920 1 0.99057637280000155 0.062365800510638211 0.12175790427958068 -0.0066309367742674891 -1.9164912354631687 -0.13216317524464041 -0.66710373296969883 1 CAMERA 1 920
921 1 0.99520603754263814 0.057899073636506843 0.07636987138187315 -0.019500842439026542 -1.8576299315369196 -0.085965479849400381 -0.83901624942616826 1 CAMERA 1 921
922 1 0.99715626527621737 0.068968102794753322 0.021468864664981394 -0.021491190457372366 -1.7614233541762014 -0.046609261435346834 -1.043658519158378 1 CAMERA 1 922
923 1 0.99653152388666755 0.073163083268371065 -0.039278261758257563 -0.0054132522600900627 -1.6253378837134704 -0.079735830317188894 -1.2577117236492847 1 CAMERA 1 923
924 1 0.99239730790359926 0.088664120053357207 -0.085320443909634683 -0.0025843629613089159 -1.5088874834039561 -0.039865556646448995 -1.4091698912253008 1 CAMERA 1 924
925 1 0.9834023301021293 0.10691999787257797 -0.14654076188987641 -0.0037116451022555833 -1.3311258728486821 0.030407688093956133 -1.5879153367298993 1 CAMERA 1 925
926 1 0.96937572737277633 0.11363431716087499 -0.21769314022149566 -0.0027636650279497651 -1.095152339717852 0.069341276821564199 -1.7658093978930867 1 CAMERA 1 926
927 1 0.95129573806506196 0.12313392183552072 -0.28253537807210294 -0.0069437864531494437 -0.85648519657538869 0.13122341227580253 -1.8973136166483837 1 CAMERA 1 927
928 1 0.93294159257544895 0.11988236013331412 -0.33915123763121507 -0.014988081427140752 -0.63203147385043423 0.15847305079579133 -1.9888594695666639 1 CAMERA 1 928
929 1 0.9104082242944217 0.10544774715478449 -0.39904966525317564 -0.02823123125878264 -0.37910333653344069 0.15423430027672336 -2.0595686308950594 1 CAMERA 1 929
930 1 0.87682608329116796 0.095332437606822029 -0.46784567279209993 -0.056640731368146742 -0.06680743521562818 0.18638346455391205 -2.096228999367173 1 CAMERA 1 930
931 1 0.83992789578281413 0.10471936699352744 -0.52812372635042859 -0.068119848268084926 0.22719607953579923 0.24110841966286151 -2.0844910870900542 1 CAMERA 1 931
932 1 0.80169433264314971 0.12554594398671334 -0.58160971738754685 -0.05704865990291054 0.49820201592525176 0.29896854724798722 -2.0335889397815374 1 CAMERA 1 932
933 1 0.77363349918309465 0.12557232158576076 -0.6192984032936345 -0.046821882397423735 0.68860700315236534 0.28249543218631373 -1.9847876797755781 1 CAMERA 1 933
934 1 0.75689943147141558 0.099185874769630145 -0.64532531768100376 -0.028646941273766571 0.81647418295037955 0.1524899973209396 -1.9559802568360993 1 CAMERA 1 934
935 1 0.76218262531837955 0.087821176652400523 -0.64092646891218208 -0.024048867788991603 0.79470940628191578 0.10052657174939911 -1.9753915761087357 1 CAMERA 1 935
936 1 0.79521570803963615 0.095396353274118717 -0.5980814839148344 -0.028810624207909735 0.5810705551672315 0.13482356899999304 -2.053366309645849 1 CAMERA 1 936
937 1 0.84034784102222448 0.1002251236276322 -0.53166275107672367 -0.033243793415340978 0.25016059236352323 0.15487348566106593 -2.1247196990217256 1 CAMERA 1 937
938 1 0.87118602765966069 0.10949713133150957 -0.47751944466071128 -0.031944693012721903 -0.011143320735837889 0.18015606607766829 -2.1435181706941333 1 CAMERA 1 938
939 1 0.89797431075925471 0.099740885195674284 -0.42775360107823318 -0.026846783819080462 -0.24864954235592876 0.12404518565594683 -2.1381611398391542 1 CAMERA 1 939
940 1 0.91580030644092081 0.1040812153513129 -0.387276618839901 -0.02221980723686226 -0.43414782116932005 0.11948436528264053 -2.1140310238405653 1 CAMERA 1 940
941 1 0.91579768698406616 0.11922995320321041 -0.38277166218917652 -0.024179937938912325 -0.4529973314537305 0.17456804326608663 -2.1114397909575233 1 CAMERA 1 941
942 1 0.91561633401361298 0.10865375207023825 -0.38638634252648046 -0.023381303589418329 -0.43957310767250507 0.13339541302755606 -2.1224139920291694 1 CAMERA 1 942
943 1 0.91418642389051052 0.094875067052391751 -0.39284706144814446 -0.030546527423619126 -0.41567607503033299 0.099804973319366275 -2.1336351382283634 1 CAMERA 1 943
944 1 0.91164473533927093 0.098548346069102996 -0.39745180235583766 -0.034988066813291079 -0.39550514961680378 0.12191330457458491 -2.1392491288515814 1 CAMERA 1 944
945 1 0.91628756902881081 0.069521254353946293 -0.39357078455281513 -0.026190142855815574 -0.41989780696602441 -0.0060262961456386214 -2.1414499486451657 1 CAMERA 1 945
946 1 0.9230570691254838 0.066842821365158553 -0.37668665798127277 -0.04006053005536734 -0.50134198741527614 0.018036237176571886 -2.1271097061929676 1 CAMERA 1 946
947 1 0.92051313383416489 0.071953659465483447 -0.38270798135466866 -0.03182518398634749 -0.47265626905795238 0.016007961284200598 -2.1371979061551305 1 CAMERA 1 947
948 1 0.92231420550014742 0.066942467437841324 -0.37896184971341285 -0.03525803238631333 -0.49365158979685625 0.0076867487172385214 -2.1368022794971844 1 CAMERA 1 948
949 1 0.9352703802007114 0.0058638047873992294 -0.35006986917194011 -0.051826811696003491 -0.64809190632127089 -0.16183242350893343 -2.0930762813632513 1 CAMERA 1 949
950 1 0.94075253042811868 -0.039249942949752335 -0.32650952258449395 -0.082677990621318087 -0.77528901251285387 -0.22060909102818246 -2.047530770637382 1 CAMERA 1 950
951 1 0.95608615126192009 -0.081866219342618035 -0.27389676285118025 -0.064635569119174507 -1.0077919269697373 -0.38604537556771751 -1.9188854420274863 1 CAMERA 1 951
952 1 0.95571328681606948 -0.039131854998046389 -0.28619554769547922 -0.056328676594804991 -0.94335132786412368 -0.27983753550002627 -1.9722386132356895 1 CAMERA 1 952
953 1 0.95136439427323682 -0.023232198207448554 -0.30071849739159373 -0.062725111415676674 -0.88146892851384917 -0.21265178836869994 -2.0120040353729758 1 CAMERA 1 953
954 1 0.95047294389211101 -0.020632371162173098 -0.30145872782171224 -0.072788210648464607 -0.88286165821467377 -0.17612425599351292 -2.0205460340493353 1 CAMERA 1 954
955 1 0.95143124296391812 0.0019224992253468868 -0.30305079842390864 -0.054176632264231257 -0.86644060495212927 -0.15521366662967009 -2.0333462644220863 1 CAMERA 1 955
956 1 0.95227033702724651 0.013557813464589537 -0.302195001260467 -0.040933752885120488 -0.86548405403534723 -0.1547604526303667 -2.039071519874581 1 CAMERA 1 956
957 1 0.95291718843316031 0.029375938999038231 -0.29730853969793197 -0.051899117711660364 -0.88675085345074267 -0.070347197144180876 -2.0398269071978041 1 CAMERA 1 957
958 1 0.96088703439148981 0.01923396669853809 -0.27031657179144425 -0.057053594788483167 -1.003259414090476 -0.086987300736775963 -1.9876289959457638 1 CAMERA 1 958
959 1 0.96392369457378324 0.0086615193096411698 -0.25840043045135919 -0.063287492168903434 -1.0559237906776211 -0.10213233795577116 -1.9633635961254519 1 CAMERA 1 959
960 1 0.96548523232710548 0.014158634898477457 -0.25399958674930656 -0.055874942033690304 -1.0707347623013075 -0.10685103909513149 -1.9597913670849914 1 CAMERA 1 960
961 1 0.96525293544204804 0.010874464761621584 -0.25642283990764231 -0.049151234067490675 -1.0592492428912152 -0.13833353919360106 -1.9670267752131712 1 CAMERA 1 961
962 1 0.96939797571601816 -0.00094532630796494263 -0.23796285328382119 -0.060335325414555059 -1.1391119250073729 -0.13946108070283553 -1.9251198447814333 1 CAMERA 1 962
963 1 0.97228136043673885 -0.024153788373508206 -0.21972806482205104 -0.076191391797557545 -1.2211370031487907 -0.15756377523983997 -1.8765086595958922 1 CAMERA 1 963
964 1 0.97164543349026777 -0.019937518227221108 -0.22194291519270323 -0.079050549272052684 -1.2134971639294792 -0.1355111576832542 -1.8876776439131919 1 CAMERA 1 964
965 1 0.97241776154591653 -0.012495169808595302 -0.22384507876291168 -0.064350201826484488 -1.2029809851595612 -0.15997328084402182 -1.8970568357726425 1 CAMERA 1 965
966 1 0.97334774043567518 -0.0084596307736325479 -0.21981231179805691 -0.064847192830014985 -1.2180503991551319 -0.14517525439164472 -1.8925587571147726 1 CAMERA 1 966
967 1 0.97390264802711823 -0.02691517676066937 -0.20982858107238014 -0.082226346087252614 -1.2665143067564064 -0.14396236618981126 -1.8652803473699289 1 CAMERA 1 967
968 1 0.97504036805849603 -0.029274603189209221 -0.20010894057664125 -0.091627998809103842 -1.3071411520463012 -0.11637071707012769 -1.8440600911162908 1 CAMERA 1 968
969 1 0.97720900911196573 -0.018234717820134014 -0.19737955697375756 -0.075969454817533963 -1.314285201744442 -0.13267010469418358 -1.8421153331008802 1 CAMERA 1 969
970 1 0.98007905391801475 -0.0021065842317350052 -0.18885811242970529 -0.06142657196631273 -1.3395165062844738 -0.12926050576178943 -1.8258646989393492 1 CAMERA 1 970
971 1 0.98375409196266383 0.0024313457970518062 -0.16817530400917441 -0.062761789535925566 -1.4132870674753899 -0.10808945012967464 -1.7706323256240488 1 CAMERA 1 971
972 1 0.98899165386176424 -0.0010468268041489799 -0.13583783607518476 -0.058672779342942676 -1.5270102926716955 -0.12870272857549023 -1.6737642034509863 1 CAMERA 1 972
973 1 0.99137405571677761 0.010572614759556682 -0.12105811320232579 -0.049098214801624268 -1.5734026377493746 -0.12999007684241679 -1.6325217042638092 1 CAMERA 1 973
974 1 0.99404025802364893 -0.0080614222684555221 -0.10038493613825215 -0.041735398594072479 -1.6433410923112413 -0.2083717045122889 -1.5577998582228774 1 CAMERA 1 974
975 1 0.99236142309591824 -6.9571911696695814e-05 -0.11908818980569914 -0.032199443467161575 -1.5817268872427335 -0.22531148295744577 -1.6239442923828229 1 CAMERA 1 975
976 1 0.99190313263641738 -0.014445036029476483 -0.12091869517694921 -0.036030342169803435 -1.582837441961424 -0.25665247454797363 -1.6247924043859374 1 CAMERA 1 976
977 1 0.99287428219895224 -0.017182097846342108 -0.11454070417252511 -0.028033236509121942 -1.6031823042628288 -0.29496442090049435 -1.605252519944173 1 CAMERA 1 977
978 1 0.99343592340186104 -0.0066990007288958682 -0.11038014944194037 -0.029264519355371769 -1.6176132739420288 -0.26433716329492446 -1.6023293556476179 1 CAMERA 1 978
979 1 0.99211396636589277 -0.013678315025146257 -0.12076879740186713 -0.030621544930255911 -1.5884022572524075 -0.28329071628996139 -1.6344135977635592 1 CAMERA 1 979
980 1 0.9907787954934637 -0.016419464310960724 -0.13178833782204488 -0.026825614743469919 -1.5541978085043429 -0.30779516844423443 -1.6691330109397484 1 CAMERA 1 980
981 1 0.98992981704100913 0.00094653151855118151 -0.13914784335153213 -0.025998828855470679 -1.5301077862773549 -0.2617216119902529 -1.7052767312148263 1 CAMERA 1 981
982 1 0.98865094150101906 -0.0004517739632537787 -0.14821406503534368 -0.0245296289236837 -1.5026647233890482 -0.27214410935219302 -1.7355471101483857 1 CAMERA 1 982
983 1 0.98242049260126507 -0.0088263283024953374 -0.18393000701385759 -0.030689153876683452 -1.3816822014335142 -0.28175897797268801 -1.8396434773643928 1 CAMERA 1 983
984 1 0.97789636650998313 -0.00595948563757833 -0.20888653113596639 -0.0070425852846400343 -1.2756469750323283 -0.35614146172765881 -1.9084459143193913 1 CAMERA 1 984
985 1 0.97563212221949269 -0.012466761095219778 -0.21686380186749399 0.030929490795353027 -1.2172651668214749 -0.50208203612882318 -1.9187667111284279 1 CAMERA 1 985
986 1 0.97394390916005669 -0.0098648461148836547 -0.22331928901331524 0.038268025500990135 -1.1851463613606814 -0.5182027573651814 -1.9382840471343699 1 CAMERA 1 986
987 1 0.97195311441542842 -0.013361823190478274 -0.23127116435863745 0.040524728196197027 -1.1529036320942203 -0.53671274220532594 -1.9566046346571964 1 CAMERA 1 987
988 1 0.97122412950794867 -0.00058433754924890058 -0.23571758274809257 0.034067139512326705 -1.1420164825716297 -0.47566033503789301 -1.9828215147962431 1 CAMERA 1 988
989 1 0.97130366917284117 0.01119464519056626 -0.23541733491855307 0.031977188592481685 -1.1448165872734248 -0.43143078620071718 -1.9957403099068527 1 CAMERA 1 989
990 1 0.9702189188265935 0.010580932924796204 -0.23850881180262892 0.040949238111289331 -1.1238312857071995 -0.46308275046668562 -2.004606117824784 1 CAMERA 1 990
991 1 0.96898971367880071 0.019966037855767223 -0.24128633847765707 0.049408450502555101 -1.1031337396163545 -0.45770609751888974 -2.0201830627000317 1 CAMERA 1 991
992 1 0.96700505808836823 0.025370046800242133 -0.2440641671013051 0.068485477978995887 -1.0711509430234156 -0.49783525715378124 -2.0299107882671161 1 CAMERA 1 992
993 1 0.96605238451988984 0.031806790399482941 -0.251504537879288 0.049765307936793998 -1.0588881313298908 -0.41560177205148224 -2.0558653793138317 1 CAMERA 1 993
994 1 0.97258608076600894 0.062022111771686393 -0.22037152394474965 0.040816229442016648 -1.1960870306552951 -0.29275224282947415 -2.0045071719236578 1 CAMERA 1 994
995 1 0.98012919654516828 0.029457306900617777 -0.19434627597912224 0.026618605578291984 -1.3128072571547873 -0.36100109927956497 -1.9225129474060232 1 CAMERA 1 995
996 1 0.97626050604097969 0.015608560247088534 -0.21573349175337755 0.011439306251637704 -1.2425171770506562 -0.35135914050422923 -1.9734788487600876 1 CAMERA 1 996
997 1 0.9752332584077823 0.045118037286717823 -0.21643268922483527 0.0064300421180616451 -1.2407172373124005 -0.23485266331469129 -1.9957696321774128 1 CAMERA 1 997
998 1 0.97847519276248396 0.027764143415677491 -0.20447330135861894 -0.0024735642948962096 -1.2982730075072411 -0.26389190171021881 -1.9606230536061438 1 CAMERA 1 998
999 1 0.97928704952084444 0.019786231044706448 -0.19979480959062937 -0.026218576667106957 -1.3327093824329916 -0.21066734000086296 -1.9483708144720957 1 CAMERA 1 999
1000 1 0.97563363236551548 0.01753261699221062 -0.21563133107203192 -0.03653425514196619 -1.2757877761944034 -0.1855686427415216 -1.9914161784711522 1 CAMERA 1 1000
1001 1 0.97143041362291482 0.041845892522294668 -0.23064418868019348 -0.037082758736112068 -1.2095880689894432 -0.10441046932468243 -2.0395300083953525 1 CAMERA 1 1001
1002 1 0.97328112274159417 0.04640495936936978 -0.22223394492339046 -0.034387637089168775 -1.2420378555726854 -0.099181845588667675 -2.0216378013723615 1 CAMERA 1 1002
1003 1 0.97443300687696432 0.039927105174266134 -0.21784582660257734 -0.037806576318955336 -1.2620763267592716 -0.1105583465358857 -2.0101350913963532 1 CAMERA 1 1003
1004 1 0.97331671588059365 0.034589553665938293 -0.22181008219386847 -0.047522845051157378 -1.2504233472477679 -0.09770858459866999 -2.0197021691843866 1 CAMERA 1 1004
1005 1 0.9725083456022181 0.032932172307544756 -0.22508011013304074 -0.04981901026356559 -1.2393626086082443 -0.096636861793390552 -2.0292532033039601 1 CAMERA 1 1005
1006 1 0.97129299614190923 0.041894008329061858 -0.23097737697775159 -0.038526082545148763 -1.2101278954569699 -0.10366107638526825 -2.049201196328768 1 CAMERA 1 1006
1007 1 0.97062649457639716 0.048069641357076698 -0.23283332498694395 -0.036907456992610901 -1.2004192302055723 -0.088368366887079899 -2.0578477599099645 1 CAMERA 1 1007
1008 1 0.97173617671022117 0.040260259071793369 -0.22653720210708753 -0.052809189290942089 -1.232970313280418 -0.063202921827764255 -2.0416884525774952 1 CAMERA 1 1008
1009 1 0.97340880941338315 0.026368186979154246 -0.22034872145857001 -0.056801843486157952 -1.265197609544827 -0.096147519890068145 -2.0238707328675489 1 CAMERA 1 1009
1010 1 0.97112536150451223 0.042463198653687924 -0.2297973444736062 -0.048016554184017415 -1.2205835245443892 -0.070771251551988767 -2.0544333549155969 1 CAMERA 1 1010
1011 1 0.96838074527886353 0.040689084040956294 -0.24239628476002648 -0.042745429552139586 -1.1668886170085568 -0.093247218102644164 -2.0855199554744104 1 CAMERA 1 1011
1012 1 0.96931263052716199 0.041863802773514168 -0.23973748165604808 -0.034733070798161417 -1.1765671788110461 -0.11511020728779672 -2.0795613746514121 1 CAMERA 1 1012
1013 1 0.96684923089392483 0.053454096391785895 -0.24726393135762412 -0.034724235748768956 -1.1422261039728834 -0.074266364593921011 -2.1007762740733598 1 CAMERA 1 1013
1014 1 0.96534154770100022 0.046679359958183314 -0.25528178500281457 -0.027711800409012707 -1.1073790468544156 -0.11940791696833961 -2.1185613625593263 1 CAMERA 1 1014
1015 1 0.96109995594815667 0.044280434194822013 -0.27242044390498105 -0.010640468344136848 -1.026098919727086 -0.17853607649637643 -2.1565354726447037 1 CAMERA 1 1015
1016 1 0.95511137967164339 0.050517599165824822 -0.29190660485487974 0.00087099847761187702 -0.93298986876308454 -0.1861245979396644 -2.1995611147455874 1 CAMERA 1 1016
1017 1 0.94439682454674412 0.056363081631178258 -0.32369702440258813 0.01257287588317816 -0.77925666684898531 -0.19044895284911148 -2.2587570148768554 1 CAMERA 1 1017
1018 1 0.92646253418481295 0.066316347562935016 -0.37001424554240048 0.018941301260855466 -0.55167699912852342 -0.15645850545258302 -2.3274739189862048 1 CAMERA 1 1018
1019 1 0.91185673788750898 0.068233069300173338 -0.40408488106018065 0.024019715269093179 -0.37774588941429105 -0.14990632965226183 -2.3630176303425574 1 CAMERA 1 1019
1020 1 0.89282513212424108 0.069823579362540911 -0.44448981366606871 0.020414621217110476 -0.17033775938253717 -0.12146968479491647 -2.3895775944872941 1 CAMERA 1 1020
1021 1 0.87567462192957712 0.042992931080721858 -0.48018254391327875 0.027754079097541066 0.018428738715492655 -0.2409525712666053 -2.3865857147965195 1 CAMERA 1 1021
1022 1 0.85973910577168433 0.024525049475013664 -0.50912539995509054 0.032226062057315145 0.17218188192429623 -0.32190750426125497 -2.3700302902079451 1 CAMERA 1 1022
1023 1 0.8416671254390421 0.021813074301998282 -0.53702243508718628 0.052225893555821815 0.339089609077103 -0.3664659169495742 -2.3444647856611032 1 CAMERA 1 1023
1024 1 0.81867958319600842 0.031767209961184643 -0.57046167955910565 0.05768931082875204 0.52940289121015016 -0.32321177142378865 -2.3149651235732169 1 CAMERA 1 1024
1025 1 0.79778870986123396 0.046953710588576461 -0.59941480927673152 0.045060069902873083 0.68246929327995087 -0.22702092806344151 -2.2857142393239838 1 CAMERA 1 1025
1026 1 0.75712182853224697 0.037559099561710642 -0.65027829680850524 0.049939838805606991 0.96943247063719362 -0.26127445900889518 -2.1745287915166043 1 CAMERA 1 1026
1027 1 0.69210576779686217 0.03911111100526745 -0.71643118957300089 0.078652894322236738 1.3627739495030768 -0.25752125583742413 -1.9507176830900326 1 CAMERA 1 1027
1028 1 0.61448886908457712 0.046443337107853318 -0.78000198243397378 0.10882717311643611 1.7316708068249833 -0.19839235241256209 -1.6375999691481797 1 CAMERA 1 1028
1029 1 0.54506675734472632 0.057863720606961794 -0.82663545552668949 0.12738855341594563 1.979159694982449 -0.10238885891870864 -1.3336094779131136 1 CAMERA 1 1029
1030 1 -0.49306240640728261 -0.073416167258695722 0.85697745779486656 -0.13072553921996527 2.1169939866438856 0.0056916153990230816 -1.1001255830770464 1 CAMERA 1 1030
1031 1 -0.45309203538842002 -0.077875480821659515 0.87750970517813476 -0.13645414714312309 2.1991476413420297 0.053538253290557121 -0.91072428394414051 1 CAMERA 1 1031
1032 1 -0.40810335422469951 -0.082435799100154347 0.89988455661293787 -0.12986060244279096 2.2705248289693376 0.098472062605623592 -0.69371238575662575 1 CAMERA 1 1032
1033 1 -0.37536303253651626 -0.085807499214201832 0.91208564566340977 -0.14085255360963794 2.3089328865987477 0.14147323496361749 -0.53752690928353064 1 CAMERA 1 1033
1034 1 -0.3593120216008176 -0.094498857502301623 0.91735215552021221 -0.14293306064838079 2.320539527184033 0.19173565550734192 -0.46631855033588299 1 CAMERA 1 1034
1035 1 -0.35843678341944057 -0.11307247891038745 0.91287499853122067 -0.1593641235084261 2.3068756713583705 0.29131638008630029 -0.48058254236496911 1 CAMERA 1 1035
1036 1 -0.35977858596293844 -0.10867731990466634 0.91380096305374103 -0.15400132838031882 2.3101149583987302 0.2659666942494589 -0.48263028235531497 1 CAMERA 1 1036
1037 1 -0.36626228483136952 -0.10090901295287635 0.91295917845887009 -0.14891221670059854 2.3099666517985402 0.22312783481909351 -0.50864651160160079 1 CAMERA 1 1037
1038 1 -0.37701395468575211 -0.1060679857536734 0.90843898343045304 -0.14611185357188941 2.2967149151151376 0.23893135310462205 -0.56553698690311804 1 CAMERA 1 1038
1039 1 -0.40448284266361362 -0.1142480721208875 0.89174607408472684 -0.16771984784723545 2.2541819560047878 0.2731498200358628 -0.71563670210469044 1 CAMERA 1 1039
1040 1 -0.43972016008670822 -0.10478000559377208 0.87563996100399855 -0.17006466397816147 2.2071745959706903 0.20405789015965914 -0.88407314712726337 1 CAMERA 1 1040
1041 1 -0.47933711881513852 -0.10028210692473993 0.85511766976209991 -0.17015638811802844 2.1326068552857009 0.15053137910661576 -1.0741870868250476 1 CAMERA 1 1041
1042 1 0.50711211142838364 0.094584546684280915 -0.84281762793544923 0.15345851560743859 2.0735298716015627 0.098732634806843605 -1.1999459249385533 1 CAMERA 1 1042
1043 1 0.51096559763963112 0.097886151310508443 -0.83947580331545002 0.15688478274922268 2.0618638050782927 0.11208712101784031 -1.2217732942406017 1 CAMERA 1 1043
1044 1 0.51704684489495989 0.1094152248904509 -0.83021055100831798 0.17731697533176108 2.0340329651134503 0.16146979239196191 -1.2643140471935341 1 CAMERA 1 1044
1045 1 0.54179314343131912 0.098131176091820746 -0.81720996816581704 0.1702889601238744 1.9729219388524717 0.085383355459082017 -1.3678337797402222 1 CAMERA 1 1045
1046 1 0.56140189757852277 0.090171774022815815 -0.80539898355199502 0.16741994462496265 1.9169550657132404 0.030174196356720872 -1.4501948804813098 1 CAMERA 1 1046
1047 1 0.56181492125115085 0.088207719839883764 -0.803250290371747 0.17712245322915948 1.9168554480875453 0.018360028541601618 -1.4506857901386363 1 CAMERA 1 1047
1048 1 0.55967905464258727 0.0941605324869801 -0.8029516847791891 0.18210365681778606 1.919707956918473 0.045127842116876558 -1.4454255985105819 1 CAMERA 1 1048
1049 1 0.5660175339762652 0.094175698816692285 -0.80065817753868596 0.17234143937035337 1.9011182723350206 0.03843842383952964 -1.4707077680735405 1 CAMERA 1 1049
1050 1 0.59207929107240864 0.10202603068155672 -0.78276402882161999 0.16221367799759123 1.8026182278987501 0.050842864969305235 -1.5912757125183776 1 CAMERA 1 1050
1051 1 0.62348060855900589 0.10616946491749528 -0.75616857981794383 0.16795551305669718 1.6718648424159237 0.033457253563160066 -1.731227637552966 1 CAMERA 1 1051
1052 1 0.65562807025986347 0.10300828167390599 -0.72967359039076907 0.16467415972204291 1.5321036007074011 -0.015099450611121284 -1.8620628059644446 1 CAMERA 1 1052
1053 1 0.69312038803062881 0.10004288848549066 -0.69456996121618642 0.16476685690968268 1.3463154879018056 -0.073762776884074274 -2.0059429349082794 1 CAMERA 1 1053
1054 1 0.73003183389948623 0.087976232021729828 -0.65731020129516593 0.16509695141316286 1.146040945442387 -0.17539627666159763 -2.1263607094909065 1 CAMERA 1 1054
1055 1 0.76604755616502018 0.077735329649583115 -0.61570251621867 0.1674478179609083 0.92241952448295339 -0.2713798228019943 -2.2272211119124945 1 CAMERA 1 1055
1056 1 0.80939328015579637 0.05687610067031295 -0.56552256300923021 0.1477560758096004 0.62271400734059212 -0.38963181880178183 -2.3161998445706544 1 CAMERA 1 1056
1057 1 0.85187154725697112 0.060546079782617036 -0.50603837117874073 0.12072367659965462 0.26277919050414061 -0.3748631908336239 -2.3889358946831951 1 CAMERA 1 1057
1058 1 0.88274893661093168 0.059909892836094394 -0.45316348012365343 0.10866452933159156 -0.032640018623078124 -0.38986626255589829 -2.4034399962265853 1 CAMERA 1 1058
1059 1 0.91176014988695853 0.043018755925522352 -0.40179845092209721 0.073490275229681948 -0.34027876932275186 -0.40618615442880629 -2.3809260729344413 1 CAMERA 1 1059
1060 1 0.92061673751329354 0.04747350909623678 -0.38074483103913997 0.072418659069649421 -0.44911432244669364 -0.39294448746254518 -2.3714966075269466 1 CAMERA 1 1060
1061 1 0.91969610778223765 0.036132621399914987 -0.38072671217874177 0.088885733582723059 -0.43135488368534008 -0.47966761260073931 -2.3650085298385668 1 CAMERA 1 1061
1062 1 0.92349976198182282 0.018839701401453 -0.37814300762613756 0.061653232308451031 -0.47764775342833182 -0.47911528884189331 -2.3606477302406552 1 CAMERA 1 1062
1063 1 0.92699464039126533 -8.7407356244040234e-05 -0.37383442009502355 0.03047548847910413 -0.53397664421474877 -0.47238922478391449 -2.3537490868981257 1 CAMERA 1 1063
1064 1 0.9298605315109324 0.012774808855301896 -0.36723512733674063 0.018290911592507321 -0.57551195866074301 -0.3874312317316142 -2.3635412758969383 1 CAMERA 1 1064
1065 1 0.93862099335330007 0.014715263204845935 -0.34358045399198039 0.02695484186451691 -0.68535820516519708 -0.40690018478817958 -2.3339203068166738 1 CAMERA 1 1065
1066 1 0.94763541361402726 0.00045569034669875962 -0.31838224154438416 0.024893040795627479 -0.81091214911780396 -0.45925588965346725 -2.2857947175794329 1 CAMERA 1 1066
1067 1 0.95262435033781567 -0.00039717323977381085 -0.30390689798129406 0.012136175520305196 -0.89087599926148098 -0.42644745278070656 -2.2649702444004487 1 CAMERA 1 1067
1068 1 0.95246880375884158 -0.0054728843077254639 -0.30422757639054421 0.014792131931909166 -0.88893410730067934 -0.4559390793180586 -2.2627264234288016 1 CAMERA 1 1068
1069 1 0.94897418321914806 -0.0049695439230963137 -0.31376661432051089 0.031206008309152277 -0.82905581468599165 -0.50405950622789719 -2.2781959132076164 1 CAMERA 1 1069
1070 1 0.95041672526236487 0.013393853158603138 -0.30840311198178594 0.037632081514024827 -0.84470666782156834 -0.45640732935844147 -2.2847005466199346 1 CAMERA 1 1070
1071 1 0.95661678712403175 0.022338676021239484 -0.28930100819453003 0.026272282042898221 -0.94276050934381317 -0.39428708894623588 -2.2600344828444778 1 CAMERA 1 1071
1072 1 0.96035361290414911 0.013397135119123302 -0.27683143176510339 0.030096733035837771 -0.99792397400524702 -0.44342288922206186 -2.2289446080712367 1 CAMERA 1 1072
1073 1 0.95990841035823093 0.01145452357840168 -0.27775462726065753 0.036013950747164361 -0.9881791412252372 -0.47183162900954478 -2.2299780707605881 1 CAMERA 1 1073
1074 1 0.95955121918197561 0.013700984123184779 -0.27887781650614635 0.036068050421455972 -0.98279584914271823 -0.4657140901052288 -2.2363509597857791 1 CAMERA 1 1074
1075 1 0.96240315201473392 0.0073793018736057316 -0.26992982916888453 0.029387177830137789 -1.0318298269170445 -0.47173604226943394 -2.2157861427800754 1 CAMERA 1 1075
1076 1 0.96243963294474233 0.0064851218237648185 -0.27077328617502194 0.018700899071974069 -1.03860915839354 -0.44266330573384477 -2.2211130367950354 1 CAMERA 1 1076
1077 1 0.96232671099383482 -0.004148846902735235 -0.27173882454080034 0.0082522490479952516 -1.0458816679017859 -0.4501586984310168 -2.2186238253373864 1 CAMERA 1 1077
1078 1 0.96279596479205409 -0.0072937496520322801 -0.27007976972482967 0.0052582679215283853 -1.0584305494867532 -0.4533506543963266 -2.2152563682468327 1 CAMERA 1 1078
1079 1 0.96178295120176005 -0.0083001428286274236 -0.27340896307286972 0.012336989830400252 -1.0386236903685675 -0.48159941149911489 -2.2214136827737971 1 CAMERA 1 1079
1080 1 0.96095149676584524 -0.0010998768182110135 -0.27574816691403742 0.023107565384840621 -1.0175107347800298 -0.49104266668021657 -2.2319046369754463 1 CAMERA 1 1080
1081 1 0.96087866210235851 0.0045305206568183919 -0.27531016653115886 0.029932980198188925 -1.0119397903413081 -0.49230899459956479 -2.2366350105647879 1 CAMERA 1 1081
1082 1 0.96365720141402822 0.0015509408778240869 -0.26581127727069553 0.026584913409642443 -1.0592478389202116 -0.49464343760265694 -2.216934246854886 1 CAMERA 1 1082
1083 1 0.96396544961381647 0.006853137442890264 -0.26586256352604898 0.0063830849421946086 -1.0756452415684943 -0.40990083833415064 -2.2291228464061024 1 CAMERA 1 1083
1084 1 0.96377224534117301 -0.00082063620179078495 -0.2654672113501918 -0.025875574664361113 -1.1027421867990799 -0.3332962524686795 -2.2317756205347123 1 CAMERA 1 1084
1085 1 0.96504843641857729 0.0034931396653922128 -0.25657304922491547 -0.053287744864711419 -1.1557267874031902 -0.22576967281438651 -2.2208825746259868 1 CAMERA 1 1085
1086 1 0.96717155661345744 0.011522434060066268 -0.24497657570285936 -0.066579959057770685 -1.2082018805042176 -0.1495421900463266 -2.2016377504776843 1 CAMERA 1 1086
1087 1 0.96872434736719026 0.01000755645996298 -0.23531588706243611 -0.078098789540753097 -1.2549716046550039 -0.11357818262433232 -2.1816101232140657 1 CAMERA 1 1087
1088 1 0.97036694236252552 0.014398309950946521 -0.23258144198910943 -0.063926197155987907 -1.2648917105874435 -0.1460134886140485 -2.1791867443305692 1 CAMERA 1 1088
1089 1 0.97118813151078176 0.028607289999512623 -0.23467818010379843 -0.030023123665756542 -1.2398053208605211 -0.21080726139792982 -2.1929616556189937 1 CAMERA 1 1089
1090 1 0.97148276628736885 0.029248305656367931 -0.23528380399693971 -0.002702406261631552 -1.2212572710391556 -0.30053950904786048 -2.1966504026336726 1 CAMERA 1 1090
1091 1 0.97010781196537288 0.049608663807631105 -0.23754004916715049 0.0021304179510419135 -1.2049564352782314 -0.24044340303670034 -2.2170011479042762 1 CAMERA 1 1091
1092 1 0.97055841259030684 0.056871987455515437 -0.23401075830063522 -0.0045727226687560666 -1.2242442912684213 -0.191866787552714 -2.2141879570329457 1 CAMERA 1 1092
1093 1 0.97141994565275391 0.059716293262774944 -0.22900749750137958 -0.018243343857706672 -1.2531249075506297 -0.13494620638766686 -2.2034592562335136 1 CAMERA 1 1093
1094 1 0.97311026531232792 0.053637143149415457 -0.22279078208206052 -0.023318143961379816 -1.2851005961649149 -0.13893351007444449 -2.1870455004364295 1 CAMERA 1 1094
1095 1 0.972768404170402 0.063974945258502169 -0.22211658633070644 -0.017119004168901761 -1.2845460148592611 -0.12058655925850857 -2.1925055236819846 1 CAMERA 1 1095
1096 1 0.97173602024254957 0.081525975772503909 -0.22154594317413645 0.00013153172459350778 -1.2765473906622407 -0.11395601165225265 -2.2012297109778127 1 CAMERA 1 1096
1097 1 0.96885485404148974 0.090503594247590857 -0.23038608171683053 0.0071850246817413465 -1.2321560178511153 -0.099659725127757989 -2.2306417487087367 1 CAMERA 1 1097
1098 1 0.96843333110987528 0.084420720865899107 -0.23453140368296163 -0.002246279237421784 -1.2197479392867883 -0.088160691545553227 -2.2405253026403456 1 CAMERA 1 1098
1099 1 0.96656727893761307 0.077500889446317625 -0.2439215376069491 -0.015607399323077007 -1.1849698473686896 -0.066399078314905643 -2.2619092042584468 1 CAMERA 1 1099
1100 1 0.96433983571031634 0.069170837219050388 -0.25513979192257136 -0.012952340264322539 -1.1347197659214161 -0.10405493694142104 -2.2883391015897989 1 CAMERA 1 1100
1101 1 0.96085525287026707 0.053131712180910742 -0.27163833609125521 -0.01211687079712421 -1.0616607153219664 -0.16452726154212655 -2.3214870472504416 1 CAMERA 1 1101
1102 1 0.95342636212802367 0.02379828100499819 -0.30067519381668451 -0.0024983282068096312 -0.92515964444526178 -0.30665598098347946 -2.3673756175349574 1 CAMERA 1 1102
1103 1 0.948263302083871 0.013894310392134575 -0.31634842047709827 0.022963774109786016 -0.8324217410422794 -0.42168834790300347 -2.3870689919348567 1 CAMERA 1 1103
1104 1 0.93524727779691719 0.036981183046706431 -0.34862200973644536 0.049067461736307355 -0.644638654080541 -0.39631895824183982 -2.4531242675697418 1 CAMERA 1 1104
1105 1 0.92057810324299549 0.038470705289634713 -0.3851751006596128 0.051924006932284675 -0.45289697215847996 -0.38462894577309387 -2.5019090839334241 1 CAMERA 1 1105
1106 1 0.9099655232561622 0.015960970785689709 -0.41005090511541292 0.059718080266765117 -0.31450664869070344 -0.49354525925186882 -2.5086286687036625 1 CAMERA 1 1106
1107 1 0.89573373688224922 0.013043619143760721 -0.43896059988865949 0.069314705192926013 -0.1412245949001632 -0.52172785930320065 -2.523425113547737 1 CAMERA 1 1107
1108 1 0.87955797350287834 0.0022413067888335365 -0.4679708583152522 0.085883779371163052 0.047222242189618999 -0.59831284020606568 -2.5141405062254916 1 CAMERA 1 1108
1109 1 0.87267021572320469 -0.018444481379349221 -0.47553019450552714 0.10944190152678196 0.12549485657806841 -0.73902460211506715 -2.4765518658613401 1 CAMERA 1 1109
1110 1 0.87898924827624059 -0.0019475696624107587 -0.46593847647061015 0.10136786735167329 0.063581118764193534 -0.65457999306279113 -2.5056669424940394 1 CAMERA 1 1110
1111 1 0.87398877681131604 0.024125427653714202 -0.4686872589164241 0.12607075425249822 0.11827073003798928 -0.59280430674983442 -2.5235586384438924 1 CAMERA 1 1111
1112 1 0.86531068760483187 0.0037098807680630854 -0.47888189650699214 0.14797222678396899 0.2160194524513569 -0.72597009429845827 -2.4837225440815036 1 CAMERA 1 1112
1113 1 0.87791933428604962 0.018014626223044602 -0.4592186646621414 0.13435525205477947 0.086465368251433333 -0.65081352006667847 -2.5094869461457106 1 CAMERA 1 1113
1114 1 0.90366541604731765 0.038304905224174207 -0.41263465875447258 0.10795456669532554 -0.20624875908199741 -0.5322636340799185 -2.5285917768508255 1 CAMERA 1 1114
1115 1 0.91843579307460688 0.047504496358816609 -0.38823243244253691 0.059115101495845722 -0.39624081519743437 -0.3811455143388735 -2.5330802612613268 1 CAMERA 1 1115
1116 1 0.92272090677538876 0.044414508089563431 -0.37749792709575047 0.064099880726704764 -0.45060160692718593 -0.41202626128165609 -2.5227741028491057 1 CAMERA 1 1116
1117 1 0.91624292237639005 0.028843449049879552 -0.39090274570580841 0.082837226183277726 -0.35634371469774201 -0.52287589755145314 -2.5207626105880863 1 CAMERA 1 1117
1118 1 0.91747552129627885 0.036869598232363951 -0.38763226889698738 0.081366606529209212 -0.3758618003302317 -0.48384407559286047 -2.5304914516629884 1 CAMERA 1 1118
1119 1 0.92381414179680255 0.015676463827794643 -0.36946509804607275 0.09908189150343627 -0.44935185462659588 -0.62884346044939643 -2.4922395439432932 1 CAMERA 1 1119
1120 1 0.92520201998488194 0.020246532209467125 -0.36084477823792888 0.11568209095536493 -0.46971846169027021 -0.65667211573275885 -2.4846518643327875 1 CAMERA 1 1120
1121 1 0.91468989450042359 0.035638045991574753 -0.38218463155639248 0.12651969798735344 -0.34326259399349157 -0.60417669817042485 -2.5209392883800805 1 CAMERA 1 1121
1122 1 0.91260507530536206 0.053717851421448616 -0.38766982994120619 0.11823058791579177 -0.32934923496714097 -0.50032718856790681 -2.5536425283579018 1 CAMERA 1 1122
1123 1 0.91115316404890112 0.039084317943011246 -0.38926573374487433 0.12940060381107579 -0.30173229510527849 -0.59464579192746425 -2.5460874094511152 1 CAMERA 1 1123
1124 1 0.9044030129068672 0.040855014868165854 -0.40531428180284246 0.12691095686247494 -0.21939879178953836 -0.57206775398406196 -2.5692258522811628 1 CAMERA 1 1124
1125 1 0.89396247780149718 0.026510803849723815 -0.42633136345916955 0.13553536104387859 -0.088319947896292772 -0.64178879618987572 -2.5686957354652344 1 CAMERA 1 1125
1126 1 0.89890265406631431 0.029311092236249052 -0.41884262579145903 0.12524269721053671 -0.14709113002378718 -0.60985209158989151 -2.5817343230124572 1 CAMERA 1 1126
1127 1 0.91100679806446616 0.048299948948748818 -0.4003768238857417 0.086209788928190603 -0.30569402424181408 -0.43733831376572296 -2.6097589342466594 1 CAMERA 1 1127
1128 1 0.91507589572864634 0.047891541073468012 -0.39469455697166916 0.067518234921847206 -0.35891439518598151 -0.39352739536551784 -2.6172873313214349 1 CAMERA 1 1128
1129 1 0.9215646046373589 0.067294785146978064 -0.38038264643386371 0.038718647491626783 -0.46495398056148662 -0.23384794266625722 -2.6271336824267282 1 CAMERA 1 1129
1130 1 0.93363328996122741 0.066059107816017593 -0.34981024915575049 0.039973287784697227 -0.63290685703494076 -0.25639485639685006 -2.5981418144766497 1 CAMERA 1 1130
1131 1 0.93151254589225319 0.058977212758693977 -0.35642912976726732 0.042004055445843583 -0.59532818556364331 -0.29270449153432432 -2.6124614093351584 1 CAMERA 1 1131
1132 1 0.93312090728644292 0.050454061750980057 -0.3528436730417196 0.047340283397781124 -0.61252442548991293 -0.34923965394906931 -2.6104512820838703 1 CAMERA 1 1132
1133 1 0.93633365991197648 0.045771830925413787 -0.34486556442016425 0.047454813104049282 -0.65853006757154298 -0.37534012722437837 -2.6038514490746394 1 CAMERA 1 1133
1134 1 0.9351516133505543 0.039359781839829411 -0.34970630002541248 0.040592749893457472 -0.64093463133732043 -0.38388305595944738 -2.6147360887669091 1 CAMERA 1 1134
1135 1 0.93441879384498372 0.029689213539574849 -0.35202810450798239 0.045346245105899657 -0.62625655712640416 -0.44431756009762641 -2.6162925827445673 1 CAMERA 1 1135
1136 1 0.93666060426266706 0.023282487845143838 -0.34711429856274179 0.040453700885479289 -0.6609136452879667 -0.46307531331114121 -2.6130609318385769 1 CAMERA 1 1136
1137 1 0.93817652429470766 0.029970392919200717 -0.34242885091810771 0.040854214831212599 -0.68733734769183452 -0.43664680635322561 -2.6214782502111156 1 CAMERA 1 1137
1138 1 0.93624336030836341 0.028967339543295938 -0.34673291747266494 0.048842066491718905 -0.65589061396117465 -0.46447070105305455 -2.6334271950165249 1 CAMERA 1 1138
1139 1 0.93516952902587691 0.025853017547236519 -0.34968254559196676 0.05011677137988664 -0.63964408447621068 -0.48274531794920494 -2.6416948373569964 1 CAMERA 1 1139
1140 1 0.93309698661951224 0.011397884830677078 -0.35680796252578934 0.043453189309502011 -0.61133963863019181 -0.52678253071369108 -2.6492002016236054 1 CAMERA 1 1140
1141 1 0.93432859133279766 0.0045970686946415996 -0.35469512985171797 0.034645565906184311 -0.63712063780083583 -0.53311977899786112 -2.6514580179215494 1 CAMERA 1 1141
1142 1 0.94084083048797629 0.0066609113318782838 -0.33813163654311479 0.021003816691235345 -0.74498557595816772 -0.48614220755774229 -2.6410930591576554 1 CAMERA 1 1142
1143 1 0.94949123648994393 0.011966307326804274 -0.31266390455388776 0.02375883218669116 -0.88436568163424689 -0.47706341905192357 -2.6077471911505388 1 CAMERA 1 1143
1144 1 0.94846969777310952 0.020402566806486191 -0.31490156036570549 0.028739779977186818 -0.86792996808360989 -0.4586038914962865 -2.6235494132711827 1 CAMERA 1 1144
1145 1 0.94751550765389481 0.016849757155756855 -0.31866765846131262 0.019528745222323687 -0.85885419952588427 -0.44774525612695276 -2.6360582003992796 1 CAMERA 1 1145
1146 1 0.94520117125377057 0.022259729363496419 -0.32541380263084269 0.014321569973265752 -0.82700128110890858 -0.40881029668804175 -2.6614694623896242 1 CAMERA 1 1146
1147 1 0.94762073086338172 0.017326335623779703 -0.31760662882723539 0.028996169691896875 -0.85972466003714521 -0.48273954022097149 -2.6470840466950887 1 CAMERA 1 1147
1148 1 0.95136612172721169 0.021359729945419705 -0.30701985404199389 0.013604175477253256 -0.93428731822464162 -0.41548801654266337 -2.6416962524344196 1 CAMERA 1 1148
1149 1 0.95342887728239256 0.0048008663475241206 -0.30155004207342767 0.0042308121990506861 -0.97804708630076642 -0.45854495424232256 -2.6282519118436616 1 CAMERA 1 1149
1150 1 0.9538675039365565 0.010066136352667373 -0.30005352262231139 -0.0018279482254533843 -0.99229850640319428 -0.41526771335677298 -2.6409362152339737 1 CAMERA 1 1150
1151 1 0.95738292093560151 0.0088838196974444072 -0.28863547698523151 -0.005346201820632693 -1.0599669788439212 -0.40893767738033643 -2.6255404307766343 1 CAMERA 1 1151
1152 1 0.96400815807968254 0.0028109785928563044 -0.26577840615240045 0.00649679753862634 -1.1757846316308238 -0.47793710817945734 -2.573050112061146 1 CAMERA 1 1152
1153 1 0.96984165518029852 -0.0033710571433293651 -0.24333949140300276 0.013479309129303535 -1.2896081053584463 -0.53028529854763728 -2.5157747332304248 1 CAMERA 1 1153
1154 1 0.97291523294948157 -0.014071047700751153 -0.23006514923709637 0.017549422154930206 -1.3570451865492867 -0.59144323328485537 -2.4733764214267895 1 CAMERA 1 1154
1155 1 0.97619951698450991 -0.0057699402627605445 -0.21636360346923689 0.013711379302621913 -1.4311171035338435 -0.54298829800323511 -2.450194904780191 1 CAMERA 1 1155
1156 1 0.97982515228935785 -0.015825306448905823 -0.19908206389741284 0.0076526107493800682 -1.526983520590848 -0.55970664230231326 -2.398520808650757 1 CAMERA 1 1156
1157 1 0.98811980529461463 -0.0043548508304064801 -0.15300595875554457 0.013764528472645842 -1.7406721305372725 -0.5368973341796528 -2.2663118570450878 1 CAMERA 1 1157
1158 1 0.99538554967564485 0.01332781362899511 -0.091548648156695014 0.025471982676404725 -1.9970369054094592 -0.52478578536206222 -2.0569164522819086 1 CAMERA 1 1158
1159 1 0.99611880171569456 0.031988133060518363 -0.078712883326194014 0.022986391849714998 -2.0558159376805953 -0.44677919733611771 -2.0277452633572657 1 CAMERA 1 1159
1160 1 0.99533349735821863 0.050876429737784654 -0.079694661168107903 0.019276382313441684 -2.0603507109021968 -0.35829537515750343 -2.0512095154665966 1 CAMERA 1 1160
1161 1 0.99360703367752934 0.053906077329906169 -0.097883330604846289 0.016063967229349534 -1.9929029663717055 -0.32558162298411059 -2.1322535557764648 1 CAMERA 1 1161
1162 1 0.99019871024412409 0.056701581228878556 -0.12668344996588002 0.015580385802689474 -1.8730623261804038 -0.30205517585019825 -2.2509026751454333 1 CAMERA 1 1162
1163 1 0.98210527213345511 0.060638898099695818 -0.17708352300543725 0.020822688705104276 -1.6374367302274837 -0.28943419365579554 -2.4372397245237494 1 CAMERA 1 1163
1164 1 0.96143362375615005 0.060237069100804473 -0.26709472936923817 0.026024760526010451 -1.1678106563839379 -0.27907963000769137 -2.7020249252642086 1 CAMERA 1 1164
1165 1 0.93585257183799675 0.063000421829265754 -0.34489722066890355 0.035451626315405382 -0.71279441891299045 -0.26748826498555239 -2.864219724328684 1 CAMERA 1 1165
1166 1 0.91366933123829053 0.041341513206267048 -0.40387899778485353 0.019518903368102362 -0.36891409538155773 -0.30382237631979597 -2.9321654282714635 1 CAMERA 1 1166
1167 1 0.88525466988150736 0.020524431434652234 -0.46432579542578406 0.017449150967337426 0.012537516962027484 -0.39028041945781677 -2.9513595249174012 1 CAMERA 1 1167
1168 1 0.84488122054562742 0.026551400729582644 -0.53378374046283239 0.023359467162922403 0.48736764850483355 -0.3590693440570179 -2.9195860790643606 1 CAMERA 1 1168
1169 1 0.82941711779701632 0.010593593210266344 -0.55750312669590751 0.033842047994658168 0.65641407571835397 -0.46504835457983323 -2.8766109956490595 1 CAMERA 1 1169
1170 1 0.86530028903369982 -0.01020315389717562 -0.49792489665897544 0.056763568738186637 0.27324132019973668 -0.64553191221914985 -2.911753905204375 1 CAMERA 1 1170
1171 1 0.91024942616102378 -0.072955760024571173 -0.40057955980501453 0.075229352776592359 -0.34248865394232514 -1.0382569478555699 -2.7971609863678433 1 CAMERA 1 1171
1172 1 0.93853389470190751 -0.12856032718539132 -0.31224898532194523 0.07160266709466595 -0.8865382067859906 -1.2876437003918952 -2.5718039960663659 1 CAMERA 1 1172
1173 1 0.96488420140140518 -0.12395775873592814 -0.2255567082713319 0.052508316378828294 -1.3906626083620683 -1.1860776398567103 -2.3981372246857893 1 CAMERA 1 1173
1174 1 0.98075453851432137 -0.12145527753821857 -0.14939892227285712 0.032390010271436051 -1.7950984818742355 -1.0755278668139949 -2.1782571968199824 1 CAMERA 1 1174
1175 1 0.99076146163547085 -0.092626029566378915 -0.096442945125087137 0.022603166156826778 -2.0418456938803606 -0.91177876063505703 -2.0389513700460591 1 CAMERA 1 1175
1176 1 0.99603877655324025 -0.051653213206048855 -0.072342061073037506 0.0023081090788307891 -2.166767832467333 -0.66610764937889488 -2.0138431753349955 1 CAMERA 1 1176
1177 1 0.99753334824714102 0.014651475459857869 -0.068359163180123306 -0.0062911216019545906 -2.188198906369982 -0.37868615730801602 -2.0730124288913214 1 CAMERA 1 1177
1178 1 0.98834849067108232 0.136425752578656 -0.0672961511854719 -0.0051481119998412163 -2.1860010925373037 0.090378214663058384 -2.1158537310313714 1 CAMERA 1 1178
1179 1 0.98399186487855017 0.17302350780012105 -0.042556325952219497 0.0034401631971470461 -2.2851116835420329 0.17503265985132646 -2.0094134506385504 1 CAMERA 1 1179
1180 1 0.98070975926312276 0.19382686759793405 -0.023791271895804374 -0.0085725646582954212 -2.3627217581905349 0.2932878910980638 -1.9088101699329161 1 CAMERA 1 1180
1181 1 0.97913225803073911 0.20321494018523525 -0.0010803522364850357 -0.0015944303630745259 -2.4474489711410206 0.27265970924568278 -1.8080768654881469 1 CAMERA 1 1181
1182 1 0.98237762765245984 0.18678998282366907 -0.0017482886107374797 0.0063751463977094183 -2.4442739379839131 0.17351384377692752 -1.8317595727251639 1 CAMERA 1 1182
1183 1 0.98965746272248245 0.14325710194600008 -0.0065080415751111315 0.003626929085080458 -2.4297077435827719 0.030312054832053861 -1.8695916712527372 1 CAMERA 1 1183
1184 1 0.993132214183712 0.11651354569751399 -0.0086882100217085083 0.0061248531549599836 -2.4230676920139929 -0.077603292888141731 -1.8912670257414546 1 CAMERA 1 1184
1185 1 0.99305612327336601 0.11544462807555654 -0.021312501501984549 0.00760599483944383 -2.3771834744177625 -0.07968551406353655 -1.9618587631747857 1 CAMERA 1 1185
1186 1 0.99245432679311507 0.1189116647851709 -0.029847631635419834 -0.0018825762668266699 -2.3514059555270306 -0.015468668383527508 -2.0052963185580426 1 CAMERA 1 1186
1187 1 0.99279067623395056 0.11473294612644351 -0.033443031128955449 -0.0091971694009325422 -2.3427232219190044 0.0057423816078840673 -2.0253629913499593 1 CAMERA 1 1187
1188 1 0.99284337380801491 0.11101927110950539 -0.041486225990122062 -0.014685012118796709 -2.3152331812682299 0.02181069014015426 -2.0657807951680724 1 CAMERA 1 1188
1189 1 0.99168023016527884 0.11831570086393725 -0.047776872165630958 -0.017002544353242183 -2.2914714533384606 0.064932336568683843 -2.0987619721393393 1 CAMERA 1 1189
1190 1 0.99150156827872982 0.11970567105455446 -0.04574504372714238 -0.022418371765140367 -2.3025725126228114 0.094233764732216077 -2.0914053309969618 1 CAMERA 1 1190
1191 1 0.99349195814808222 0.10407986605168888 -0.041803480317079866 -0.019838840972478722 -2.3205333863177331 0.01682075600854481 -2.0818245350400595 1 CAMERA 1 1191
1192 1 0.99421713332711825 0.092128382182579252 -0.049863665448513707 -0.023627692719910821 -2.2912599009663528 -0.010558232288042892 -2.1286453382991533 1 CAMERA 1 1192
1193 1 0.99435791183170663 0.089153639756945888 -0.049219598323745978 -0.029688429339155473 -2.2985049472022685 0.0066671335445464587 -2.1377254282556688 1 CAMERA 1 1193
1194 1 0.99481249724841869 0.083417669470042866 -0.051142541060842948 -0.027821362878040795 -2.2927834662874496 -0.02347155113762454 -2.1592663920907222 1 CAMERA 1 1194
1195 1 0.99549596152854292 0.079660630488180881 -0.045466836395309712 -0.023973763133672592 -2.3172701128318733 -0.057766230226337846 -2.1456115579740032 1 CAMERA 1 1195
1196 1 0.99550862719577349 0.083140254803788935 -0.039366237286397279 -0.022373434511911702 -2.3434977044762113 -0.052823474065898143 -2.1288884522120664 1 CAMERA 1 1196
1197 1 0.99512375859835456 0.089811271654829286 -0.034732607752151902 -0.021360864110834182 -2.3632231959284233 -0.032008627824258902 -2.1177870568768298 1 CAMERA 1 1197
1198 1 0.99494058688240539 0.092913710255033727 -0.032583774386528964 -0.019964184618118816 -2.3728062748242245 -0.027035271037810397 -2.116928886191531 1 CAMERA 1 1198
1199 1 0.99554832547208716 0.087632125743840245 -0.029949978781147409 -0.017525437465239661 -2.3843966637768514 -0.061099841503642872 -2.1125733367624369 1 CAMERA 1 1199
1200 1 0.99554043741152887 0.085473385192160703 -0.037350749683110841 -0.014087561902758816 -2.353070901130355 -0.084216641015464694 -2.1559357792993383 1 CAMERA 1 1200
1201 1 0.99527691537842145 0.087420050498524776 -0.040979989866141368 -0.010111227236136975 -2.3371422819290779 -0.094736887498439309 -2.1819150458036964 1 CAMERA 1 1201
1202 1 0.99537635061903229 0.085499069947437306 -0.041372814674275789 -0.014287052613771667 -2.3391607143819391 -0.083953521456902672 -2.1881879293921656 1 CAMERA 1 1202
1203 1 0.99473115714652316 0.088404622271844452 -0.047681899616956902 -0.02051789979091868 -2.3152333397479845 -0.0416789051634988 -2.221784213105944 1 CAMERA 1 1203
1204 1 0.99468931903072422 0.08570664986992628 -0.049424321741978312 -0.028368383715212345 -2.3118623916257315 -0.017620055287458365 -2.2320213425866871 1 CAMERA 1 1204
1205 1 0.99361372010441174 0.095390196357391446 -0.049765127650899105 -0.033998790111706027 -2.3117514625868156 0.047067311696183764 -2.237192377609623 1 CAMERA 1 1205
1206 1 0.99373817722432012 0.096464073600317099 -0.047813873143427679 -0.029882288505780844 -2.3196633939854983 0.026688889539183708 -2.2341017745771787 1 CAMERA 1 1206
1207 1 0.99514013237895982 0.084916221369902692 -0.041913537429186479 -0.026992733415056844 -2.3465673861565404 -0.042714803864018415 -2.2122951306480676 1 CAMERA 1 1207
1208 1 0.9967790999733408 0.067377910287507239 -0.035490510631279733 -0.025140937069976197 -2.376891573826601 -0.13021901760301455 -2.1883954652804487 1 CAMERA 1 1208
1209 1 0.99689007592457601 0.067822823006610786 -0.031030661884326335 -0.025442861975961448 -2.3977678884920337 -0.1299793086909346 -2.1810087216556484 1 CAMERA 1 1209
1210 1 0.99661659933271174 0.069526319987580784 -0.036880719680338223 -0.023690869113352418 -2.3722987160211715 -0.13067113236911507 -2.222368426039024 1 CAMERA 1 1210
1211 1 0.99694628265507068 0.067965417973788703 -0.037695545237117697 -0.0076064005390575487 -2.3600047361503695 -0.21649038487049499 -2.2411807103689845 1 CAMERA 1 1211
1212 1 0.99686234932289808 0.070406672884303259 -0.035299138680676551 0.0078947909533786473 -2.3596366143162504 -0.28388595761928043 -2.2453031976651476 1 CAMERA 1 1212
1213 1 0.99784390624110453 0.060435777871887017 -0.016904995786389491 0.019216572222324844 -2.4287602271180804 -0.38947747013821576 -2.1633236810822534 1 CAMERA 1 1213
1214 1 0.9979671433706081 0.058892925842445383 -0.0095792443158022843 0.022392903267836904 -2.4571724364108016 -0.41536274289178132 -2.1351786659743937 1 CAMERA 1 1214
1215 1 0.99845012981264369 0.048951964159049191 -0.023222678339238443 0.012718124580234523 -2.4093887183575067 -0.40767129514805928 -2.1999098680002236 1 CAMERA 1 1215
1216 1 0.99857091336823922 0.042976535964307498 -0.031685426009070469 0.0022764248401084927 -2.3838384226231919 -0.3816130247701382 -2.2411269744223614 1 CAMERA 1 1216
1217 1 0.9988874540172783 0.037271477640661729 -0.028530781086918162 0.0045481525844905607 -2.3969966772839171 -0.41956201008867788 -2.2283484829243303 1 CAMERA 1 1217
1218 1 0.99787426203458351 0.053156008560587255 -0.035679201176722158 0.012181565015758157 -2.3583812707475618 -0.38753840706134163 -2.2817618173468843 1 CAMERA 1 1218
1219 1 0.99734105523614169 0.05748734025350026 -0.043766168475424964 0.0095156580444257042 -2.325298297018159 -0.35403361339159872 -2.3271651506260511 1 CAMERA 1 1219
1220 1 0.99736381529457263 0.051501413667496207 -0.049950553741744987 0.010861238980721253 -2.2961648546069866 -0.38616362990147685 -2.35725876270799 1 CAMERA 1 1220
1221 1 0.99767415371524182 0.043512489673562076 -0.050394305697099545 0.014606854702216109 -2.2904526514626742 -0.44073352288333789 -2.3623052459689804 1 CAMERA 1 1221
1222 1 0.99661075756418394 0.061378330542379039 -0.053170573075138422 0.013137298277625517 -2.279625708263572 -0.35296741612643456 -2.3999225161554043 1 CAMERA 1 1222
1223 1 0.99557395564666662 0.069807840945482744 -0.06186332077713623 0.011501900843091885 -2.2406036163866649 -0.30319184514373898 -2.4548896951466577 1 CAMERA 1 1223
1224 1 0.995586982804054 0.070456466864357345 -0.060293130524613311 0.014393900084894851 -2.2458101114923679 -0.31423995658548975 -2.4586989431764308 1 CAMERA 1 1224
1225 1 0.99546136427207887 0.067543860796828767 -0.063119696775827475 0.022592100149339184 -2.2238775184709807 -0.36483861725210043 -2.4804525237591588 1 CAMERA 1 1225
1226 1 0.99512297362131952 0.067723599178227054 -0.067771411993511305 0.023469495133369454 -2.2008543738563673 -0.36540435135658295 -2.5095491120534561 1 CAMERA 1 1226
1227 1 0.99497764642604958 0.063303143344694932 -0.074692814572221974 0.020812943243079616 -2.1695110197483083 -0.37090023512142678 -2.5435212529796911 1 CAMERA 1 1227
1228 1 0.99502070202794968 0.058682943651929512 -0.078050566500971114 0.019955543816897056 -2.1535397106732059 -0.38723407167448709 -2.5617013149164882 1 CAMERA 1 1228
1229 1 0.99387157277602023 0.061266689902945717 -0.090030714494241049 0.018977881433727795 -2.0933052685463243 -0.36581836494998526 -2.6207265873573897 1 CAMERA 1 1229
1230 1 0.99348178655500796 0.060670177068136148 -0.093166002584412835 0.025162777279779575 -2.0709559071361725 -0.39680526156382556 -2.6392001155211764 1 CAMERA 1 1230
1231 1 0.99167366246868871 0.066504962766862186 -0.10382481956025946 0.037159708510632057 -2.0019203906206013 -0.42111269024580816 -2.6925865578407273 1 CAMERA 1 1231
1232 1 0.99154870012108676 0.065555638676146666 -0.099382995797232157 0.051542736368116203 -2.0076123166527502 -0.49444704096393149 -2.6813460617686222 1 CAMERA 1 1232
1233 1 0.99295704333461432 0.05677843829537306 -0.092763568869109303 0.046983394168423079 -2.0465647068342774 -0.52029718435997985 -2.6559505524452915 1 CAMERA 1 1233
1234 1 0.99403351757717395 0.063423219589425608 -0.082855773407439506 0.031777066622277958 -2.1167284067691883 -0.42346704414334724 -2.6289797967998569 1 CAMERA 1 1234
1235 1 0.99300737643134385 0.063731647176700726 -0.096723889885994924 0.022784131021521711 -2.053566378976694 -0.37509491005986434 -2.6964956715483455 1 CAMERA 1 1235
1236 1 0.99318129902463992 0.056051685346304808 -0.098901273657514804 0.025838999719203476 -2.0386557520968269 -0.42660328703905048 -2.7102646431158357 1 CAMERA 1 1236
1237 1 0.99465029266283167 0.055867565082978597 -0.084198739262566227 0.021451871341139118 -2.1217404740290604 -0.41314551360412155 -2.6562344731380603 1 CAMERA 1 1237
1238 1 0.99507272668528801 0.047547615018873141 -0.084725025172485396 0.019777841708461624 -2.1208170169766101 -0.44726324875774681 -2.6592983475566525 1 CAMERA 1 1238
1239 1 0.99499357808398292 0.032850633459759269 -0.093969922385922749 0.0088469847806599538 -2.0850723494389878 -0.46809397336609959 -2.6917374959929115 1 CAMERA 1 1239
1240 1 0.99412780591426397 0.034853291048762142 -0.098745318917343533 0.027285813219949658 -2.0383173613431711 -0.54419920268286304 -2.7227339422472174 1 CAMERA 1 1240
1241 1 0.99359176650977488 0.038315614879779955 -0.098935895906799715 0.038974397769412243 -2.0220069010225088 -0.58223123518960473 -2.7368611571858565 1 CAMERA 1 1241
1242 1 0.99328300512155709 0.038132009495035181 -0.10226269975216006 0.038433863037155826 -2.004600691819844 -0.58189616167553226 -2.7585321264195399 1 CAMERA 1 1242
1243 1 0.99310521817261965 0.038305347914331593 -0.10441152653288684 0.03705346254465363 -1.9946012811199403 -0.57701385124145987 -2.7748579893362408 1 CAMERA 1 1243
1244 1 0.99265052932678099 0.038191457141595733 -0.10780855702623494 0.039543068426517593 -1.9727229880349304 -0.59033526611388265 -2.7955814733825761 1 CAMERA 1 1244
1245 1 0.99225216724417697 0.038528940918349158 -0.11188547771013704 0.037852307571913921 -1.9522985744324473 -0.58217759171533534 -2.8185545233999814 1 CAMERA 1 1245
1246 1 0.99170204775196036 0.041752537934909913 -0.11696654794149842 0.033205432134093667 -1.9301938032280721 -0.54568065338336091 -2.8475730760897231 1 CAMERA 1 1246
1247 1 0.9911969850411062 0.042981276779116256 -0.1212050894634033 0.031471780693608654 -1.908495058068665 -0.53252802869599425 -2.870632981402971 1 CAMERA 1 1247
1248 1 0.99038844320627839 0.041295397876765914 -0.12820679364067727 0.031439461541522662 -1.8686301527271749 -0.54093111258879223 -2.9006941075289325 1 CAMERA 1 1248
1249 1 0.9879720924251354 0.045908125600020354 -0.14393854033879827 0.032943667041312082 -1.7750724992537452 -0.51944465478780533 -2.9673218431605952 1 CAMERA 1 1249
1250 1 0.98757623690765706 0.039762419220472231 -0.14759217610649247 0.036451006367407973 -1.7488438431108577 -0.5692595204787092 -2.9781555413636243 1 CAMERA 1 1250
1251 1 0.98694627816842972 0.045782069572644683 -0.15024827514282579 0.035587946438868513 -1.7333698906717441 -0.53575305576251042 -2.9982345412438733 1 CAMERA 1 1251
1252 1 0.98817041593341071 0.047475044812762449 -0.1416022937950171 0.034844505822382944 -1.7852348929614514 -0.52877897348279357 -2.9781371637722152 1 CAMERA 1 1252
1253 1 0.98576200053671748 0.063318912085508078 -0.15195601326623379 0.034254396832939578 -1.7245324305868266 -0.43665281370136205 -3.040355878094771 1 CAMERA 1 1253
1254 1 0.98441029025537508 0.064991702777613347 -0.16085114212124685 0.028971867176370868 -1.6770668520023742 -0.4017896625553134 -3.0822902783399919 1 CAMERA 1 1254
1255 1 0.98449102533920996 0.065176107050922319 -0.15894890431418948 0.035563210113211806 -1.6805666150075025 -0.43112728908911607 -3.0856740507019973 1 CAMERA 1 1255
1256 1 0.98469913906856821 0.056556585186133587 -0.16083456680446859 0.036072154226260561 -1.6680959765526941 -0.48086346550395537 -3.09327409856117 1 CAMERA 1 1256
1257 1 0.98479296182216125 0.037731346201308386 -0.16628921134453176 0.033272602089197925 -1.6384325504481676 -0.57111212089556052 -3.1016030325358477 1 CAMERA 1 1257
1258 1 0.98488078187940709 0.011145179048511497 -0.16850495805077675 0.038622656315825919 -1.6175140647547925 -0.73917272604498507 -3.0844445324171983 1 CAMERA 1 1258
1259 1 0.98454717471972153 -0.0097685163272141062 -0.16847584445065469 0.046768864395215312 -1.6042669776687646 -0.88779385010722467 -3.0588601090600078 1 CAMERA 1 1259
1260 1 0.98324938699495812 -0.01461755550629415 -0.17595687866298257 0.045234355264998465 -1.5604196116076561 -0.90626949171697291 -3.0825082937905641 1 CAMERA 1 1260
1261 1 0.97786863544387925 -0.010887139278496199 -0.20491404283427636 0.040799964004503968 -1.383816889436658 -0.86144749933875453 -3.1841794938272585 1 CAMERA 1 1261
1262 1 0.97349552992936861 0.022091185786049714 -0.22319827543417892 0.04473212001808665 -1.255773331897444 -0.68204428931813432 -3.2856202151406593 1 CAMERA 1 1262
1263 1 0.97018725105432102 0.031872966964128044 -0.23556015746341824 0.047246418746540224 -1.1672253467904288 -0.62904590423893281 -3.3356341198640007 1 CAMERA 1 1263
1264 1 0.96926377870581992 0.033383843587312043 -0.23723240806664986 0.055982415445851308 -1.1414186932077157 -0.65267968863334136 -3.3485837442848876 1 CAMERA 1 1264
1265 1 0.97081420279536035 0.046439016585195232 -0.22651811294545721 0.063661180455896971 -1.2020641809135584 -0.61025922445190584 -3.3423912444894524 1 CAMERA 1 1265
1266 1 0.97133401660928498 0.053109195951811995 -0.22213930747264884 0.065907280012131059 -1.2279967492464772 -0.58203344310597782 -3.3442007437027854 1 CAMERA 1 1266
1267 1 0.97263750103857394 0.056745449081696632 -0.22039700785377764 0.046705508358828592 -1.2677404578928146 -0.48634473487230878 -3.3504718597144088 1 CAMERA 1 1267
1268 1 0.97212639780428944 0.043831557151362874 -0.22334928014166003 0.056250869770569034 -1.232876924812546 -0.59973460749463758 -3.3505719240403873 1 CAMERA 1 1268
1269 1 0.96951770897011658 0.050765441894259071 -0.23280118058105642 0.057112977708077411 -1.1672777528896792 -0.55813446277603751 -3.3868198412942929 1 CAMERA 1 1269
1270 1 0.96941407287563552 0.050649533338910584 -0.23278926994361979 0.058992676514456048 -1.164527874651111 -0.56760564769080846 -3.3924516283261141 1 CAMERA 1 1270
1271 1 0.97011501137460321 0.07238474877851972 -0.22256498288204124 0.064047960503366835 -1.2275833672970311 -0.46351990053340897 -3.3949694278241158 1 CAMERA 1 1271
1272 1 0.97064603170813435 0.07904923620402117 -0.21866507781231545 0.061506773042863831 -1.258137684951951 -0.41775917857097827 -3.3988500364303391 1 CAMERA 1 1272
1273 1 0.97180427642845923 0.065890258023066139 -0.21792445824543408 0.061350246221565714 -1.2621407617707474 -0.49912418999447378 -3.3951431952988389 1 CAMERA 1 1273
1274 1 0.97160681787000525 0.058647481657059131 -0.22090722877114186 0.061160940480523195 -1.241380554381375 -0.5429982168127695 -3.4038302895028543 1 CAMERA 1 1274
1275 1 0.97200350324453899 0.062792633632804698 -0.21736819720207606 0.063382503002951354 -1.2625343539916993 -0.53209728158540093 -3.4042325502102075 1 CAMERA 1 1275
1276 1 0.97153704568623489 0.063651957186972238 -0.21869772525122511 0.065080735824590688 -1.2502553702108943 -0.53492298391829785 -3.4138436217649653 1 CAMERA 1 1276
1277 1 0.97256285250503915 0.055279271784406753 -0.21211601423489451 0.077926225003839597 -1.2725383892946782 -0.64229075629463672 -3.3928141587320684 1 CAMERA 1 1277
1278 1 0.97408552169516172 0.047937794705621421 -0.20298119850715909 0.087509984088810652 -1.3153288373424437 -0.73288085563888483 -3.3663560431114687 1 CAMERA 1 1278
1279 1 0.97391275279346501 0.05216712950104789 -0.20612361989400155 0.079281737289676593 -1.3096599083561462 -0.67499325997029325 -3.3910840208796986 1 CAMERA 1 1279
1280 1 0.97695409370541453 0.055255077793127202 -0.19176828125470699 0.075713284666057076 -1.4147359870494958 -0.65393262626343884 -3.3619721916032064 1 CAMERA 1 1280
1281 1 0.98309131335891664 0.072502885886371882 -0.1484662428523536 0.078946664715451823 -1.6988263318851955 -0.59755071184989372 -3.2460115006198476 1 CAMERA 1 1281
1282 1 0.98691191980468496 0.070806238695444473 -0.11638720702072547 0.086286483015299648 -1.8882352154667466 -0.66579845011069605 -3.132987699169083 1 CAMERA 1 1282
1283 1 0.98615696595500124 0.070901317009052001 -0.12329018524329474 0.085246536395811603 -1.8482336757629201 -0.65562009637324103 -3.1662405544645198 1 CAMERA 1 1283
1284 1 0.98520235242249821 0.060807786311455919 -0.13905425490650619 0.079640769066305933 -1.7573376571284545 -0.67836416140343669 -3.2197995965236941 1 CAMERA 1 1284
1285 1 0.98217855886695393 0.054243023907071003 -0.16507953444129075 0.071636025630245515 -1.6025416594941089 -0.6652045607480741 -3.3088732938426633 1 CAMERA 1 1285
1286 1 0.9756967459811311 0.050217352737289847 -0.20228889009045184 0.067626047584224636 -1.3588269322887285 -0.6490513744947215 -3.4258057015191454 1 CAMERA 1 1286
1287 1 0.96745553294101228 0.050638688016141589 -0.24147805422553592 0.056159276929775709 -1.1018436199616726 -0.57799487122501436 -3.5366295034937676 1 CAMERA 1 1287
1288 1 0.95402007991872317 0.039654554345964328 -0.29277211302590672 0.050573642006896152 -0.73328316859609222 -0.60006302793935418 -3.6345173787469345 1 CAMERA 1 1288
1289 1 0.93381127273155895 0.022329010207792318 -0.35383621222767503 0.047935969156556721 -0.27029854198751202 -0.67700585157320392 -3.690717066849599 1 CAMERA 1 1289
1290 1 0.89972851724330638 0.032976401610343244 -0.43442284961294286 0.026037279622976053 0.34742486217992119 -0.51251092233447126 -3.714791313848584 1 CAMERA 1 1290
1291 1 0.86509558290781752 0.026194207050907813 -0.50032652660973598 0.024430774056404911 0.88701142855764703 -0.53908659398368319 -3.6236749800251689 1 CAMERA 1 1291
1292 1 0.85003721616092442 0.067234717401004881 -0.52223311291997099 0.013740439851395121 1.0798443042365988 -0.21700624134654606 -3.6105575632913043 1 CAMERA 1 1292
1293 1 0.85344078643637877 0.087623282473903261 -0.5137538629943923 0.0042370595574068755 1.0141311724422752 -0.053844759451328494 -3.642043235360795 1 CAMERA 1 1293
1294 1 0.86219698688167401 0.086486026438642144 -0.49913567259943858 0.00032153028319577531 0.89307657024569009 -0.059289412007412848 -3.6806993181301708 1 CAMERA 1 1294
1295 1 0.89270783269689491 0.078669479756964825 -0.44363492575389407 0.0084788588688739439 0.43582766069563128 -0.15026521925351005 -3.7667965858936641 1 CAMERA 1 1295
1296 1 0.91868687054456621 0.080983054960346315 -0.38653056473441105 0.0070923356109466856 -0.032093463495488035 -0.14948494729939049 -3.7978498440454631 1 CAMERA 1 1296
1297 1 0.92664360484814479 0.075891382732165433 -0.36819533231974627 -0.0020796343397837935 -0.18857282041124454 -0.16477743479491458 -3.7981561785202267 1 CAMERA 1 1297
1298 1 0.92903387840017382 0.074986612334343464 -0.36223996911927753 -0.0074340788141375857 -0.24072078855455109 -0.15910011142867894 -3.8018302961817008 1 CAMERA 1 1298
1299 1 0.93007722627659628 0.080541638757609918 -0.35831606204721317 -0.0088880406642636075 -0.27065870732476754 -0.11944346870830927 -3.8105484390779836 1 CAMERA 1 1299
1300 1 0.92633071165281966 0.087781216387576882 -0.36624616225974549 -0.0083438197671321171 -0.20211637610632721 -0.070047369898490128 -3.8259648886038464 1 CAMERA 1 1300
1301 1 0.92541561882755674 0.088973855081834974 -0.36835634025750963 -0.00178665440997073 -0.17797180907201243 -0.082745912864964785 -3.8355758363888568 1 CAMERA 1 1301
1302 1 0.92772260910262005 0.089586574360523821 -0.36234389707238757 -0.0034505809030529831 -0.22670031402466567 -0.075576259223849848 -3.8408983767320541 1 CAMERA 1 1302
1303 1 0.92329399518977884 0.082961945100709616 -0.37501603159407237 -0.0029137877475010035 -0.12329573374703895 -0.12162865797651014 -3.851396023661763 1 CAMERA 1 1303
1304 1 0.9180731926505582 0.091515587075225655 -0.38566569597711997 -0.0053367785387661614 -0.03366498341229212 -0.051434903765522746 -3.8612970153261128 1 CAMERA 1 1304
1305 1 0.91301540444953733 0.097393407261003609 -0.39601157541985982 -0.0096035198453801734 0.052249866073940651 0.0050697625161165707 -3.8671517156329394 1 CAMERA 1 1305
1306 1 0.90672292026099732 0.10894353410403415 -0.40694995000803952 -0.019405938234119895 0.14343011726390897 0.11808143388660358 -3.8682340594487252 1 CAMERA 1 1306
1307 1 0.90213209918530479 0.11505456434653986 -0.4153133076977702 -0.020856157164747396 0.21633161411107724 0.16675745368656006 -3.8674910745421016 1 CAMERA 1 1307
1308 1 0.89817840339781763 0.12102596370230592 -0.42216627419761033 -0.020097480184926853 0.27739015231453429 0.20763819388100738 -3.8659477465823171 1 CAMERA 1 1308
1309 1 0.89796154098440528 0.10914153810349471 -0.42601224694453471 -0.016332820533653609 0.30834695614537072 0.11090077973686006 -3.874796910814549 1 CAMERA 1 1309
1310 1 0.89465640797908297 0.099294801884686867 -0.43535278188725229 -0.01408578303382829 0.38660333503197725 0.035574592012803843 -3.8794803868277907 1 CAMERA 1 1310
1311 1 0.89162529228005161 0.1099756868484157 -0.43858389153635385 -0.023534157166965598 0.41340156378899257 0.14141245975743671 -3.8843254452723386 1 CAMERA 1 1311
1312 1 0.88396663644663698 0.09302794352955232 -0.45768817152771313 -0.021686978016772985 0.57028199319271333 0.014213101567742067 -3.8752679142904403 1 CAMERA 1 1312
1313 1 0.87072747171969456 0.081172887617177489 -0.48452218296148675 -0.021974679218435492 0.79714637650528708 -0.071804808177598781 -3.8413701532352897 1 CAMERA 1 1313
1314 1 0.85905705715243574 0.081752600816019205 -0.50481383932646418 -0.022371241380136627 0.97529688458513275 -0.066438710265870768 -3.8063565704907307 1 CAMERA 1 1314
1315 1 0.85016616984996851 0.082501406621760587 -0.51915903404525843 -0.029747250583199547 1.0985889459674565 -0.046646169921069625 -3.7790238294796255 1 CAMERA 1 1315
1316 1 0.85334277755052301 0.073758534950362262 -0.51522997295242978 -0.030064222853306719 1.0599892662193457 -0.1130761302921908 -3.7944391138730578 1 CAMERA 1 1316
1317 1 0.86432244516645806 0.06361257074639895 -0.49754437734437185 -0.036738864945871294 0.89589569233715793 -0.17421041531995737 -3.8406439391618274 1 CAMERA 1 1317
1318 1 0.88411364855619712 0.051227983926030729 -0.46343577592040713 -0.030757628266396619 0.59517573434594162 -0.27858919063647952 -3.8994855858953454 1 CAMERA 1 1318
1319 1 0.88989989363024757 0.062418646702672484 -0.45111044460858513 -0.026104762510423932 0.50070736156593909 -0.20804558304038723 -3.9235579130677638 1 CAMERA 1 1319
1320 1 0.8869632041197818 0.071769026855346849 -0.45532282597835966 -0.028750747205720014 0.54237643506286282 -0.13374445418348771 -3.9269980878727662 1 CAMERA 1 1320
1321 1 0.87411537851945464 0.070207506835811825 -0.47931916052393975 -0.035303730317286543 0.74736499806176704 -0.13265918070936469 -3.8988653532953075 1 CAMERA 1 1321
1322 1 0.84341839051548617 0.058778224623207934 -0.53208275573559272 -0.045590348750894814 1.1988979480986539 -0.20814105535769883 -3.7876384898009263 1 CAMERA 1 1322
1323 1 0.80901209972754007 0.053301575383751618 -0.5830753104406633 -0.051783654859145975 1.6412807033148422 -0.25766746969797022 -3.6202522304215892 1 CAMERA 1 1323
1324 1 0.75928119769118918 0.046276078253227125 -0.64571303825980386 -0.066372129960003842 2.1731531266482809 -0.3265985671944493 -3.3262822583292797 1 CAMERA 1 1324
1325 1 0.6936406128962278 0.04006177213093922 -0.71378829428045609 -0.088113707803446725 2.7278471137002365 -0.41793262668707226 -2.8799622082937129 1 CAMERA 1 1325
1326 1 0.63274557193722392 0.035155911255067472 -0.76760858982101321 -0.095781814195893419 3.1359341286269315 -0.51665673901911002 -2.4127873305447394 1 CAMERA 1 1326
1327 1 0.58001354864409027 0.038243679808405109 -0.80869232118782564 -0.090213269510911867 3.4283248412001335 -0.54077883458664933 -1.9713443786153619 1 CAMERA 1 1327
1328 1 0.54809929362138332 0.04478206141227499 -0.82998500900596794 -0.093309249985044182 3.5715657265402538 -0.52258672629325842 -1.7094612999206529 1 CAMERA 1 1328
1329 1 0.55473924924227347 0.050791895342163877 -0.82561054837975922 -0.08973166175739053 3.5583501247853744 -0.46765674241119765 -1.7634570905198077 1 CAMERA 1 1329
1330 1 0.55758507937760138 0.041328464276936656 -0.8259048014551974 -0.072609202097496398 3.5573846108026355 -0.52270156764722586 -1.7631650523254141 1 CAMERA 1 1330
1331 1 0.55818351626187535 0.020864199598820528 -0.82776203208435983 -0.05297042182388853 3.5555080787926765 -0.66200865656704699 -1.7362968394621234 1 CAMERA 1 1331
1332 1 0.56432757546822332 0.025232675427967862 -0.82403224627880567 -0.043226805914957499 3.5496347706818501 -0.61411696248407521 -1.7817080085401353 1 CAMERA 1 1332
1333 1 0.56318688049765497 0.021705341003974466 -0.82543344241963756 -0.031765514988554157 3.5651057688540448 -0.62867469968338641 -1.7588421798766047 1 CAMERA 1 1333
1334 1 0.57600710359444274 0.013559578213628945 -0.81710267217100629 -0.019369501243201869 3.5153606946624167 -0.67589820221921026 -1.8514446976369521 1 CAMERA 1 1334
1335 1 0.59829431100417751 0.0024433535691886338 -0.80097244353999353 -0.021933812549225461 3.3983883906790813 -0.7633806298717023 -2.0402782975791278 1 CAMERA 1 1335
1336 1 0.63135211774901345 -0.014605700797887887 -0.77530876764348899 -0.0088029388940933078 3.212964764962869 -0.88577529893540186 -2.2904710867851552 1 CAMERA 1 1336
1337 1 0.67401089696588157 -0.018164805247327151 -0.73841889997353627 -0.010811049137210694 2.9334296442309786 -0.91267046048083289 -2.6437930356689314 1 CAMERA 1 1337
1338 1 0.71999758411178938 -0.00042998246105488614 -0.69317377997649943 -0.03336772005039499 2.5702730205295543 -0.75930353096288916 -3.0534666963167858 1 CAMERA 1 1338
1339 1 0.78678535255411197 0.034721783874536082 -0.61576576720042708 -0.024407512674199869 1.9468823628599332 -0.46809642846082056 -3.5446764531836532 1 CAMERA 1 1339
1340 1 0.8178755080878507 0.055516444893429065 -0.57255176519755147 -0.013492730843040875 1.5888453753167311 -0.31740099444794145 -3.7431568186661996 1 CAMERA 1 1340
1341 1 0.82924830104618663 0.059317685460923066 -0.55571810500128072 -0.0024607269977824789 1.4496927417596621 -0.30951359469362594 -3.8075162580078414 1 CAMERA 1 1341
1342 1 0.82394043151487095 0.069617094884962261 -0.56214113770551766 0.01652170433136136 1.5317235764985924 -0.26119933183570604 -3.7868550932079361 1 CAMERA 1 1342
1343 1 0.81552524895629364 0.088068630480433091 -0.57029769896321469 0.04385224278573429 1.6425504264658912 -0.15532335029042338 -3.7547921985458426 1 CAMERA 1 1343
1344 1 0.80576834495618788 0.092697305796969096 -0.58321246951269079 0.044808472072341565 1.7625512196636866 -0.11285016371270541 -3.7105996330439659 1 CAMERA 1 1344
1345 1 0.79828403953993754 0.082028220441608762 -0.5937240111788985 0.059209474044459011 1.8728081515563584 -0.21380994774813797 -3.6603748483056346 1 CAMERA 1 1345
1346 1 0.78964696392297085 0.086039292175471085 -0.60392262717630962 0.06582076384882303 1.9754703122368995 -0.18329576256523952 -3.6152059809866435 1 CAMERA 1 1346
1347 1 0.78516283109658935 0.097816349381309772 -0.60699556860099491 0.074213679041380293 2.0154348256191632 -0.094945652130332278 -3.6024326582186212 1 CAMERA 1 1347
1348 1 0.78099640032831641 0.10161767725042928 -0.61176332153704827 0.073919610161296598 2.0586646388934033 -0.060167910983671455 -3.5844894855399314 1 CAMERA 1 1348
1349 1 0.77644415696892666 0.098279353649808568 -0.61695506093333907 0.082716942301613555 2.1170258611131065 -0.093244590816414466 -3.5551518054546847 1 CAMERA 1 1349
1350 1 0.77612200231555195 0.10070391784176401 -0.61628743410712739 0.087653619518368531 2.1187892737922751 -0.081181037519000493 -3.5599677035130979 1 CAMERA 1 1350
1351 1 0.78382900731721861 0.13028233058392166 -0.60070371062608396 0.088281672309599116 1.9791685650462971 0.14534979398069814 -3.6453531614517742 1 CAMERA 1 1351
1352 1 0.7892648675171049 0.13420880971799368 -0.59463501407898334 0.073879390418258126 1.9086182101591589 0.18953909177941367 -3.6912970630296669 1 CAMERA 1 1352
1353 1 0.78855991224849964 0.11714142592293596 -0.60003428933171388 0.066407851595765191 1.9513905588912985 0.062788277553367355 -3.683508481795263 1 CAMERA 1 1353
1354 1 0.78393059842341994 0.10481415736142503 -0.6080412919709226 0.06893907839857151 2.0286764777771138 -0.035483825357152006 -3.6511844564159377 1 CAMERA 1 1354
1355 1 0.7868065285589142 0.10150354514377073 -0.60597011461305894 0.058589565079059228 1.9979270786937409 -0.051564822271096517 -3.6755764239262123 1 CAMERA 1 1355
1356 1 0.79108502774030165 0.085108276101045627 -0.60342183154134965 0.053133355281944558 1.9653172824048644 -0.18117655792110987 -3.6956791735762442 1 CAMERA 1 1356
1357 1 0.79351222146042455 0.07771955268291364 -0.60058645226576324 0.059949469376582874 1.9468437013893367 -0.25228286306466924 -3.7073817301657641 1 CAMERA 1 1357
1358 1 0.7953963937306211 0.084692870816007876 -0.59605452788745528 0.069933498826590432 1.9213648537688308 -0.2091025751941919 -3.731558052937848 1 CAMERA 1 1358
1359 1 0.80394582475027354 0.054422278659728193 -0.58571389807401542 0.087456023549137132 1.8470733775426076 -0.49003478344141121 -3.7526977524243788 1 CAMERA 1 1359
1360 1 0.80999131175843642 0.011230558711865984 -0.57905349133960915 0.092114079240232682 1.7817786560120548 -0.85416644758332672 -3.7268948790061889 1 CAMERA 1 1360
1361 1 0.8132323272941463 0.00038205150686443503 -0.57310071146499819 0.10103766821688674 1.7412169642115611 -0.95924693427649299 -3.7273957046295956 1 CAMERA 1 1361
1362 1 0.80677558195699728 -0.021762270840306203 -0.57912097586621991 0.11514538304933745 1.8196983303985632 -1.1498775289337551 -3.6421596491722243 1 CAMERA 1 1362
1363 1 0.79630330337960653 -0.041114242494139107 -0.58307445589115481 0.15567545399995891 1.9532802372800782 -1.3427142808465524 -3.5112906901114145 1 CAMERA 1 1363
1364 1 0.79519946197753477 0.0040866437634690658 -0.59512973883363751 0.11602460501633265 1.9784451559504714 -0.92534788649941402 -3.6369948036648267 1 CAMERA 1 1364
1365 1 0.8015297382441362 0.024236955365177774 -0.58820764287972005 0.10475885434079946 1.8974301415778696 -0.75707968851256913 -3.7270182004941135 1 CAMERA 1 1365
1366 1 0.79799399329868115 0.025783116530773479 -0.59672608469383881 0.0803666436225038 1.9325012137674962 -0.7075574832175282 -3.7304178524482801 1 CAMERA 1 1366
1367 1 0.78679571464398712 0.024059851184026315 -0.61458392752598656 0.051577349734095369 2.0510005367014355 -0.67474596085202676 -3.6830199214554766 1 CAMERA 1 1367
1368 1 0.78688064783041489 0.01653963506334508 -0.61501107249924236 0.048027775768712436 2.0454117493955914 -0.73497406215411731 -3.6837884869682589 1 CAMERA 1 1368
1369 1 0.78763646567383516 0.029294086594987962 -0.61339557595076055 0.050164946281538579 2.042418289322856 -0.63409604998498204 -3.7125428688242934 1 CAMERA 1 1369
1370 1 0.78750510545119834 0.032533519023060398 -0.61337608912134922 0.050468329895803257 2.0461658898437065 -0.60907170315223225 -3.7230734049084684 1 CAMERA 1 1370
1371 1 0.79097044842558317 0.033810931619769141 -0.60965283089057143 0.039319160819474126 1.9968843116439436 -0.58733618280116828 -3.7611243720600305 1 CAMERA 1 1371
1372 1 0.78623482495204788 0.023560480665487486 -0.61668165958244259 0.031359759534766246 2.0462528441835568 -0.66163632793265925 -3.729272402018172 1 CAMERA 1 1372
1373 1 0.77839125094558448 0.020268523178834208 -0.62686474119177471 0.027144864525112226 2.1337466728318542 -0.68183339741854476 -3.6819274570841301 1 CAMERA 1 1373
1374 1 0.77096868049509193 0.02068992378437853 -0.63605556620696679 0.024749493865301009 2.2167816348159959 -0.67511966955366454 -3.6381702896343402 1 CAMERA 1 1374
1375 1 0.76851353928357569 0.023917882929395898 -0.6387899426996172 0.027609489669813199 2.2485150221399786 -0.65306430447124431 -3.6273842468776021 1 CAMERA 1 1375
1376 1 0.76688037039829504 0.028033069411067271 -0.64001682763219248 0.038562998648865594 2.278425133559864 -0.63242030881129807 -3.6193375950667557 1 CAMERA 1 1376
1377 1 0.76545385130243682 0.032588986220563845 -0.64207742720465044 0.027476116494869848 2.2874796283356886 -0.58173506113879914 -3.6325718699692486 1 CAMERA 1 1377
1378 1 0.74891781643490307 0.02843823996732691 -0.66173811091462498 0.020397139433783257 2.4610562356129932 -0.60390510792630614 -3.5235701829461843 1 CAMERA 1 1378
1379 1 0.73803358534631458 0.027183872963085824 -0.67376179446389295 0.024748904468396175 2.5777596406403722 -0.61539421844436792 -3.4453324457617405 1 CAMERA 1 1379
1380 1 0.73738238148299096 0.026813027809557126 -0.67482559975434342 0.012597417765066954 2.5735325909931963 -0.60802128054212989 -3.456870429585662 1 CAMERA 1 1380
1381 1 0.7501234353304278 0.053612093395494151 -0.65853592335637678 0.027767118305556941 2.4596457584403288 -0.39518897041598994 -3.5757467463864878 1 CAMERA 1 1381
1382 1 0.76797366547719192 0.057890833508370904 -0.63683669300802082 0.03611269815231237 2.2670943329481057 -0.37661874781632193 -3.7115376447676454 1 CAMERA 1 1382
1383 1 0.77214079385027112 0.050196717653813297 -0.63236680780746757 0.037297511880147405 2.2225662031696833 -0.44656576880405391 -3.7384396106313602 1 CAMERA 1 1383
1384 1 0.77516592024167053 0.041761959126817551 -0.62976593685720417 0.027723629635060643 2.1811469062064019 -0.50902565611904971 -3.7626072012838043 1 CAMERA 1 1384
1385 1 0.78743667401053297 0.032017745729499052 -0.61550396540676944 0.0085566903749805662 2.0119141230516115 -0.57044504665534179 -3.8540087328989321 1 CAMERA 1 1385
1386 1 0.79772001421258587 0.0277488328698734 -0.60238049689988071 -0.0032431703138216337 1.8658173376206966 -0.58919362079057092 -3.930129183530862 1 CAMERA 1 1386
1387 1 0.79581539255788103 0.044603339569756886 -0.60379407619552961 0.011005299557833177 1.9094820226343168 -0.46828817543525614 -3.9301932296212532 1 CAMERA 1 1387
1388 1 0.7946494148226444 0.06696468363234713 -0.60311211330799241 0.017430359985264085 1.9250222332351319 -0.28615705339839936 -3.9439864552107555 1 CAMERA 1 1388
1389 1 0.80233946352540719 0.045859817400225496 -0.5948228080672926 0.018278113160848337 1.830231443124384 -0.47320473707653848 -3.9745327158780595 1 CAMERA 1 1389
1390 1 0.79196341308579499 0.04448547086475698 -0.60884939921075076 0.010835326305529391 1.9564092415641308 -0.46898122515208113 -3.918162412990398 1 CAMERA 1 1390
1391 1 0.77618722501165971 0.060154709012996563 -0.6275033846046798 0.012421957250453615 2.1513859450635189 -0.33097318940104098 -3.8356470743945419 1 CAMERA 1 1391
1392 1 0.77509540825276513 0.068657733720336581 -0.62805276941264832 0.0079336334027666298 2.1572755033511051 -0.25064777027697471 -3.8485767693639636 1 CAMERA 1 1392
1393 1 0.77207872798056898 0.060090991278328121 -0.63267214811984607 0.0030762900568565084 2.1918008993176632 -0.31690552695057206 -3.8342780972120774 1 CAMERA 1 1393
1394 1 0.77040636293726661 0.052772806826758431 -0.6353468274538836 0.0048451676630571613 2.2136828067101915 -0.38280462369881357 -3.8245694574519078 1 CAMERA 1 1394
1395 1 0.76282891532364661 0.051755448119143004 -0.64448771100396562 0.0070007071788916924 2.3045339722351721 -0.39333198039485512 -3.777103373393083 1 CAMERA 1 1395
1396 1 0.75599026377062417 0.060555506901585579 -0.65176871994870111 -0.0030475177351116179 2.3729049458558551 -0.30258684424310262 -3.7499789840281847 1 CAMERA 1 1396
1397 1 0.75688623765811003 0.058827214025061206 -0.65087397339373398 0.0050648684537449064 2.3703135797182204 -0.32906495148636722 -3.7559562939840543 1 CAMERA 1 1397
1398 1 0.73708533078071758 0.079852548494654702 -0.67105846960465587 -0.0030522153669227778 2.5769550906336782 -0.13109815383141435 -3.6353870870369898 1 CAMERA 1 1398
1399 1 0.69332667169113771 0.090977200404141104 -0.71448138661292071 -0.023186709813868597 2.9904460459959155 -0.018430355409614303 -3.3100505244065346 1 CAMERA 1 1399
1400 1 0.65411893699784573 0.074870607588933449 -0.75102902905619406 -0.049781581885097716 3.3026664827614107 -0.1680946665011597 -2.9976709812223086 1 CAMERA 1 1400
1401 1 0.62233242074351569 0.047832712705329648 -0.77899969126630075 -0.05978185923650578 3.5136526975641202 -0.42981104617639732 -2.7228893913034131 1 CAMERA 1 1401
1402 1 0.61845323431178967 0.046023080101571773 -0.78200102111889735 -0.062224400650010232 3.5369033496881603 -0.44898043676312516 -2.6951154146083698 1 CAMERA 1 1402
1403 1 0.63008880863352723 0.066099294441077511 -0.77127719335811484 -0.061241060692997382 3.4714473861122408 -0.26172277173857972 -2.8093222673198031 1 CAMERA 1 1403
1404 1 0.64939355395416898 0.076978018855458505 -0.75467092050025208 -0.053237190451457257 3.3403348708378293 -0.15205712205620123 -2.9788875303308062 1 CAMERA 1 1404
1405 1 0.67396391999152816 0.071918112728691627 -0.73378061260097893 -0.046544947976430537 3.1477089856180354 -0.18564049687836165 -3.1868304938959913 1 CAMERA 1 1405
1406 1 0.6975352209223733 0.045801997360991727 -0.71463571145172944 -0.025349408837290522 2.9533570376155462 -0.42241296575522241 -3.3524592992936189 1 CAMERA 1 1406
1407 1 0.72319939482949747 0.040832232055475266 -0.68935914960689648 -0.0099662930356772695 2.7192280928106278 -0.47628251688120837 -3.5439010938619639 1 CAMERA 1 1407
1408 1 0.76540642353775723 0.07932399211553405 -0.63863854705778444 -0.0012317848498415425 2.257980582536895 -0.14758796079758149 -3.8886690236424033 1 CAMERA 1 1408
1409 1 0.76854437622210625 0.10348863497313693 -0.63136929547695775 0.001567462184754422 2.2027527753923613 0.060903032079191344 -3.9329740116967464 1 CAMERA 1 1409
1410 1 0.76602955376992043 0.095705326563275739 -0.63563851409618077 0.0017007692590624835 2.2416220139408689 -0.0088080395098947082 -3.9209145750256824 1 CAMERA 1 1410
1411 1 0.77493665249456434 0.080192179869042368 -0.62693081878719825 0.00038387912600094069 2.1422525481204517 -0.14713675088823899 -3.9819999246300464 1 CAMERA 1 1411
1412 1 0.78573122662609862 0.058691858825609421 -0.61567573693418454 0.011184460773331106 2.0235798542440953 -0.35985564116545388 -4.0384200115037334 1 CAMERA 1 1412
1413 1 0.80205574825697756 0.055376047006326853 -0.59419309005552656 0.02397168822085317 1.8177042760679252 -0.4214123760717971 -4.1372697361798103 1 CAMERA 1 1413
1414 1 0.82545843026331167 0.039681067744431871 -0.56198163215631647 0.034934766190913652 1.49376070867837 -0.59762448073073327 -4.2514355223086415 1 CAMERA 1 1414
1415 1 0.848396687142558 0.059532150446792963 -0.52525875560615587 0.027968267157364304 1.1190618396451637 -0.42645041541404899 -4.3922510709129838 1 CAMERA 1 1415
1416 1 0.85139776791682398 0.09857265684436714 -0.5151748293439592 -0.00040904683719744889 1.0045970710764338 -0.013616663774723163 -4.446589422709696 1 CAMERA 1 1416
1417 1 0.84188868409755213 0.12670572766804331 -0.52410285656406974 -0.022029478114247294 1.0971943292979538 0.29382225532192985 -4.4196846955814095 1 CAMERA 1 1417
1418 1 0.82194878783490033 0.15345492756856136 -0.54741703561141875 -0.034443642433289651 1.3489165043410813 0.56202675411389047 -4.3258300571406698 1 CAMERA 1 1418
1419 1 0.79738344999379362 0.16598093023599286 -0.57790144362885076 -0.051574081917955733 1.671425508615451 0.71123580334879366 -4.1921945656724793 1 CAMERA 1 1419
1420 1 0.7773942326131541 0.1310835894893789 -0.61263991338420887 -0.056103798400593825 2.0070386625786747 0.40238999586539032 -4.09137641907986 1 CAMERA 1 1420
1421 1 0.7416474598153564 0.089046618808570205 -0.66245389390290332 -0.056432113916381331 2.4826501295631749 0.0037617751452179897 -3.8513377735041217 1 CAMERA 1 1421
1422 1 0.72946151975447981 0.065997666454685022 -0.6787657930323584 -0.052982991885834024 2.6244972314320814 -0.21832146679893047 -3.7579550840109159 1 CAMERA 1 1422
1423 1 0.73696026055836161 0.052842925610274434 -0.67300540206187354 -0.034072398891692897 2.5617858346348474 -0.35970549574001365 -3.7981454772900101 1 CAMERA 1 1423
1424 1 0.74020359276327818 0.056650748039852372 -0.6691637805228785 -0.033304186571501297 2.5276965237797073 -0.32477499730150355 -3.8319625263934669 1 CAMERA 1 1424
1425 1 0.7456761244432647 0.045243924426039278 -0.66436226893115102 -0.023299793099012461 2.4745711753024913 -0.440547147382779 -3.8621321740222831 1 CAMERA 1 1425
1426 1 0.75561645278622058 0.030773556242862904 -0.65427559873819685 -0.0044950429042283965 2.3741352262688897 -0.59871307290468434 -3.9097533107147742 1 CAMERA 1 1426
1427 1 0.72814597821866678 0.043235296086982726 -0.6836136362696964 -0.024628030420135352 2.6670904675217533 -0.46188657142391104 -3.7400157531349443 1 CAMERA 1 1427
1428 1 0.67957564094216738 0.040709251736052394 -0.73062167292834213 -0.052073756428014747 3.1127110605764594 -0.47959048255666975 -3.3774815108330905 1 CAMERA 1 1428
1429 1 0.60443690917428916 0.025208181312126692 -0.79234605271867187 -0.078792786242819324 3.6513341033248654 -0.6708278107868465 -2.7449550683752282 1 CAMERA 1 1429
1430 1 0.51964402292459888 0.019482510181282133 -0.8465052521366162 -0.11410249489340371 4.0688158002452495 -0.8289723718760259 -2.0157489203587007 1 CAMERA 1 1430
1431 1 -0.45552539674960529 -0.014404905102043519 0.88039445082712176 0.13112864895943382 4.2744963000108447 -0.97601709040405638 -1.4406291366668971 1 CAMERA 1 1431
1432 1 -0.41146597432151399 -0.013975725181205266 0.90166251592158153 0.13230698569338872 4.3787369741851458 -1.041181053900351 -1.0212167167106776 1 CAMERA 1 1432
1433 1 -0.39512828678739176 -0.011830456555346407 0.9086476941579843 0.13451039060061834 4.4017889099887659 -1.0865536442774717 -0.87351601945637758 1 CAMERA 1 1433
1434 1 -0.42283867161418087 -0.024040674179454956 0.89757104083105366 0.1224570554684828 4.3890520815517444 -0.92442826806051959 -1.112745918912835 1 CAMERA 1 1434
1435 1 -0.46596884340760863 -0.018450835096620991 0.87996761599482265 0.090496400248857412 4.3012814371554189 -0.8797292803040212 -1.4646448102212191 1 CAMERA 1 1435
1436 1 0.51066882181802298 0.0037017378634220852 -0.85612464157256873 -0.079083814096334887 4.1290039943758625 -0.96052803075265603 -1.876488898270082 1 CAMERA 1 1436
1437 1 0.56472663199053696 -0.0083781538193195108 -0.82217984275468869 -0.070950291240273994 3.856315187565714 -1.0231168187146198 -2.3774667028651186 1 CAMERA 1 1437
1438 1 0.62241671304721446 -0.00042611389854475053 -0.78057380013542144 -0.057461259023745236 3.5240009559917254 -0.90906249736535627 -2.8979976204297233 1 CAMERA 1 1438
1439 1 0.69003415306785754 0.013933703283767022 -0.72173903586148058 -0.052454586324410135 2.9921303911983292 -0.73724308748191725 -3.4970151732813934 1 CAMERA 1 1439
1440 1 0.77284249914283976 -0.015510568369681354 -0.63319039808703204 -0.039291392923707001 2.0542184279105333 -0.97379049321475919 -4.078507007830698 1 CAMERA 1 1440
1441 1 0.81272029560223846 -0.017467806547296752 -0.58193631305083227 -0.023037456531486242 1.5352138808117364 -1.0096003467092127 -4.3002362162676029 1 CAMERA 1 1441
1442 1 0.83424170573901357 -0.018849697224997727 -0.55096061597420676 -0.011307739186493112 1.2255755225870633 -1.0474299588481377 -4.398468642556657 1 CAMERA 1 1442
1443 1 0.85322307980594003 -0.019500948653208918 -0.52070670263366503 -0.02224002968675548 0.88882274997583144 -1.0144447140546549 -4.4953931021368074 1 CAMERA 1 1443
1444 1 0.86525991246326484 -0.022908357313789578 -0.50015514240948999 -0.025403239371974369 0.66224229368177112 -1.0278475509144271 -4.5395953811742373 1 CAMERA 1 1444
1445 1 0.85990791631533992 -0.0035836136950947034 -0.509931366157649 -0.022705395387190724 0.788517152012154 -0.87377824076192057 -4.5582982207736302 1 CAMERA 1 1445
1446 1 0.85563513543428815 -0.0020959357444988243 -0.51667303437236856 -0.030546646561471352 0.84935323531515161 -0.83741491123975653 -4.5602220029045224 1 CAMERA 1 1446
1447 1 0.86431048935159771 0.00057646522883007866 -0.50081051752155215 -0.046431360355226374 0.66324870654097967 -0.75586534091324864 -4.6112275010679076 1 CAMERA 1 1447
1448 1 0.86819085590273626 -0.0040560359163568128 -0.49398486480405251 -0.046980204810552192 0.5820756560850483 -0.79099120414448898 -4.6218518141839775 1 CAMERA 1 1448
1449 1 0.867227656533472 -0.0011567085545849097 -0.49711018422032816 -0.028219116095540689 0.63834312112357794 -0.83332905887305164 -4.611726423217025 1 CAMERA 1 1449
1450 1 0.86559448503555725 0.0086658574771517009 -0.50014868109143873 -0.022855791229111119 0.68584084611888263 -0.7688737605774093 -4.6206640666650225 1 CAMERA 1 1450
1451 1 0.87132479639703653 0.013432580945269558 -0.48999848640259591 -0.022674837948187219 0.58254895255708117 -0.72692823359348013 -4.6473196150629503 1 CAMERA 1 1451
1452 1 0.87883716899273834 0.0088406325375673667 -0.47678843903811768 -0.015487350088373208 0.44893755965523485 -0.79067057577428146 -4.6584713975288778 1 CAMERA 1 1452
1453 1 0.88589368026032211 0.0071181569451829983 -0.46324464410377914 -0.023369185387792452 0.29436740089647423 -0.7742219829545478 -4.6803163462008106 1 CAMERA 1 1453
1454 1 0.88723295463945961 0.0061617217468537848 -0.46043213753055662 -0.027963621294312454 0.25773530740313277 -0.76439736216025789 -4.6903190645821553 1 CAMERA 1 1454
1455 1 0.88784069693387857 0.006007303331527953 -0.45929013737179847 -0.027484157029863673 0.24524320494540117 -0.76772973551230683 -4.6963077989415289 1 CAMERA 1 1455
1456 1 0.88792023982979751 -0.016204614676463343 -0.4596266335686891 -0.0088552740271666125 0.25262091054058178 -1.0283464378868541 -4.6516016771198663 1 CAMERA 1 1456
1457 1 0.86401115711762566 -0.030814106783638939 -0.50237743204097618 0.012333976459454166 0.72462196500624321 -1.2314782560216202 -4.5582427033951944 1 CAMERA 1 1457
1458 1 0.83923790378634922 -0.039748715660155899 -0.54228206249056121 0.0054722164289950212 1.1252666449062638 -1.2887071284634402 -4.4690437665379914 1 CAMERA 1 1458
1459 1 0.81330299007286944 -0.054159310828620827 -0.57930828940713852 0.0026308198863153436 1.4974263862745234 -1.4108142383625373 -4.3282010017947918 1 CAMERA 1 1459
1460 1 0.77511593288748104 -0.054459666160918623 -0.62946747542263559 -0.00036432219968812615 2.0272345791535646 -1.4130871668101752 -4.1117265972716739 1 CAMERA 1 1460
1461 1 0.7406918215857794 -0.048850398616177543 -0.67005568349354805 -0.0038268797961977796 2.4596550836011288 -1.3628306746153036 -3.8913836366097123 1 CAMERA 1 1461
1462 1 0.71123246449820388 -0.03044764280260108 -0.70214994234767247 -0.014379880136373497 2.8089830325887482 -1.1866238558915445 -3.7132140710477368 1 CAMERA 1 1462
1463 1 0.69882347955664847 -0.028880763117166881 -0.71457908139319493 -0.013725245985642388 2.9415571176409685 -1.1767186010353983 -3.617404864561824 1 CAMERA 1 1463
1464 1 0.68606033001325084 -0.020004095717571228 -0.72648103670596242 -0.033857983449428385 3.055058324812074 -1.0803544028100105 -3.5586688849042685 1 CAMERA 1 1464
1465 1 0.68157522311813579 -0.021465376637855214 -0.73124909961749285 0.016407533204747457 3.170086328305429 -1.1389962480931126 -3.4457016233740245 1 CAMERA 1 1465
1466 1 0.66815182491093317 -0.01811368251468647 -0.74380409855489393 0.00070451890590945596 3.281743045291031 -1.0978880874637431 -3.3620985849278875 1 CAMERA 1 1466
1467 1 0.64863482653415061 -0.030716663670799185 -0.7604474624099965 -0.0070003781429667112 3.4202641533013893 -1.2140032717257112 -3.1878370526573976 1 CAMERA 1 1467
1468 1 0.66625305307886207 -0.014795753567544147 -0.74439036799491853 0.042082478252276574 3.3606144722926063 -1.0926700934590685 -3.3028365641518223 1 CAMERA 1 1468
1469 1 0.68418047588861663 0.010124556579457791 -0.72829462220786667 0.037168710362293987 3.2216296083805855 -0.86629425163401597 -3.5114306254333512 1 CAMERA 1 1469
1470 1 0.68124248728712911 -0.0080320829598741084 -0.73109011014092884 0.036761528971141211 3.231935237377848 -1.0385503276837331 -3.4630312980762321 1 CAMERA 1 1470
1471 1 0.67382993025544413 -0.017984833466570784 -0.73696773100480739 0.05008327380222994 3.3063768910606868 -1.1382848704722341 -3.3685994959497716 1 CAMERA 1 1471
1472 1 0.67295762701894735 -0.013256269726446682 -0.73776845272143954 0.051478283955276642 3.3264470050068686 -1.0953090873841611 -3.3708756352119891 1 CAMERA 1 1472
1473 1 0.69339329593332666 -0.011064300645137432 -0.71794288929727268 0.060343401573297428 3.1476614924828805 -1.0951013094277222 -3.5472563218113842 1 CAMERA 1 1473
1474 1 0.7169096395234964 -0.013282251673378737 -0.69436812393658509 0.060967688241908638 2.9064951947704549 -1.1348458537189807 -3.7444010081012951 1 CAMERA 1 1474
1475 1 0.71725680687018833 -0.014660014274321028 -0.69365016701757631 0.064631283263963168 2.9081668857415619 -1.1531429006078304 -3.7441095445439738 1 CAMERA 1 1475
1476 1 0.70672067616870116 0.0040176403244371033 -0.70484389923536872 0.061031321078267031 3.0403472902958217 -0.96582162619887402 -3.6975997321398695 1 CAMERA 1 1476
1477 1 0.71048957346083719 -0.0099624962547174428 -0.69875041743301269 0.082783868048086046 3.0118250018313328 -1.1252656476552705 -3.6804631770810801 1 CAMERA 1 1477
1478 1 0.74204185840019854 0.0040348420121990077 -0.66523400160894275 0.082591304235188304 2.6722637097533561 -1.0303211987347229 -3.9626441713556728 1 CAMERA 1 1478
1479 1 0.77904303004291309 0.0069179202675453098 -0.62241880332361543 0.07509282915117356 2.1985231516754111 -1.033937509784514 -4.2448098319608887 1 CAMERA 1 1479
1480 1 0.81291994814286028 -0.0041957231430985176 -0.57749540465253746 0.0751173177364442 1.702617752761129 -1.1777823481417451 -4.4324044519927606 1 CAMERA 1 1480
1481 1 0.82907410671777071 0.0094349871602130084 -0.55570450783282888 0.061152322618939804 1.4409221595754769 -1.0364240909750744 -4.5586856875457196 1 CAMERA 1 1481
1482 1 0.81539583048237785 0.025119932683898231 -0.57656828120999848 0.045471372493668477 1.6489060030088996 -0.83836964341092668 -4.5288516707191775 1 CAMERA 1 1482
1483 1 0.80179038510661305 0.052069385978504072 -0.59533189576494971 -0.00094407590895345987 1.8072007013765454 -0.46277653968989491 -4.5218755765741312 1 CAMERA 1 1483
1484 1 0.81335320961427193 0.075532472221551294 -0.57668406336238054 -0.013670885637625637 1.603521534942153 -0.21034796135270378 -4.6173613492285028 1 CAMERA 1 1484
1485 1 0.7964826009804834 0.14118916554512287 -0.58647405110605055 -0.041584531346327759 1.7496411650340116 0.48661562210901832 -4.5449573138418087 1 CAMERA 1 1485
1486 1 0.78436315524974332 0.15727669516410311 -0.59746248819894487 -0.05547122713669194 1.8855709226147324 0.67420054813669772 -4.4684828573989055 1 CAMERA 1 1486
1487 1 0.7854563194440759 0.16614572636234282 -0.59488378967533007 -0.039588440717120837 1.8634241079839708 0.71990428554311636 -4.4732966154778433 1 CAMERA 1 1487
